00:03:44.309 [background-preinit] INFO  o.h.v.i.util.Version - [<clinit>,21] - HV000001: Hibernate Validator 8.0.0.Final
00:03:44.751 [main] INFO  c.a.n.c.u.ParamUtil - [<clinit>,87] - [settings] [req-serv] nacos-server port:8848
00:03:44.752 [main] INFO  c.a.n.c.u.ParamUtil - [<clinit>,98] - [settings] [http-client] connect timeout:1000
00:03:44.753 [main] INFO  c.a.n.c.u.ParamUtil - [<clinit>,105] - PER_TASK_CONFIG_SIZE: 3000.0
00:03:44.782 [main] INFO  c.a.n.p.a.s.c.ClientAuthPluginManager - [init,56] - [ClientAuthPluginManager] Load ClientAuthService com.alibaba.nacos.client.auth.impl.NacosClientAuthServiceImpl success.
00:03:44.782 [main] INFO  c.a.n.p.a.s.c.ClientAuthPluginManager - [init,56] - [ClientAuthPluginManager] Load ClientAuthService com.alibaba.nacos.client.auth.ram.RamClientAuthServiceImpl success.
00:03:44.796 [main] INFO  c.a.n.c.a.r.i.CredentialWatcher - [loadCredential,165] - null No credential found
00:03:45.316 [main] INFO  c.a.n.c.c.i.LocalConfigInfoProcessor - [<clinit>,63] - LOCAL_SNAPSHOT_PATH:C:\Users\22129\nacos\config
00:03:45.321 [main] INFO  c.a.n.c.r.client - [lambda$createClient$0,108] - [RpcClientFactory] create a new rpc client of e23e4366-e1e5-4b2d-9823-903c6ef0eb6f_config-0
00:03:45.339 [main] INFO  c.a.n.c.r.client - [printIfInfoEnabled,63] - [e23e4366-e1e5-4b2d-9823-903c6ef0eb6f_config-0] Register server push request handler:com.alibaba.nacos.client.config.impl.ClientWorker$ConfigRpcTransportClient$$Lambda$580/0x000002798136c338
00:03:45.340 [main] INFO  c.a.n.c.r.client - [printIfInfoEnabled,63] - [e23e4366-e1e5-4b2d-9823-903c6ef0eb6f_config-0] Register server push request handler:com.alibaba.nacos.client.config.impl.ClientWorker$ConfigRpcTransportClient$$Lambda$581/0x000002798136c758
00:03:45.340 [main] INFO  c.a.n.c.r.client - [printIfInfoEnabled,63] - [e23e4366-e1e5-4b2d-9823-903c6ef0eb6f_config-0] Registry connection listener to current client:com.alibaba.nacos.client.config.impl.ClientWorker$ConfigRpcTransportClient$1
00:03:45.341 [main] INFO  c.a.n.c.r.client - [printIfInfoEnabled,63] - [e23e4366-e1e5-4b2d-9823-903c6ef0eb6f_config-0] RpcClient init, ServerListFactory = com.alibaba.nacos.client.config.impl.ClientWorker$ConfigRpcTransportClient$2
00:03:45.351 [main] INFO  c.a.n.c.r.client - [printIfInfoEnabled,63] - [e23e4366-e1e5-4b2d-9823-903c6ef0eb6f_config-0] Try to connect to server on start up, server: {serverIp = '47.118.20.7', server main port = 8848}
00:03:45.392 [main] INFO  c.a.n.c.r.c.g.GrpcClient - [createNewManagedChannel,182] - grpc client connection server:47.118.20.7 ip,serverPort:9848,grpcTslConfig:{"sslProvider":"OPENSSL","enableTls":false,"mutualAuthEnable":false,"trustAll":false}
00:03:49.190 [main] INFO  c.a.n.c.r.client - [printIfInfoEnabled,63] - [e23e4366-e1e5-4b2d-9823-903c6ef0eb6f_config-0] Try to connect to server on start up, server: {serverIp = '47.118.20.7', server main port = 8848}
00:03:49.191 [main] INFO  c.a.n.c.r.c.g.GrpcClient - [createNewManagedChannel,182] - grpc client connection server:47.118.20.7 ip,serverPort:9848,grpcTslConfig:{"sslProvider":"OPENSSL","enableTls":false,"mutualAuthEnable":false,"trustAll":false}
00:03:52.204 [main] INFO  c.a.n.c.r.client - [printIfInfoEnabled,63] - [e23e4366-e1e5-4b2d-9823-903c6ef0eb6f_config-0] Try to connect to server on start up, server: {serverIp = '47.118.20.7', server main port = 8848}
00:03:52.205 [main] INFO  c.a.n.c.r.c.g.GrpcClient - [createNewManagedChannel,182] - grpc client connection server:47.118.20.7 ip,serverPort:9848,grpcTslConfig:{"sslProvider":"OPENSSL","enableTls":false,"mutualAuthEnable":false,"trustAll":false}
00:03:55.224 [com.alibaba.nacos.client.remote.worker] INFO  c.a.n.c.r.client - [printIfInfoEnabled,63] - [e23e4366-e1e5-4b2d-9823-903c6ef0eb6f_config-0] Try to reconnect to a new server, server is  not appointed, will choose a random server.
00:03:55.225 [main] INFO  c.a.n.c.r.client - [printIfInfoEnabled,63] - [e23e4366-e1e5-4b2d-9823-903c6ef0eb6f_config-0] Register server push request handler:com.alibaba.nacos.common.remote.client.RpcClient$ConnectResetRequestHandler
00:03:55.225 [com.alibaba.nacos.client.remote.worker] INFO  c.a.n.c.r.c.g.GrpcClient - [createNewManagedChannel,182] - grpc client connection server:47.118.20.7 ip,serverPort:9848,grpcTslConfig:{"sslProvider":"OPENSSL","enableTls":false,"mutualAuthEnable":false,"trustAll":false}
00:03:55.226 [main] INFO  c.a.n.c.r.client - [printIfInfoEnabled,63] - [e23e4366-e1e5-4b2d-9823-903c6ef0eb6f_config-0] Register server push request handler:com.alibaba.nacos.common.remote.client.RpcClient$$Lambda$601/0x00000279814a7b18
00:03:55.261 [main] INFO  c.a.n.c.c.i.Limiter - [<clinit>,62] - limitTime:5.0
00:03:56.267 [main] INFO  c.a.n.c.c.u.JvmUtil - [<clinit>,54] - isMultiInstance:false
00:03:56.277 [main] INFO  o.s.c.b.c.PropertySourceBootstrapConfiguration - [initialize,108] - Located property source: [BootstrapPropertySource {name='bootstrapProperties-oj-gateway-local.yaml,DEFAULT_GROUP'}, BootstrapPropertySource {name='bootstrapProperties-oj-gateway.yaml,DEFAULT_GROUP'}, BootstrapPropertySource {name='bootstrapProperties-oj-gateway,DEFAULT_GROUP'}]
00:03:56.283 [main] INFO  c.e.g.OjGatewayApplication - [logStartupProfileInfo,636] - The following 1 profile is active: "local"
00:03:56.866 [main] INFO  o.s.d.r.c.RepositoryConfigurationDelegate - [multipleStoresDetected,294] - Multiple Spring Data modules found, entering strict repository configuration mode
00:03:56.868 [main] INFO  o.s.d.r.c.RepositoryConfigurationDelegate - [registerRepositoriesIn,138] - Bootstrapping Spring Data Redis repositories in DEFAULT mode.
00:03:56.888 [main] INFO  o.s.d.r.c.RepositoryConfigurationDelegate - [registerRepositoriesIn,208] - Finished Spring Data repository scanning in 7 ms. Found 0 Redis repository interfaces.
00:03:57.061 [main] INFO  o.s.c.c.s.GenericScope - [setSerializationId,282] - BeanFactory id=dc7b5270-972b-330a-b3e7-0058e7c48e87
00:03:57.121 [main] INFO  o.s.c.s.PostProcessorRegistrationDelegate$BeanPostProcessorChecker - [postProcessAfterInitialization,409] - Bean 'org.springframework.cloud.client.loadbalancer.reactive.LoadBalancerBeanPostProcessorAutoConfiguration' of type [org.springframework.cloud.client.loadbalancer.reactive.LoadBalancerBeanPostProcessorAutoConfiguration] is not eligible for getting processed by all BeanPostProcessors (for example: not eligible for auto-proxying)
00:03:57.122 [main] INFO  o.s.c.s.PostProcessorRegistrationDelegate$BeanPostProcessorChecker - [postProcessAfterInitialization,409] - Bean 'org.springframework.cloud.client.loadbalancer.reactive.LoadBalancerBeanPostProcessorAutoConfiguration$ReactorDeferringLoadBalancerFilterConfig' of type [org.springframework.cloud.client.loadbalancer.reactive.LoadBalancerBeanPostProcessorAutoConfiguration$ReactorDeferringLoadBalancerFilterConfig] is not eligible for getting processed by all BeanPostProcessors (for example: not eligible for auto-proxying)
00:03:57.123 [main] INFO  o.s.c.s.PostProcessorRegistrationDelegate$BeanPostProcessorChecker - [postProcessAfterInitialization,409] - Bean 'reactorDeferringLoadBalancerExchangeFilterFunction' of type [org.springframework.cloud.client.loadbalancer.reactive.DeferringLoadBalancerExchangeFilterFunction] is not eligible for getting processed by all BeanPostProcessors (for example: not eligible for auto-proxying)
00:03:57.363 [main] INFO  o.s.b.w.e.t.TomcatWebServer - [initialize,108] - Tomcat initialized with port(s): 19090 (http)
00:03:57.375 [main] INFO  o.a.c.h.Http11NioProtocol - [log,173] - Initializing ProtocolHandler ["http-nio-19090"]
00:03:57.375 [main] INFO  o.a.c.c.StandardService - [log,173] - Starting service [Tomcat]
00:03:57.376 [main] INFO  o.a.c.c.StandardEngine - [log,173] - Starting Servlet engine: [Apache Tomcat/10.1.4]
00:03:57.481 [main] INFO  o.a.c.c.C.[.[.[/] - [log,173] - Initializing Spring embedded WebApplicationContext
00:03:57.481 [main] INFO  o.s.b.w.s.c.ServletWebServerApplicationContext - [prepareWebApplicationContext,291] - Root WebApplicationContext: initialization completed in 1185 ms
00:03:57.573 [main] INFO  o.a.c.c.StandardService - [log,173] - Stopping service [Tomcat]
00:03:57.589 [main] INFO  o.s.b.a.l.ConditionEvaluationReportLogger - [logMessage,82] - 

Error starting ApplicationContext. To display the condition evaluation report re-run your application with 'debug' enabled.
00:08:14.209 [background-preinit] INFO  o.h.v.i.util.Version - [<clinit>,21] - HV000001: Hibernate Validator 8.0.0.Final
00:08:14.613 [main] INFO  c.a.n.c.u.ParamUtil - [<clinit>,87] - [settings] [req-serv] nacos-server port:8848
00:08:14.614 [main] INFO  c.a.n.c.u.ParamUtil - [<clinit>,98] - [settings] [http-client] connect timeout:1000
00:08:14.614 [main] INFO  c.a.n.c.u.ParamUtil - [<clinit>,105] - PER_TASK_CONFIG_SIZE: 3000.0
00:08:14.647 [main] INFO  c.a.n.p.a.s.c.ClientAuthPluginManager - [init,56] - [ClientAuthPluginManager] Load ClientAuthService com.alibaba.nacos.client.auth.impl.NacosClientAuthServiceImpl success.
00:08:14.647 [main] INFO  c.a.n.p.a.s.c.ClientAuthPluginManager - [init,56] - [ClientAuthPluginManager] Load ClientAuthService com.alibaba.nacos.client.auth.ram.RamClientAuthServiceImpl success.
00:08:14.651 [main] INFO  c.a.n.c.a.r.i.CredentialWatcher - [loadCredential,165] - null No credential found
00:08:15.211 [main] INFO  c.a.n.c.c.i.LocalConfigInfoProcessor - [<clinit>,63] - LOCAL_SNAPSHOT_PATH:C:\Users\22129\nacos\config
00:08:15.216 [main] INFO  c.a.n.c.r.client - [lambda$createClient$0,108] - [RpcClientFactory] create a new rpc client of 52544cb6-d312-4433-aa53-ba4a72b71781_config-0
00:08:15.244 [main] INFO  c.a.n.c.r.client - [printIfInfoEnabled,63] - [52544cb6-d312-4433-aa53-ba4a72b71781_config-0] Register server push request handler:com.alibaba.nacos.client.config.impl.ClientWorker$ConfigRpcTransportClient$$Lambda$580/0x0000023acb36b3e0
00:08:15.244 [main] INFO  c.a.n.c.r.client - [printIfInfoEnabled,63] - [52544cb6-d312-4433-aa53-ba4a72b71781_config-0] Register server push request handler:com.alibaba.nacos.client.config.impl.ClientWorker$ConfigRpcTransportClient$$Lambda$581/0x0000023acb36b800
00:08:15.246 [main] INFO  c.a.n.c.r.client - [printIfInfoEnabled,63] - [52544cb6-d312-4433-aa53-ba4a72b71781_config-0] Registry connection listener to current client:com.alibaba.nacos.client.config.impl.ClientWorker$ConfigRpcTransportClient$1
00:08:15.247 [main] INFO  c.a.n.c.r.client - [printIfInfoEnabled,63] - [52544cb6-d312-4433-aa53-ba4a72b71781_config-0] RpcClient init, ServerListFactory = com.alibaba.nacos.client.config.impl.ClientWorker$ConfigRpcTransportClient$2
00:08:15.258 [main] INFO  c.a.n.c.r.client - [printIfInfoEnabled,63] - [52544cb6-d312-4433-aa53-ba4a72b71781_config-0] Try to connect to server on start up, server: {serverIp = '47.118.20.7', server main port = 8848}
00:08:15.306 [main] INFO  c.a.n.c.r.c.g.GrpcClient - [createNewManagedChannel,182] - grpc client connection server:47.118.20.7 ip,serverPort:9848,grpcTslConfig:{"sslProvider":"OPENSSL","enableTls":false,"mutualAuthEnable":false,"trustAll":false}
00:08:19.126 [main] INFO  c.a.n.c.r.client - [printIfInfoEnabled,63] - [52544cb6-d312-4433-aa53-ba4a72b71781_config-0] Try to connect to server on start up, server: {serverIp = '47.118.20.7', server main port = 8848}
00:08:19.127 [main] INFO  c.a.n.c.r.c.g.GrpcClient - [createNewManagedChannel,182] - grpc client connection server:47.118.20.7 ip,serverPort:9848,grpcTslConfig:{"sslProvider":"OPENSSL","enableTls":false,"mutualAuthEnable":false,"trustAll":false}
00:08:22.149 [main] INFO  c.a.n.c.r.client - [printIfInfoEnabled,63] - [52544cb6-d312-4433-aa53-ba4a72b71781_config-0] Try to connect to server on start up, server: {serverIp = '47.118.20.7', server main port = 8848}
00:08:22.150 [main] INFO  c.a.n.c.r.c.g.GrpcClient - [createNewManagedChannel,182] - grpc client connection server:47.118.20.7 ip,serverPort:9848,grpcTslConfig:{"sslProvider":"OPENSSL","enableTls":false,"mutualAuthEnable":false,"trustAll":false}
00:08:25.168 [com.alibaba.nacos.client.remote.worker] INFO  c.a.n.c.r.client - [printIfInfoEnabled,63] - [52544cb6-d312-4433-aa53-ba4a72b71781_config-0] Try to reconnect to a new server, server is  not appointed, will choose a random server.
00:08:25.169 [com.alibaba.nacos.client.remote.worker] INFO  c.a.n.c.r.c.g.GrpcClient - [createNewManagedChannel,182] - grpc client connection server:47.118.20.7 ip,serverPort:9848,grpcTslConfig:{"sslProvider":"OPENSSL","enableTls":false,"mutualAuthEnable":false,"trustAll":false}
00:08:25.169 [main] INFO  c.a.n.c.r.client - [printIfInfoEnabled,63] - [52544cb6-d312-4433-aa53-ba4a72b71781_config-0] Register server push request handler:com.alibaba.nacos.common.remote.client.RpcClient$ConnectResetRequestHandler
00:08:25.170 [main] INFO  c.a.n.c.r.client - [printIfInfoEnabled,63] - [52544cb6-d312-4433-aa53-ba4a72b71781_config-0] Register server push request handler:com.alibaba.nacos.common.remote.client.RpcClient$$Lambda$601/0x0000023acb4c36d8
00:08:25.236 [main] INFO  c.a.n.c.c.i.Limiter - [<clinit>,62] - limitTime:5.0
00:08:26.257 [main] INFO  c.a.n.c.c.u.JvmUtil - [<clinit>,54] - isMultiInstance:false
00:08:26.272 [main] INFO  o.s.c.b.c.PropertySourceBootstrapConfiguration - [initialize,108] - Located property source: [BootstrapPropertySource {name='bootstrapProperties-oj-gateway-local.yaml,DEFAULT_GROUP'}, BootstrapPropertySource {name='bootstrapProperties-oj-gateway.yaml,DEFAULT_GROUP'}, BootstrapPropertySource {name='bootstrapProperties-oj-gateway,DEFAULT_GROUP'}]
00:08:26.286 [main] INFO  c.e.g.OjGatewayApplication - [logStartupProfileInfo,636] - The following 1 profile is active: "local"
00:08:27.358 [main] INFO  o.s.d.r.c.RepositoryConfigurationDelegate - [multipleStoresDetected,294] - Multiple Spring Data modules found, entering strict repository configuration mode
00:08:27.363 [main] INFO  o.s.d.r.c.RepositoryConfigurationDelegate - [registerRepositoriesIn,138] - Bootstrapping Spring Data Redis repositories in DEFAULT mode.
00:08:27.407 [main] INFO  o.s.d.r.c.RepositoryConfigurationDelegate - [registerRepositoriesIn,208] - Finished Spring Data repository scanning in 20 ms. Found 0 Redis repository interfaces.
00:08:27.729 [main] INFO  o.s.c.c.s.GenericScope - [setSerializationId,282] - BeanFactory id=dc7b5270-972b-330a-b3e7-0058e7c48e87
00:08:27.832 [main] INFO  o.s.c.s.PostProcessorRegistrationDelegate$BeanPostProcessorChecker - [postProcessAfterInitialization,409] - Bean 'org.springframework.cloud.client.loadbalancer.reactive.LoadBalancerBeanPostProcessorAutoConfiguration' of type [org.springframework.cloud.client.loadbalancer.reactive.LoadBalancerBeanPostProcessorAutoConfiguration] is not eligible for getting processed by all BeanPostProcessors (for example: not eligible for auto-proxying)
00:08:27.834 [main] INFO  o.s.c.s.PostProcessorRegistrationDelegate$BeanPostProcessorChecker - [postProcessAfterInitialization,409] - Bean 'org.springframework.cloud.client.loadbalancer.reactive.LoadBalancerBeanPostProcessorAutoConfiguration$ReactorDeferringLoadBalancerFilterConfig' of type [org.springframework.cloud.client.loadbalancer.reactive.LoadBalancerBeanPostProcessorAutoConfiguration$ReactorDeferringLoadBalancerFilterConfig] is not eligible for getting processed by all BeanPostProcessors (for example: not eligible for auto-proxying)
00:08:27.836 [main] INFO  o.s.c.s.PostProcessorRegistrationDelegate$BeanPostProcessorChecker - [postProcessAfterInitialization,409] - Bean 'reactorDeferringLoadBalancerExchangeFilterFunction' of type [org.springframework.cloud.client.loadbalancer.reactive.DeferringLoadBalancerExchangeFilterFunction] is not eligible for getting processed by all BeanPostProcessors (for example: not eligible for auto-proxying)
00:08:28.282 [com.alibaba.nacos.client.remote.worker] INFO  c.a.n.c.r.c.g.GrpcClient - [createNewManagedChannel,182] - grpc client connection server:47.118.20.7 ip,serverPort:9848,grpcTslConfig:{"sslProvider":"OPENSSL","enableTls":false,"mutualAuthEnable":false,"trustAll":false}
00:08:28.375 [main] INFO  o.s.b.w.e.t.TomcatWebServer - [initialize,108] - Tomcat initialized with port(s): 19090 (http)
00:08:28.393 [main] INFO  o.a.c.h.Http11NioProtocol - [log,173] - Initializing ProtocolHandler ["http-nio-19090"]
00:08:28.394 [main] INFO  o.a.c.c.StandardService - [log,173] - Starting service [Tomcat]
00:08:28.394 [main] INFO  o.a.c.c.StandardEngine - [log,173] - Starting Servlet engine: [Apache Tomcat/10.1.4]
00:08:28.553 [main] INFO  o.a.c.c.C.[.[.[/] - [log,173] - Initializing Spring embedded WebApplicationContext
00:08:28.554 [main] INFO  o.s.b.w.s.c.ServletWebServerApplicationContext - [prepareWebApplicationContext,291] - Root WebApplicationContext: initialization completed in 2245 ms
00:08:28.724 [main] INFO  o.a.c.c.StandardService - [log,173] - Stopping service [Tomcat]
00:08:28.750 [main] INFO  o.s.b.a.l.ConditionEvaluationReportLogger - [logMessage,82] - 

Error starting ApplicationContext. To display the condition evaluation report re-run your application with 'debug' enabled.
00:10:23.643 [background-preinit] INFO  o.h.v.i.util.Version - [<clinit>,21] - HV000001: Hibernate Validator 8.0.0.Final
00:10:23.932 [main] INFO  c.a.n.c.u.ParamUtil - [<clinit>,87] - [settings] [req-serv] nacos-server port:8848
00:10:23.932 [main] INFO  c.a.n.c.u.ParamUtil - [<clinit>,98] - [settings] [http-client] connect timeout:1000
00:10:23.933 [main] INFO  c.a.n.c.u.ParamUtil - [<clinit>,105] - PER_TASK_CONFIG_SIZE: 3000.0
00:10:23.958 [main] INFO  c.a.n.p.a.s.c.ClientAuthPluginManager - [init,56] - [ClientAuthPluginManager] Load ClientAuthService com.alibaba.nacos.client.auth.impl.NacosClientAuthServiceImpl success.
00:10:23.958 [main] INFO  c.a.n.p.a.s.c.ClientAuthPluginManager - [init,56] - [ClientAuthPluginManager] Load ClientAuthService com.alibaba.nacos.client.auth.ram.RamClientAuthServiceImpl success.
00:10:23.960 [main] INFO  c.a.n.c.a.r.i.CredentialWatcher - [loadCredential,165] - null No credential found
00:10:24.343 [main] INFO  c.a.n.c.c.i.LocalConfigInfoProcessor - [<clinit>,63] - LOCAL_SNAPSHOT_PATH:C:\Users\22129\nacos\config
00:10:24.346 [main] INFO  c.a.n.c.r.client - [lambda$createClient$0,108] - [RpcClientFactory] create a new rpc client of cab89715-6099-4b04-9d9e-b93a89ef6430_config-0
00:10:24.360 [main] INFO  c.a.n.c.r.client - [printIfInfoEnabled,63] - [cab89715-6099-4b04-9d9e-b93a89ef6430_config-0] Register server push request handler:com.alibaba.nacos.client.config.impl.ClientWorker$ConfigRpcTransportClient$$Lambda$580/0x00000274d736c068
00:10:24.361 [main] INFO  c.a.n.c.r.client - [printIfInfoEnabled,63] - [cab89715-6099-4b04-9d9e-b93a89ef6430_config-0] Register server push request handler:com.alibaba.nacos.client.config.impl.ClientWorker$ConfigRpcTransportClient$$Lambda$581/0x00000274d736c488
00:10:24.361 [main] INFO  c.a.n.c.r.client - [printIfInfoEnabled,63] - [cab89715-6099-4b04-9d9e-b93a89ef6430_config-0] Registry connection listener to current client:com.alibaba.nacos.client.config.impl.ClientWorker$ConfigRpcTransportClient$1
00:10:24.362 [main] INFO  c.a.n.c.r.client - [printIfInfoEnabled,63] - [cab89715-6099-4b04-9d9e-b93a89ef6430_config-0] RpcClient init, ServerListFactory = com.alibaba.nacos.client.config.impl.ClientWorker$ConfigRpcTransportClient$2
00:10:24.368 [main] INFO  c.a.n.c.r.client - [printIfInfoEnabled,63] - [cab89715-6099-4b04-9d9e-b93a89ef6430_config-0] Try to connect to server on start up, server: {serverIp = '47.118.20.7', server main port = 8848}
00:10:24.399 [main] INFO  c.a.n.c.r.c.g.GrpcClient - [createNewManagedChannel,182] - grpc client connection server:47.118.20.7 ip,serverPort:9848,grpcTslConfig:{"sslProvider":"OPENSSL","enableTls":false,"mutualAuthEnable":false,"trustAll":false}
00:10:28.201 [main] INFO  c.a.n.c.r.client - [printIfInfoEnabled,63] - [cab89715-6099-4b04-9d9e-b93a89ef6430_config-0] Try to connect to server on start up, server: {serverIp = '47.118.20.7', server main port = 8848}
00:10:28.203 [main] INFO  c.a.n.c.r.c.g.GrpcClient - [createNewManagedChannel,182] - grpc client connection server:47.118.20.7 ip,serverPort:9848,grpcTslConfig:{"sslProvider":"OPENSSL","enableTls":false,"mutualAuthEnable":false,"trustAll":false}
00:10:31.218 [main] INFO  c.a.n.c.r.client - [printIfInfoEnabled,63] - [cab89715-6099-4b04-9d9e-b93a89ef6430_config-0] Try to connect to server on start up, server: {serverIp = '47.118.20.7', server main port = 8848}
00:10:31.219 [main] INFO  c.a.n.c.r.c.g.GrpcClient - [createNewManagedChannel,182] - grpc client connection server:47.118.20.7 ip,serverPort:9848,grpcTslConfig:{"sslProvider":"OPENSSL","enableTls":false,"mutualAuthEnable":false,"trustAll":false}
00:10:34.230 [com.alibaba.nacos.client.remote.worker] INFO  c.a.n.c.r.client - [printIfInfoEnabled,63] - [cab89715-6099-4b04-9d9e-b93a89ef6430_config-0] Try to reconnect to a new server, server is  not appointed, will choose a random server.
00:10:34.231 [main] INFO  c.a.n.c.r.client - [printIfInfoEnabled,63] - [cab89715-6099-4b04-9d9e-b93a89ef6430_config-0] Register server push request handler:com.alibaba.nacos.common.remote.client.RpcClient$ConnectResetRequestHandler
00:10:34.231 [com.alibaba.nacos.client.remote.worker] INFO  c.a.n.c.r.c.g.GrpcClient - [createNewManagedChannel,182] - grpc client connection server:47.118.20.7 ip,serverPort:9848,grpcTslConfig:{"sslProvider":"OPENSSL","enableTls":false,"mutualAuthEnable":false,"trustAll":false}
00:10:34.232 [main] INFO  c.a.n.c.r.client - [printIfInfoEnabled,63] - [cab89715-6099-4b04-9d9e-b93a89ef6430_config-0] Register server push request handler:com.alibaba.nacos.common.remote.client.RpcClient$$Lambda$601/0x00000274d74a3b48
00:10:34.288 [main] INFO  c.a.n.c.c.i.Limiter - [<clinit>,62] - limitTime:5.0
00:10:35.295 [main] INFO  c.a.n.c.c.u.JvmUtil - [<clinit>,54] - isMultiInstance:false
00:10:35.309 [main] INFO  o.s.c.b.c.PropertySourceBootstrapConfiguration - [initialize,108] - Located property source: [BootstrapPropertySource {name='bootstrapProperties-oj-gateway-local.yaml,DEFAULT_GROUP'}, BootstrapPropertySource {name='bootstrapProperties-oj-gateway.yaml,DEFAULT_GROUP'}, BootstrapPropertySource {name='bootstrapProperties-oj-gateway,DEFAULT_GROUP'}]
00:10:35.316 [main] INFO  c.e.g.OjGatewayApplication - [logStartupProfileInfo,636] - The following 1 profile is active: "local"
00:10:36.020 [main] INFO  o.s.d.r.c.RepositoryConfigurationDelegate - [multipleStoresDetected,294] - Multiple Spring Data modules found, entering strict repository configuration mode
00:10:36.030 [main] INFO  o.s.d.r.c.RepositoryConfigurationDelegate - [registerRepositoriesIn,138] - Bootstrapping Spring Data Redis repositories in DEFAULT mode.
00:10:36.080 [main] INFO  o.s.d.r.c.RepositoryConfigurationDelegate - [registerRepositoriesIn,208] - Finished Spring Data repository scanning in 24 ms. Found 0 Redis repository interfaces.
00:10:36.304 [main] INFO  o.s.c.c.s.GenericScope - [setSerializationId,282] - BeanFactory id=dc7b5270-972b-330a-b3e7-0058e7c48e87
00:10:36.368 [main] INFO  o.s.c.s.PostProcessorRegistrationDelegate$BeanPostProcessorChecker - [postProcessAfterInitialization,409] - Bean 'org.springframework.cloud.client.loadbalancer.reactive.LoadBalancerBeanPostProcessorAutoConfiguration' of type [org.springframework.cloud.client.loadbalancer.reactive.LoadBalancerBeanPostProcessorAutoConfiguration] is not eligible for getting processed by all BeanPostProcessors (for example: not eligible for auto-proxying)
00:10:36.370 [main] INFO  o.s.c.s.PostProcessorRegistrationDelegate$BeanPostProcessorChecker - [postProcessAfterInitialization,409] - Bean 'org.springframework.cloud.client.loadbalancer.reactive.LoadBalancerBeanPostProcessorAutoConfiguration$ReactorDeferringLoadBalancerFilterConfig' of type [org.springframework.cloud.client.loadbalancer.reactive.LoadBalancerBeanPostProcessorAutoConfiguration$ReactorDeferringLoadBalancerFilterConfig] is not eligible for getting processed by all BeanPostProcessors (for example: not eligible for auto-proxying)
00:10:36.371 [main] INFO  o.s.c.s.PostProcessorRegistrationDelegate$BeanPostProcessorChecker - [postProcessAfterInitialization,409] - Bean 'reactorDeferringLoadBalancerExchangeFilterFunction' of type [org.springframework.cloud.client.loadbalancer.reactive.DeferringLoadBalancerExchangeFilterFunction] is not eligible for getting processed by all BeanPostProcessors (for example: not eligible for auto-proxying)
00:10:36.724 [main] INFO  o.s.b.w.e.t.TomcatWebServer - [initialize,108] - Tomcat initialized with port(s): 19090 (http)
00:10:36.742 [main] INFO  o.a.c.h.Http11NioProtocol - [log,173] - Initializing ProtocolHandler ["http-nio-19090"]
00:10:36.743 [main] INFO  o.a.c.c.StandardService - [log,173] - Starting service [Tomcat]
00:10:36.743 [main] INFO  o.a.c.c.StandardEngine - [log,173] - Starting Servlet engine: [Apache Tomcat/10.1.4]
00:10:36.849 [main] INFO  o.a.c.c.C.[.[.[/] - [log,173] - Initializing Spring embedded WebApplicationContext
00:10:36.849 [main] INFO  o.s.b.w.s.c.ServletWebServerApplicationContext - [prepareWebApplicationContext,291] - Root WebApplicationContext: initialization completed in 1519 ms
00:10:36.965 [main] INFO  o.a.c.c.StandardService - [log,173] - Stopping service [Tomcat]
00:10:36.985 [main] INFO  o.s.b.a.l.ConditionEvaluationReportLogger - [logMessage,82] - 

Error starting ApplicationContext. To display the condition evaluation report re-run your application with 'debug' enabled.
11:40:39.036 [background-preinit] INFO  o.h.v.i.util.Version - [<clinit>,21] - HV000001: Hibernate Validator 8.0.0.Final
11:40:39.201 [main] INFO  c.a.n.c.u.ParamUtil - [<clinit>,87] - [settings] [req-serv] nacos-server port:8848
11:40:39.202 [main] INFO  c.a.n.c.u.ParamUtil - [<clinit>,98] - [settings] [http-client] connect timeout:1000
11:40:39.202 [main] INFO  c.a.n.c.u.ParamUtil - [<clinit>,105] - PER_TASK_CONFIG_SIZE: 3000.0
11:40:39.217 [main] INFO  c.a.n.p.a.s.c.ClientAuthPluginManager - [init,56] - [ClientAuthPluginManager] Load ClientAuthService com.alibaba.nacos.client.auth.impl.NacosClientAuthServiceImpl success.
11:40:39.217 [main] INFO  c.a.n.p.a.s.c.ClientAuthPluginManager - [init,56] - [ClientAuthPluginManager] Load ClientAuthService com.alibaba.nacos.client.auth.ram.RamClientAuthServiceImpl success.
11:40:39.219 [main] INFO  c.a.n.c.a.r.i.CredentialWatcher - [loadCredential,165] - null No credential found
11:40:40.487 [main] INFO  c.a.n.c.c.i.LocalConfigInfoProcessor - [<clinit>,63] - LOCAL_SNAPSHOT_PATH:C:\Users\22129\nacos\config
11:40:40.495 [main] INFO  c.a.n.c.r.client - [lambda$createClient$0,108] - [RpcClientFactory] create a new rpc client of e85acaad-3cb0-4620-bd3a-44a72fcc927f_config-0
11:40:40.534 [main] INFO  c.a.n.c.r.client - [printIfInfoEnabled,63] - [e85acaad-3cb0-4620-bd3a-44a72fcc927f_config-0] Register server push request handler:com.alibaba.nacos.client.config.impl.ClientWorker$ConfigRpcTransportClient$$Lambda$574/0x0000016181368658
11:40:40.535 [main] INFO  c.a.n.c.r.client - [printIfInfoEnabled,63] - [e85acaad-3cb0-4620-bd3a-44a72fcc927f_config-0] Register server push request handler:com.alibaba.nacos.client.config.impl.ClientWorker$ConfigRpcTransportClient$$Lambda$575/0x0000016181368a78
11:40:40.536 [main] INFO  c.a.n.c.r.client - [printIfInfoEnabled,63] - [e85acaad-3cb0-4620-bd3a-44a72fcc927f_config-0] Registry connection listener to current client:com.alibaba.nacos.client.config.impl.ClientWorker$ConfigRpcTransportClient$1
11:40:40.537 [main] INFO  c.a.n.c.r.client - [printIfInfoEnabled,63] - [e85acaad-3cb0-4620-bd3a-44a72fcc927f_config-0] RpcClient init, ServerListFactory = com.alibaba.nacos.client.config.impl.ClientWorker$ConfigRpcTransportClient$2
11:40:40.552 [main] INFO  c.a.n.c.r.client - [printIfInfoEnabled,63] - [e85acaad-3cb0-4620-bd3a-44a72fcc927f_config-0] Try to connect to server on start up, server: {serverIp = '47.118.20.7', server main port = 8848}
11:40:40.619 [main] INFO  c.a.n.c.r.c.g.GrpcClient - [createNewManagedChannel,182] - grpc client connection server:47.118.20.7 ip,serverPort:9848,grpcTslConfig:{"sslProvider":"OPENSSL","enableTls":false,"mutualAuthEnable":false,"trustAll":false}
11:40:42.760 [main] INFO  c.a.n.c.r.client - [printIfInfoEnabled,63] - [e85acaad-3cb0-4620-bd3a-44a72fcc927f_config-0] Success to connect to server [47.118.20.7:8848] on start up, connectionId = 1772768441625_182.150.122.45_2606
11:40:42.761 [com.alibaba.nacos.client.remote.worker] INFO  c.a.n.c.r.client - [printIfInfoEnabled,63] - [e85acaad-3cb0-4620-bd3a-44a72fcc927f_config-0] Notify connected event to listeners.
11:40:42.761 [com.alibaba.nacos.client.remote.worker] INFO  c.a.n.c.c.i.ClientWorker - [onConnected,639] - [e85acaad-3cb0-4620-bd3a-44a72fcc927f_config-0] Connected,notify listen context...
11:40:42.761 [main] INFO  c.a.n.c.r.client - [printIfInfoEnabled,63] - [e85acaad-3cb0-4620-bd3a-44a72fcc927f_config-0] Register server push request handler:com.alibaba.nacos.common.remote.client.RpcClient$ConnectResetRequestHandler
11:40:42.761 [main] INFO  c.a.n.c.r.client - [printIfInfoEnabled,63] - [e85acaad-3cb0-4620-bd3a-44a72fcc927f_config-0] Register server push request handler:com.alibaba.nacos.common.remote.client.RpcClient$$Lambda$596/0x00000161814cf890
11:40:42.817 [main] INFO  c.a.n.c.c.i.Limiter - [<clinit>,62] - limitTime:5.0
11:40:43.749 [main] INFO  c.a.n.c.c.u.JvmUtil - [<clinit>,54] - isMultiInstance:false
11:40:43.769 [main] INFO  o.s.c.b.c.PropertySourceBootstrapConfiguration - [initialize,108] - Located property source: [BootstrapPropertySource {name='bootstrapProperties-oj-gateway-local.yaml,DEFAULT_GROUP'}, BootstrapPropertySource {name='bootstrapProperties-oj-gateway.yaml,DEFAULT_GROUP'}, BootstrapPropertySource {name='bootstrapProperties-oj-gateway,DEFAULT_GROUP'}]
11:40:43.781 [main] INFO  c.e.g.OjGatewayApplication - [logStartupProfileInfo,636] - The following 1 profile is active: "local"
11:40:44.563 [main] INFO  o.s.d.r.c.RepositoryConfigurationDelegate - [multipleStoresDetected,294] - Multiple Spring Data modules found, entering strict repository configuration mode
11:40:44.567 [main] INFO  o.s.d.r.c.RepositoryConfigurationDelegate - [registerRepositoriesIn,138] - Bootstrapping Spring Data Redis repositories in DEFAULT mode.
11:40:44.598 [main] INFO  o.s.d.r.c.RepositoryConfigurationDelegate - [registerRepositoriesIn,208] - Finished Spring Data repository scanning in 9 ms. Found 0 Redis repository interfaces.
11:40:44.828 [main] INFO  o.s.c.c.s.GenericScope - [setSerializationId,282] - BeanFactory id=e73c29d1-7a7d-39f9-b0a8-30bc24fc3c77
11:40:44.886 [main] INFO  o.s.c.s.PostProcessorRegistrationDelegate$BeanPostProcessorChecker - [postProcessAfterInitialization,409] - Bean 'org.springframework.cloud.client.loadbalancer.reactive.LoadBalancerBeanPostProcessorAutoConfiguration' of type [org.springframework.cloud.client.loadbalancer.reactive.LoadBalancerBeanPostProcessorAutoConfiguration] is not eligible for getting processed by all BeanPostProcessors (for example: not eligible for auto-proxying)
11:40:44.888 [main] INFO  o.s.c.s.PostProcessorRegistrationDelegate$BeanPostProcessorChecker - [postProcessAfterInitialization,409] - Bean 'org.springframework.cloud.client.loadbalancer.reactive.LoadBalancerBeanPostProcessorAutoConfiguration$ReactorDeferringLoadBalancerFilterConfig' of type [org.springframework.cloud.client.loadbalancer.reactive.LoadBalancerBeanPostProcessorAutoConfiguration$ReactorDeferringLoadBalancerFilterConfig] is not eligible for getting processed by all BeanPostProcessors (for example: not eligible for auto-proxying)
11:40:44.889 [main] INFO  o.s.c.s.PostProcessorRegistrationDelegate$BeanPostProcessorChecker - [postProcessAfterInitialization,409] - Bean 'reactorDeferringLoadBalancerExchangeFilterFunction' of type [org.springframework.cloud.client.loadbalancer.reactive.DeferringLoadBalancerExchangeFilterFunction] is not eligible for getting processed by all BeanPostProcessors (for example: not eligible for auto-proxying)
11:40:45.298 [main] INFO  o.s.b.a.l.ConditionEvaluationReportLogger - [logMessage,82] - 

Error starting ApplicationContext. To display the condition evaluation report re-run your application with 'debug' enabled.
11:41:59.017 [background-preinit] INFO  o.h.v.i.util.Version - [<clinit>,21] - HV000001: Hibernate Validator 8.0.0.Final
11:41:59.173 [main] INFO  c.a.n.c.u.ParamUtil - [<clinit>,87] - [settings] [req-serv] nacos-server port:8848
11:41:59.173 [main] INFO  c.a.n.c.u.ParamUtil - [<clinit>,98] - [settings] [http-client] connect timeout:1000
11:41:59.174 [main] INFO  c.a.n.c.u.ParamUtil - [<clinit>,105] - PER_TASK_CONFIG_SIZE: 3000.0
11:41:59.189 [main] INFO  c.a.n.p.a.s.c.ClientAuthPluginManager - [init,56] - [ClientAuthPluginManager] Load ClientAuthService com.alibaba.nacos.client.auth.impl.NacosClientAuthServiceImpl success.
11:41:59.189 [main] INFO  c.a.n.p.a.s.c.ClientAuthPluginManager - [init,56] - [ClientAuthPluginManager] Load ClientAuthService com.alibaba.nacos.client.auth.ram.RamClientAuthServiceImpl success.
11:41:59.191 [main] INFO  c.a.n.c.a.r.i.CredentialWatcher - [loadCredential,165] - null No credential found
11:42:00.436 [main] INFO  c.a.n.c.c.i.LocalConfigInfoProcessor - [<clinit>,63] - LOCAL_SNAPSHOT_PATH:C:\Users\22129\nacos\config
11:42:00.438 [main] INFO  c.a.n.c.r.client - [lambda$createClient$0,108] - [RpcClientFactory] create a new rpc client of f2fc8d71-6a61-4c35-b4de-c86fbde98b55_config-0
11:42:00.446 [main] INFO  c.a.n.c.r.client - [printIfInfoEnabled,63] - [f2fc8d71-6a61-4c35-b4de-c86fbde98b55_config-0] Register server push request handler:com.alibaba.nacos.client.config.impl.ClientWorker$ConfigRpcTransportClient$$Lambda$574/0x000002d3813681f8
11:42:00.447 [main] INFO  c.a.n.c.r.client - [printIfInfoEnabled,63] - [f2fc8d71-6a61-4c35-b4de-c86fbde98b55_config-0] Register server push request handler:com.alibaba.nacos.client.config.impl.ClientWorker$ConfigRpcTransportClient$$Lambda$575/0x000002d381368618
11:42:00.447 [main] INFO  c.a.n.c.r.client - [printIfInfoEnabled,63] - [f2fc8d71-6a61-4c35-b4de-c86fbde98b55_config-0] Registry connection listener to current client:com.alibaba.nacos.client.config.impl.ClientWorker$ConfigRpcTransportClient$1
11:42:00.447 [main] INFO  c.a.n.c.r.client - [printIfInfoEnabled,63] - [f2fc8d71-6a61-4c35-b4de-c86fbde98b55_config-0] RpcClient init, ServerListFactory = com.alibaba.nacos.client.config.impl.ClientWorker$ConfigRpcTransportClient$2
11:42:00.454 [main] INFO  c.a.n.c.r.client - [printIfInfoEnabled,63] - [f2fc8d71-6a61-4c35-b4de-c86fbde98b55_config-0] Try to connect to server on start up, server: {serverIp = '47.118.20.7', server main port = 8848}
11:42:00.474 [main] INFO  c.a.n.c.r.c.g.GrpcClient - [createNewManagedChannel,182] - grpc client connection server:47.118.20.7 ip,serverPort:9848,grpcTslConfig:{"sslProvider":"OPENSSL","enableTls":false,"mutualAuthEnable":false,"trustAll":false}
11:42:01.344 [main] INFO  c.a.n.c.r.client - [printIfInfoEnabled,63] - [f2fc8d71-6a61-4c35-b4de-c86fbde98b55_config-0] Success to connect to server [47.118.20.7:8848] on start up, connectionId = 1772768520242_182.150.122.45_2607
11:42:01.347 [com.alibaba.nacos.client.remote.worker] INFO  c.a.n.c.r.client - [printIfInfoEnabled,63] - [f2fc8d71-6a61-4c35-b4de-c86fbde98b55_config-0] Notify connected event to listeners.
11:42:01.347 [main] INFO  c.a.n.c.r.client - [printIfInfoEnabled,63] - [f2fc8d71-6a61-4c35-b4de-c86fbde98b55_config-0] Register server push request handler:com.alibaba.nacos.common.remote.client.RpcClient$ConnectResetRequestHandler
11:42:01.347 [com.alibaba.nacos.client.remote.worker] INFO  c.a.n.c.c.i.ClientWorker - [onConnected,639] - [f2fc8d71-6a61-4c35-b4de-c86fbde98b55_config-0] Connected,notify listen context...
11:42:01.349 [main] INFO  c.a.n.c.r.client - [printIfInfoEnabled,63] - [f2fc8d71-6a61-4c35-b4de-c86fbde98b55_config-0] Register server push request handler:com.alibaba.nacos.common.remote.client.RpcClient$$Lambda$596/0x000002d3814cf450
11:42:01.374 [main] INFO  c.a.n.c.c.i.Limiter - [<clinit>,62] - limitTime:5.0
11:42:01.575 [main] INFO  c.a.n.c.c.u.JvmUtil - [<clinit>,54] - isMultiInstance:false
11:42:01.582 [main] INFO  o.s.c.b.c.PropertySourceBootstrapConfiguration - [initialize,108] - Located property source: [BootstrapPropertySource {name='bootstrapProperties-oj-gateway-local.yaml,DEFAULT_GROUP'}, BootstrapPropertySource {name='bootstrapProperties-oj-gateway.yaml,DEFAULT_GROUP'}, BootstrapPropertySource {name='bootstrapProperties-oj-gateway,DEFAULT_GROUP'}]
11:42:01.586 [main] INFO  c.e.g.OjGatewayApplication - [logStartupProfileInfo,636] - The following 1 profile is active: "local"
11:42:01.853 [main] INFO  o.s.d.r.c.RepositoryConfigurationDelegate - [multipleStoresDetected,294] - Multiple Spring Data modules found, entering strict repository configuration mode
11:42:01.855 [main] INFO  o.s.d.r.c.RepositoryConfigurationDelegate - [registerRepositoriesIn,138] - Bootstrapping Spring Data Redis repositories in DEFAULT mode.
11:42:01.868 [main] INFO  o.s.d.r.c.RepositoryConfigurationDelegate - [registerRepositoriesIn,208] - Finished Spring Data repository scanning in 4 ms. Found 0 Redis repository interfaces.
11:42:01.954 [main] INFO  o.s.c.c.s.GenericScope - [setSerializationId,282] - BeanFactory id=a2788962-74f2-3945-9f09-484e16f74f69
11:42:01.982 [main] INFO  o.s.c.s.PostProcessorRegistrationDelegate$BeanPostProcessorChecker - [postProcessAfterInitialization,409] - Bean 'org.springframework.cloud.client.loadbalancer.reactive.LoadBalancerBeanPostProcessorAutoConfiguration' of type [org.springframework.cloud.client.loadbalancer.reactive.LoadBalancerBeanPostProcessorAutoConfiguration] is not eligible for getting processed by all BeanPostProcessors (for example: not eligible for auto-proxying)
11:42:01.982 [main] INFO  o.s.c.s.PostProcessorRegistrationDelegate$BeanPostProcessorChecker - [postProcessAfterInitialization,409] - Bean 'org.springframework.cloud.client.loadbalancer.reactive.LoadBalancerBeanPostProcessorAutoConfiguration$ReactorDeferringLoadBalancerFilterConfig' of type [org.springframework.cloud.client.loadbalancer.reactive.LoadBalancerBeanPostProcessorAutoConfiguration$ReactorDeferringLoadBalancerFilterConfig] is not eligible for getting processed by all BeanPostProcessors (for example: not eligible for auto-proxying)
11:42:01.983 [main] INFO  o.s.c.s.PostProcessorRegistrationDelegate$BeanPostProcessorChecker - [postProcessAfterInitialization,409] - Bean 'reactorDeferringLoadBalancerExchangeFilterFunction' of type [org.springframework.cloud.client.loadbalancer.reactive.DeferringLoadBalancerExchangeFilterFunction] is not eligible for getting processed by all BeanPostProcessors (for example: not eligible for auto-proxying)
11:42:03.527 [main] INFO  o.s.c.c.u.InetUtils - [convertAddress,170] - Cannot determine local hostname
11:42:04.882 [main] INFO  o.s.c.c.u.InetUtils - [convertAddress,170] - Cannot determine local hostname
11:42:05.072 [main] INFO  o.s.c.g.r.RouteDefinitionRouteLocator - [lambda$initFactories$1,88] - Loaded RoutePredicateFactory [After]
11:42:05.073 [main] INFO  o.s.c.g.r.RouteDefinitionRouteLocator - [lambda$initFactories$1,88] - Loaded RoutePredicateFactory [Before]
11:42:05.073 [main] INFO  o.s.c.g.r.RouteDefinitionRouteLocator - [lambda$initFactories$1,88] - Loaded RoutePredicateFactory [Between]
11:42:05.073 [main] INFO  o.s.c.g.r.RouteDefinitionRouteLocator - [lambda$initFactories$1,88] - Loaded RoutePredicateFactory [Cookie]
11:42:05.073 [main] INFO  o.s.c.g.r.RouteDefinitionRouteLocator - [lambda$initFactories$1,88] - Loaded RoutePredicateFactory [Header]
11:42:05.073 [main] INFO  o.s.c.g.r.RouteDefinitionRouteLocator - [lambda$initFactories$1,88] - Loaded RoutePredicateFactory [Host]
11:42:05.073 [main] INFO  o.s.c.g.r.RouteDefinitionRouteLocator - [lambda$initFactories$1,88] - Loaded RoutePredicateFactory [Method]
11:42:05.073 [main] INFO  o.s.c.g.r.RouteDefinitionRouteLocator - [lambda$initFactories$1,88] - Loaded RoutePredicateFactory [Path]
11:42:05.073 [main] INFO  o.s.c.g.r.RouteDefinitionRouteLocator - [lambda$initFactories$1,88] - Loaded RoutePredicateFactory [Query]
11:42:05.073 [main] INFO  o.s.c.g.r.RouteDefinitionRouteLocator - [lambda$initFactories$1,88] - Loaded RoutePredicateFactory [ReadBody]
11:42:05.073 [main] INFO  o.s.c.g.r.RouteDefinitionRouteLocator - [lambda$initFactories$1,88] - Loaded RoutePredicateFactory [RemoteAddr]
11:42:05.073 [main] INFO  o.s.c.g.r.RouteDefinitionRouteLocator - [lambda$initFactories$1,88] - Loaded RoutePredicateFactory [XForwardedRemoteAddr]
11:42:05.073 [main] INFO  o.s.c.g.r.RouteDefinitionRouteLocator - [lambda$initFactories$1,88] - Loaded RoutePredicateFactory [Weight]
11:42:05.073 [main] INFO  o.s.c.g.r.RouteDefinitionRouteLocator - [lambda$initFactories$1,88] - Loaded RoutePredicateFactory [CloudFoundryRouteService]
11:42:06.335 [main] INFO  o.s.c.c.u.InetUtils - [convertAddress,170] - Cannot determine local hostname
11:42:06.547 [main] INFO  o.s.b.w.e.n.NettyWebServer - [start,111] - Netty started on port 19090
11:42:07.719 [main] INFO  o.s.c.c.u.InetUtils - [convertAddress,170] - Cannot determine local hostname
11:42:08.887 [main] INFO  o.s.c.c.u.InetUtils - [convertAddress,170] - Cannot determine local hostname
11:42:08.896 [main] INFO  c.a.n.client.naming - [initNamespaceForNaming,62] - initializer namespace from ans.namespace attribute : null
11:42:08.896 [main] INFO  c.a.n.client.naming - [lambda$initNamespaceForNaming$0,66] - initializer namespace from ALIBABA_ALIWARE_NAMESPACE attribute :null
11:42:08.897 [main] INFO  c.a.n.client.naming - [lambda$initNamespaceForNaming$1,73] - initializer namespace from namespace attribute :null
11:42:08.905 [main] INFO  c.a.n.p.a.s.c.ClientAuthPluginManager - [init,56] - [ClientAuthPluginManager] Load ClientAuthService com.alibaba.nacos.client.auth.impl.NacosClientAuthServiceImpl success.
11:42:08.906 [main] INFO  c.a.n.p.a.s.c.ClientAuthPluginManager - [init,56] - [ClientAuthPluginManager] Load ClientAuthService com.alibaba.nacos.client.auth.ram.RamClientAuthServiceImpl success.
11:42:08.909 [main] INFO  c.a.n.c.r.client - [lambda$createClient$0,108] - [RpcClientFactory] create a new rpc client of b30487dc-fd2f-416c-adfe-df925512fa42
11:42:08.910 [main] INFO  c.a.n.c.r.client - [printIfInfoEnabled,63] - [b30487dc-fd2f-416c-adfe-df925512fa42] RpcClient init, ServerListFactory = com.alibaba.nacos.client.naming.core.ServerListManager
11:42:08.910 [main] INFO  c.a.n.c.r.client - [printIfInfoEnabled,63] - [b30487dc-fd2f-416c-adfe-df925512fa42] Registry connection listener to current client:com.alibaba.nacos.client.naming.remote.gprc.redo.NamingGrpcRedoService
11:42:08.910 [main] INFO  c.a.n.c.r.client - [printIfInfoEnabled,63] - [b30487dc-fd2f-416c-adfe-df925512fa42] Register server push request handler:com.alibaba.nacos.client.naming.remote.gprc.NamingPushRequestHandler
11:42:08.911 [main] INFO  c.a.n.c.r.client - [printIfInfoEnabled,63] - [b30487dc-fd2f-416c-adfe-df925512fa42] Try to connect to server on start up, server: {serverIp = '47.118.20.7', server main port = 8848}
11:42:08.911 [main] INFO  c.a.n.c.r.c.g.GrpcClient - [createNewManagedChannel,182] - grpc client connection server:47.118.20.7 ip,serverPort:9848,grpcTslConfig:{"sslProvider":"OPENSSL","enableTls":false,"mutualAuthEnable":false,"trustAll":false}
11:42:09.169 [main] INFO  c.a.n.c.r.client - [printIfInfoEnabled,63] - [b30487dc-fd2f-416c-adfe-df925512fa42] Success to connect to server [47.118.20.7:8848] on start up, connectionId = 1772768528161_182.150.122.45_2608
11:42:09.169 [main] INFO  c.a.n.c.r.client - [printIfInfoEnabled,63] - [b30487dc-fd2f-416c-adfe-df925512fa42] Register server push request handler:com.alibaba.nacos.common.remote.client.RpcClient$ConnectResetRequestHandler
11:42:09.169 [com.alibaba.nacos.client.remote.worker] INFO  c.a.n.c.r.client - [printIfInfoEnabled,63] - [b30487dc-fd2f-416c-adfe-df925512fa42] Notify connected event to listeners.
11:42:09.169 [main] INFO  c.a.n.c.r.client - [printIfInfoEnabled,63] - [b30487dc-fd2f-416c-adfe-df925512fa42] Register server push request handler:com.alibaba.nacos.common.remote.client.RpcClient$$Lambda$596/0x000002d3814cf450
11:42:09.169 [com.alibaba.nacos.client.remote.worker] INFO  c.a.n.client.naming - [onConnected,78] - Grpc connection connect
11:42:09.170 [main] INFO  c.a.n.client.naming - [registerService,121] - [REGISTER-SERVICE] public registering service oj-gateway with instance Instance{instanceId='null', ip='192.168.81.1', port=19090, weight=1.0, healthy=true, enabled=true, ephemeral=true, clusterName='DEFAULT', serviceName='null', metadata={IPv6=null, preserved.register.source=SPRING_CLOUD}}
11:42:09.223 [main] INFO  c.a.c.n.r.NacosServiceRegistry - [register,76] - nacos registry, DEFAULT_GROUP oj-gateway 192.168.81.1:19090 register finished
11:42:09.257 [main] INFO  c.e.g.OjGatewayApplication - [logStarted,57] - Started OjGatewayApplication in 11.654 seconds (process running for 12.103)
11:42:09.261 [main] INFO  c.a.n.c.c.i.CacheData - [<clinit>,67] - nacos.cache.data.init.snapshot = true 
11:42:09.262 [main] INFO  c.a.n.c.c.i.ClientWorker - [addCacheDataIfAbsent,380] - [fixed-47.118.20.7_8848] [subscribe] oj-gateway-local.yaml+DEFAULT_GROUP
11:42:09.266 [main] INFO  c.a.n.c.c.i.CacheData - [addListener,197] - [fixed-47.118.20.7_8848] [add-listener] ok, tenant=, dataId=oj-gateway-local.yaml, group=DEFAULT_GROUP, cnt=1
11:42:09.266 [main] INFO  c.a.c.n.r.NacosContextRefresher - [registerNacosListener,129] - [Nacos Config] Listening config: dataId=oj-gateway-local.yaml, group=DEFAULT_GROUP
11:42:09.266 [main] INFO  c.a.n.c.c.i.ClientWorker - [addCacheDataIfAbsent,380] - [fixed-47.118.20.7_8848] [subscribe] oj-gateway+DEFAULT_GROUP
11:42:09.266 [main] INFO  c.a.n.c.c.i.CacheData - [addListener,197] - [fixed-47.118.20.7_8848] [add-listener] ok, tenant=, dataId=oj-gateway, group=DEFAULT_GROUP, cnt=1
11:42:09.266 [main] INFO  c.a.c.n.r.NacosContextRefresher - [registerNacosListener,129] - [Nacos Config] Listening config: dataId=oj-gateway, group=DEFAULT_GROUP
11:42:09.267 [main] INFO  c.a.n.c.c.i.ClientWorker - [addCacheDataIfAbsent,380] - [fixed-47.118.20.7_8848] [subscribe] oj-gateway.yaml+DEFAULT_GROUP
11:42:09.267 [main] INFO  c.a.n.c.c.i.CacheData - [addListener,197] - [fixed-47.118.20.7_8848] [add-listener] ok, tenant=, dataId=oj-gateway.yaml, group=DEFAULT_GROUP, cnt=1
11:42:09.267 [main] INFO  c.a.c.n.r.NacosContextRefresher - [registerNacosListener,129] - [Nacos Config] Listening config: dataId=oj-gateway.yaml, group=DEFAULT_GROUP
11:52:15.305 [boundedElastic-1] INFO  c.a.n.client.naming - [subscribe,167] - [SUBSCRIBE-SERVICE] service:oj-system, group:DEFAULT_GROUP, clusters: 
11:52:15.649 [boundedElastic-1] INFO  c.a.n.client.naming - [isChangedServiceInfo,184] - init new ips(1) service: DEFAULT_GROUP@@oj-system -> [{"instanceId":"192.168.81.1#9201#DEFAULT#DEFAULT_GROUP@@oj-system","ip":"192.168.81.1","port":9201,"weight":1.0,"healthy":true,"enabled":true,"ephemeral":true,"clusterName":"DEFAULT","serviceName":"DEFAULT_GROUP@@oj-system","metadata":{"preserved.register.source":"SPRING_CLOUD"},"ipDeleteTimeout":30000,"instanceHeartBeatInterval":5000,"instanceHeartBeatTimeOut":15000}]
11:52:15.653 [boundedElastic-1] INFO  c.a.n.client.naming - [processServiceInfo,169] - current ips:(1) service: DEFAULT_GROUP@@oj-system -> [{"instanceId":"192.168.81.1#9201#DEFAULT#DEFAULT_GROUP@@oj-system","ip":"192.168.81.1","port":9201,"weight":1.0,"healthy":true,"enabled":true,"ephemeral":true,"clusterName":"DEFAULT","serviceName":"DEFAULT_GROUP@@oj-system","metadata":{"preserved.register.source":"SPRING_CLOUD"},"ipDeleteTimeout":30000,"instanceHeartBeatInterval":5000,"instanceHeartBeatTimeOut":15000}]
11:52:16.216 [nacos-grpc-client-executor-47.118.20.7-125] INFO  c.a.n.c.r.client - [printIfInfoEnabled,63] - [b30487dc-fd2f-416c-adfe-df925512fa42] Receive server push request, request = NotifySubscriberRequest, requestId = 17
11:52:16.217 [nacos-grpc-client-executor-47.118.20.7-125] INFO  c.a.n.c.r.client - [printIfInfoEnabled,63] - [b30487dc-fd2f-416c-adfe-df925512fa42] Ack server push request, request = NotifySubscriberRequest, requestId = 17
11:55:40.121 [nacos-grpc-client-executor-47.118.20.7-172] INFO  c.a.n.c.r.client - [printIfInfoEnabled,63] - [f2fc8d71-6a61-4c35-b4de-c86fbde98b55_config-0] Receive server push request, request = ConfigChangeNotifyRequest, requestId = 18
11:55:40.122 [nacos-grpc-client-executor-47.118.20.7-172] INFO  c.a.n.c.c.i.ClientWorker - [lambda$initRpcClientHandler$0,606] - [f2fc8d71-6a61-4c35-b4de-c86fbde98b55_config-0] [server-push] config changed. dataId=oj-gateway-local.yaml, group=DEFAULT_GROUP,tenant=null
11:55:40.122 [nacos-grpc-client-executor-47.118.20.7-172] INFO  c.a.n.c.r.client - [printIfInfoEnabled,63] - [f2fc8d71-6a61-4c35-b4de-c86fbde98b55_config-0] Ack server push request, request = ConfigChangeNotifyRequest, requestId = 18
11:55:40.232 [com.alibaba.nacos.client.Worker] INFO  c.a.n.c.c.i.ClientWorker - [refreshContentAndCheck,449] - [fixed-47.118.20.7_8848] [data-received] dataId=oj-gateway-local.yaml, group=DEFAULT_GROUP, tenant=, md5=3a32685318f0948e8a1c254d6db8a96d, content=server:
  port: 19090
spring:
  application:
    name: oj-gateway
  cloud:
    gateway:
      routes..., type=yaml
11:55:40.236 [com.alibaba.nacos.client.Worker] INFO  c.a.n.c.c.i.CacheData - [safeNotifyListener,383] - [fixed-47.118.20.7_8848] [notify-listener] time cost=0ms in ClientWorker, dataId=oj-gateway-local.yaml, group=DEFAULT_GROUP, md5=3a32685318f0948e8a1c254d6db8a96d, listener=com.alibaba.cloud.nacos.refresh.NacosContextRefresher$1@3bae01cc 
11:55:40.236 [nacos.client.cachedata.internal.notifier] INFO  c.a.n.c.c.i.CacheData - [lambda$safeNotifyListener$1,319] - [fixed-47.118.20.7_8848] [notify-context] dataId=oj-gateway-local.yaml, group=DEFAULT_GROUP, md5=3a32685318f0948e8a1c254d6db8a96d
11:55:41.882 [nacos.client.cachedata.internal.notifier] INFO  o.s.c.c.u.InetUtils - [convertAddress,170] - Cannot determine local hostname
11:55:42.195 [nacos.client.cachedata.internal.notifier] INFO  o.s.c.b.c.PropertySourceBootstrapConfiguration - [initialize,108] - Located property source: [BootstrapPropertySource {name='bootstrapProperties-oj-gateway-local.yaml,DEFAULT_GROUP'}, BootstrapPropertySource {name='bootstrapProperties-oj-gateway.yaml,DEFAULT_GROUP'}, BootstrapPropertySource {name='bootstrapProperties-oj-gateway,DEFAULT_GROUP'}]
11:55:42.202 [nacos.client.cachedata.internal.notifier] INFO  o.s.b.SpringApplication - [logStartupProfileInfo,636] - The following 1 profile is active: "local"
11:55:42.214 [nacos.client.cachedata.internal.notifier] INFO  o.s.b.SpringApplication - [logStarted,57] - Started application in 1.968 seconds (process running for 825.059)
11:55:42.314 [nacos.client.cachedata.internal.notifier] INFO  o.s.c.e.e.RefreshEventListener - [handle,73] - Refresh keys changed: [security.ignore.whites[0]]
11:55:42.314 [nacos.client.cachedata.internal.notifier] INFO  c.a.n.c.c.i.CacheData - [lambda$safeNotifyListener$1,345] - [fixed-47.118.20.7_8848] [notify-ok] dataId=oj-gateway-local.yaml, group=DEFAULT_GROUP, md5=3a32685318f0948e8a1c254d6db8a96d, listener=com.alibaba.cloud.nacos.refresh.NacosContextRefresher$1@3bae01cc ,cost=2078 millis.
12:06:18.140 [nacos-grpc-client-executor-47.118.20.7-305] INFO  c.a.n.c.r.client - [printIfInfoEnabled,63] - [f2fc8d71-6a61-4c35-b4de-c86fbde98b55_config-0] Receive server push request, request = ConfigChangeNotifyRequest, requestId = 19
12:06:18.141 [nacos-grpc-client-executor-47.118.20.7-305] INFO  c.a.n.c.c.i.ClientWorker - [lambda$initRpcClientHandler$0,606] - [f2fc8d71-6a61-4c35-b4de-c86fbde98b55_config-0] [server-push] config changed. dataId=oj-gateway-local.yaml, group=DEFAULT_GROUP,tenant=null
12:06:18.141 [nacos-grpc-client-executor-47.118.20.7-305] INFO  c.a.n.c.r.client - [printIfInfoEnabled,63] - [f2fc8d71-6a61-4c35-b4de-c86fbde98b55_config-0] Ack server push request, request = ConfigChangeNotifyRequest, requestId = 19
12:06:18.604 [com.alibaba.nacos.client.Worker] INFO  c.a.n.c.c.i.ClientWorker - [refreshContentAndCheck,449] - [fixed-47.118.20.7_8848] [data-received] dataId=oj-gateway-local.yaml, group=DEFAULT_GROUP, tenant=, md5=d2bf5fdf6e65ec7ae68c89590d8b9301, content=server:
  port: 19090
spring:
  data:
    redis:
      host: 47.118.20.7
      password: "Lcx2004122..., type=yaml
12:06:18.605 [com.alibaba.nacos.client.Worker] INFO  c.a.n.c.c.i.CacheData - [safeNotifyListener,383] - [fixed-47.118.20.7_8848] [notify-listener] time cost=0ms in ClientWorker, dataId=oj-gateway-local.yaml, group=DEFAULT_GROUP, md5=d2bf5fdf6e65ec7ae68c89590d8b9301, listener=com.alibaba.cloud.nacos.refresh.NacosContextRefresher$1@3bae01cc 
12:06:18.606 [nacos.client.cachedata.internal.notifier] INFO  c.a.n.c.c.i.CacheData - [lambda$safeNotifyListener$1,319] - [fixed-47.118.20.7_8848] [notify-context] dataId=oj-gateway-local.yaml, group=DEFAULT_GROUP, md5=d2bf5fdf6e65ec7ae68c89590d8b9301
12:06:20.293 [nacos.client.cachedata.internal.notifier] INFO  o.s.c.c.u.InetUtils - [convertAddress,170] - Cannot determine local hostname
12:06:20.582 [nacos.client.cachedata.internal.notifier] INFO  o.s.c.b.c.PropertySourceBootstrapConfiguration - [initialize,108] - Located property source: [BootstrapPropertySource {name='bootstrapProperties-oj-gateway-local.yaml,DEFAULT_GROUP'}, BootstrapPropertySource {name='bootstrapProperties-oj-gateway.yaml,DEFAULT_GROUP'}, BootstrapPropertySource {name='bootstrapProperties-oj-gateway,DEFAULT_GROUP'}]
12:06:20.587 [nacos.client.cachedata.internal.notifier] INFO  o.s.b.SpringApplication - [logStartupProfileInfo,636] - The following 1 profile is active: "local"
12:06:20.593 [nacos.client.cachedata.internal.notifier] INFO  o.s.b.SpringApplication - [logStarted,57] - Started application in 1.974 seconds (process running for 1463.438)
12:06:20.755 [nacos.client.cachedata.internal.notifier] INFO  o.s.c.e.e.RefreshEventListener - [handle,73] - Refresh keys changed: [spring.data.redis.port, spring.data.redis.timeout, spring.data.redis.lettuce.pool.min-idle, spring.data.redis.password, spring.data.redis.lettuce.pool.max-active, spring.data.redis.lettuce.pool.max-idle, spring.data.redis.host]
12:06:20.756 [nacos.client.cachedata.internal.notifier] INFO  c.a.n.c.c.i.CacheData - [lambda$safeNotifyListener$1,345] - [fixed-47.118.20.7_8848] [notify-ok] dataId=oj-gateway-local.yaml, group=DEFAULT_GROUP, md5=d2bf5fdf6e65ec7ae68c89590d8b9301, listener=com.alibaba.cloud.nacos.refresh.NacosContextRefresher$1@3bae01cc ,cost=2150 millis.
12:06:56.969 [SpringApplicationShutdownHook] INFO  c.a.c.n.r.NacosServiceRegistry - [deregister,95] - De-registering from Nacos Server now...
12:06:56.969 [SpringApplicationShutdownHook] INFO  c.a.n.client.naming - [deregisterService,217] - [DEREGISTER-SERVICE] public deregistering service oj-gateway with instance: Instance{instanceId='null', ip='192.168.81.1', port=19090, weight=1.0, healthy=true, enabled=true, ephemeral=true, clusterName='DEFAULT', serviceName='null', metadata={}}
12:06:57.011 [SpringApplicationShutdownHook] INFO  c.a.c.n.r.NacosServiceRegistry - [deregister,115] - De-registration finished.
12:06:57.012 [SpringApplicationShutdownHook] INFO  c.a.n.client.naming - [shutdown,256] - com.alibaba.nacos.client.naming.cache.ServiceInfoHolder do shutdown begin
12:06:57.012 [SpringApplicationShutdownHook] INFO  c.a.n.client.naming - [shutdown,136] - com.alibaba.nacos.client.naming.backups.FailoverReactor do shutdown begin
12:06:57.013 [SpringApplicationShutdownHook] INFO  c.a.n.client.naming - [shutdown,138] - com.alibaba.nacos.client.naming.backups.FailoverReactor do shutdown stop
12:06:57.013 [SpringApplicationShutdownHook] INFO  c.a.n.client.naming - [shutdown,258] - com.alibaba.nacos.client.naming.cache.ServiceInfoHolder do shutdown stop
12:06:57.013 [SpringApplicationShutdownHook] INFO  c.a.n.client.naming - [shutdown,204] - com.alibaba.nacos.client.naming.remote.NamingClientProxyDelegate do shutdown begin
12:06:57.013 [SpringApplicationShutdownHook] INFO  c.a.n.client.naming - [shutdown,143] - com.alibaba.nacos.client.naming.core.ServiceInfoUpdateService do shutdown begin
12:06:57.013 [SpringApplicationShutdownHook] INFO  c.a.n.client.naming - [shutdown,145] - com.alibaba.nacos.client.naming.core.ServiceInfoUpdateService do shutdown stop
12:06:57.013 [SpringApplicationShutdownHook] INFO  c.a.n.client.naming - [shutdown,194] - com.alibaba.nacos.client.naming.core.ServerListManager do shutdown begin
12:06:57.013 [SpringApplicationShutdownHook] INFO  c.a.n.client.naming - [shutdown,199] - com.alibaba.nacos.client.naming.core.ServerListManager do shutdown stop
12:06:57.013 [SpringApplicationShutdownHook] INFO  c.a.n.client.naming - [shutdown,484] - com.alibaba.nacos.client.naming.remote.http.NamingHttpClientProxy do shutdown begin
12:06:57.013 [SpringApplicationShutdownHook] INFO  c.a.n.client.naming - [shutdown,486] - com.alibaba.nacos.client.naming.remote.http.NamingHttpClientProxy do shutdown stop
12:06:57.013 [SpringApplicationShutdownHook] INFO  c.a.n.c.r.client - [shutdown,429] - Shutdown rpc client, set status to shutdown
12:06:57.013 [SpringApplicationShutdownHook] INFO  c.a.n.c.r.client - [shutdown,431] - Shutdown client event executor java.util.concurrent.ScheduledThreadPoolExecutor@1389cbec[Running, pool size = 2, active threads = 2, queued tasks = 0, completed tasks = 0]
12:06:57.013 [SpringApplicationShutdownHook] INFO  c.a.n.c.r.client - [closeConnection,584] - Close current connection 1772768528161_182.150.122.45_2608
12:06:57.016 [SpringApplicationShutdownHook] INFO  c.a.n.c.r.c.g.GrpcClient - [shutdown,159] - Shutdown grpc executor java.util.concurrent.ThreadPoolExecutor@2e34faf8[Running, pool size = 3, active threads = 0, queued tasks = 0, completed tasks = 298]
12:06:57.016 [SpringApplicationShutdownHook] INFO  c.a.n.client.naming - [shutdown,318] - Shutdown grpc redo service executor java.util.concurrent.ScheduledThreadPoolExecutor@ddf2898[Running, pool size = 1, active threads = 0, queued tasks = 1, completed tasks = 494]
12:06:57.016 [SpringApplicationShutdownHook] INFO  c.a.n.c.a.r.i.CredentialWatcher - [stop,106] - [null] CredentialWatcher is stopped
12:06:57.016 [SpringApplicationShutdownHook] INFO  c.a.n.c.a.r.i.CredentialService - [free,100] - [null] CredentialService is freed
12:06:57.016 [SpringApplicationShutdownHook] INFO  c.a.n.client.naming - [shutdown,211] - com.alibaba.nacos.client.naming.remote.NamingClientProxyDelegate do shutdown stop
12:07:03.961 [background-preinit] INFO  o.h.v.i.util.Version - [<clinit>,21] - HV000001: Hibernate Validator 8.0.0.Final
12:07:04.171 [main] INFO  c.a.n.c.u.ParamUtil - [<clinit>,87] - [settings] [req-serv] nacos-server port:8848
12:07:04.171 [main] INFO  c.a.n.c.u.ParamUtil - [<clinit>,98] - [settings] [http-client] connect timeout:1000
12:07:04.172 [main] INFO  c.a.n.c.u.ParamUtil - [<clinit>,105] - PER_TASK_CONFIG_SIZE: 3000.0
12:07:04.190 [main] INFO  c.a.n.p.a.s.c.ClientAuthPluginManager - [init,56] - [ClientAuthPluginManager] Load ClientAuthService com.alibaba.nacos.client.auth.impl.NacosClientAuthServiceImpl success.
12:07:04.190 [main] INFO  c.a.n.p.a.s.c.ClientAuthPluginManager - [init,56] - [ClientAuthPluginManager] Load ClientAuthService com.alibaba.nacos.client.auth.ram.RamClientAuthServiceImpl success.
12:07:04.192 [main] INFO  c.a.n.c.a.r.i.CredentialWatcher - [loadCredential,165] - null No credential found
12:07:05.536 [main] INFO  c.a.n.c.c.i.LocalConfigInfoProcessor - [<clinit>,63] - LOCAL_SNAPSHOT_PATH:C:\Users\22129\nacos\config
12:07:05.539 [main] INFO  c.a.n.c.r.client - [lambda$createClient$0,108] - [RpcClientFactory] create a new rpc client of 9b8a41ff-655a-4879-89a3-8ad9fd0813e8_config-0
12:07:05.550 [main] INFO  c.a.n.c.r.client - [printIfInfoEnabled,63] - [9b8a41ff-655a-4879-89a3-8ad9fd0813e8_config-0] Register server push request handler:com.alibaba.nacos.client.config.impl.ClientWorker$ConfigRpcTransportClient$$Lambda$574/0x0000017fcb3697a8
12:07:05.550 [main] INFO  c.a.n.c.r.client - [printIfInfoEnabled,63] - [9b8a41ff-655a-4879-89a3-8ad9fd0813e8_config-0] Register server push request handler:com.alibaba.nacos.client.config.impl.ClientWorker$ConfigRpcTransportClient$$Lambda$575/0x0000017fcb369bc8
12:07:05.551 [main] INFO  c.a.n.c.r.client - [printIfInfoEnabled,63] - [9b8a41ff-655a-4879-89a3-8ad9fd0813e8_config-0] Registry connection listener to current client:com.alibaba.nacos.client.config.impl.ClientWorker$ConfigRpcTransportClient$1
12:07:05.551 [main] INFO  c.a.n.c.r.client - [printIfInfoEnabled,63] - [9b8a41ff-655a-4879-89a3-8ad9fd0813e8_config-0] RpcClient init, ServerListFactory = com.alibaba.nacos.client.config.impl.ClientWorker$ConfigRpcTransportClient$2
12:07:05.557 [main] INFO  c.a.n.c.r.client - [printIfInfoEnabled,63] - [9b8a41ff-655a-4879-89a3-8ad9fd0813e8_config-0] Try to connect to server on start up, server: {serverIp = '47.118.20.7', server main port = 8848}
12:07:05.589 [main] INFO  c.a.n.c.r.c.g.GrpcClient - [createNewManagedChannel,182] - grpc client connection server:47.118.20.7 ip,serverPort:9848,grpcTslConfig:{"sslProvider":"OPENSSL","enableTls":false,"mutualAuthEnable":false,"trustAll":false}
12:07:06.554 [main] INFO  c.a.n.c.r.client - [printIfInfoEnabled,63] - [9b8a41ff-655a-4879-89a3-8ad9fd0813e8_config-0] Success to connect to server [47.118.20.7:8848] on start up, connectionId = 1772770025521_182.150.122.45_2612
12:07:06.554 [com.alibaba.nacos.client.remote.worker] INFO  c.a.n.c.r.client - [printIfInfoEnabled,63] - [9b8a41ff-655a-4879-89a3-8ad9fd0813e8_config-0] Notify connected event to listeners.
12:07:06.555 [main] INFO  c.a.n.c.r.client - [printIfInfoEnabled,63] - [9b8a41ff-655a-4879-89a3-8ad9fd0813e8_config-0] Register server push request handler:com.alibaba.nacos.common.remote.client.RpcClient$ConnectResetRequestHandler
12:07:06.555 [com.alibaba.nacos.client.remote.worker] INFO  c.a.n.c.c.i.ClientWorker - [onConnected,639] - [9b8a41ff-655a-4879-89a3-8ad9fd0813e8_config-0] Connected,notify listen context...
12:07:06.555 [main] INFO  c.a.n.c.r.client - [printIfInfoEnabled,63] - [9b8a41ff-655a-4879-89a3-8ad9fd0813e8_config-0] Register server push request handler:com.alibaba.nacos.common.remote.client.RpcClient$$Lambda$596/0x0000017fcb4d0890
12:07:06.577 [main] INFO  c.a.n.c.c.i.Limiter - [<clinit>,62] - limitTime:5.0
12:07:07.115 [main] INFO  c.a.n.c.c.u.JvmUtil - [<clinit>,54] - isMultiInstance:false
12:07:07.121 [main] INFO  o.s.c.b.c.PropertySourceBootstrapConfiguration - [initialize,108] - Located property source: [BootstrapPropertySource {name='bootstrapProperties-oj-gateway-local.yaml,DEFAULT_GROUP'}, BootstrapPropertySource {name='bootstrapProperties-oj-gateway.yaml,DEFAULT_GROUP'}, BootstrapPropertySource {name='bootstrapProperties-oj-gateway,DEFAULT_GROUP'}]
12:07:07.125 [main] INFO  c.e.g.OjGatewayApplication - [logStartupProfileInfo,636] - The following 1 profile is active: "local"
12:07:07.444 [main] INFO  o.s.d.r.c.RepositoryConfigurationDelegate - [multipleStoresDetected,294] - Multiple Spring Data modules found, entering strict repository configuration mode
12:07:07.446 [main] INFO  o.s.d.r.c.RepositoryConfigurationDelegate - [registerRepositoriesIn,138] - Bootstrapping Spring Data Redis repositories in DEFAULT mode.
12:07:07.459 [main] INFO  o.s.d.r.c.RepositoryConfigurationDelegate - [registerRepositoriesIn,208] - Finished Spring Data repository scanning in 4 ms. Found 0 Redis repository interfaces.
12:07:07.551 [main] INFO  o.s.c.c.s.GenericScope - [setSerializationId,282] - BeanFactory id=a2788962-74f2-3945-9f09-484e16f74f69
12:07:07.573 [main] INFO  o.s.c.s.PostProcessorRegistrationDelegate$BeanPostProcessorChecker - [postProcessAfterInitialization,409] - Bean 'org.springframework.cloud.client.loadbalancer.reactive.LoadBalancerBeanPostProcessorAutoConfiguration' of type [org.springframework.cloud.client.loadbalancer.reactive.LoadBalancerBeanPostProcessorAutoConfiguration] is not eligible for getting processed by all BeanPostProcessors (for example: not eligible for auto-proxying)
12:07:07.574 [main] INFO  o.s.c.s.PostProcessorRegistrationDelegate$BeanPostProcessorChecker - [postProcessAfterInitialization,409] - Bean 'org.springframework.cloud.client.loadbalancer.reactive.LoadBalancerBeanPostProcessorAutoConfiguration$ReactorDeferringLoadBalancerFilterConfig' of type [org.springframework.cloud.client.loadbalancer.reactive.LoadBalancerBeanPostProcessorAutoConfiguration$ReactorDeferringLoadBalancerFilterConfig] is not eligible for getting processed by all BeanPostProcessors (for example: not eligible for auto-proxying)
12:07:07.575 [main] INFO  o.s.c.s.PostProcessorRegistrationDelegate$BeanPostProcessorChecker - [postProcessAfterInitialization,409] - Bean 'reactorDeferringLoadBalancerExchangeFilterFunction' of type [org.springframework.cloud.client.loadbalancer.reactive.DeferringLoadBalancerExchangeFilterFunction] is not eligible for getting processed by all BeanPostProcessors (for example: not eligible for auto-proxying)
12:07:09.204 [main] INFO  o.s.c.c.u.InetUtils - [convertAddress,170] - Cannot determine local hostname
12:07:10.669 [main] INFO  o.s.c.c.u.InetUtils - [convertAddress,170] - Cannot determine local hostname
12:07:10.867 [main] INFO  o.s.c.g.r.RouteDefinitionRouteLocator - [lambda$initFactories$1,88] - Loaded RoutePredicateFactory [After]
12:07:10.869 [main] INFO  o.s.c.g.r.RouteDefinitionRouteLocator - [lambda$initFactories$1,88] - Loaded RoutePredicateFactory [Before]
12:07:10.869 [main] INFO  o.s.c.g.r.RouteDefinitionRouteLocator - [lambda$initFactories$1,88] - Loaded RoutePredicateFactory [Between]
12:07:10.869 [main] INFO  o.s.c.g.r.RouteDefinitionRouteLocator - [lambda$initFactories$1,88] - Loaded RoutePredicateFactory [Cookie]
12:07:10.869 [main] INFO  o.s.c.g.r.RouteDefinitionRouteLocator - [lambda$initFactories$1,88] - Loaded RoutePredicateFactory [Header]
12:07:10.869 [main] INFO  o.s.c.g.r.RouteDefinitionRouteLocator - [lambda$initFactories$1,88] - Loaded RoutePredicateFactory [Host]
12:07:10.869 [main] INFO  o.s.c.g.r.RouteDefinitionRouteLocator - [lambda$initFactories$1,88] - Loaded RoutePredicateFactory [Method]
12:07:10.869 [main] INFO  o.s.c.g.r.RouteDefinitionRouteLocator - [lambda$initFactories$1,88] - Loaded RoutePredicateFactory [Path]
12:07:10.869 [main] INFO  o.s.c.g.r.RouteDefinitionRouteLocator - [lambda$initFactories$1,88] - Loaded RoutePredicateFactory [Query]
12:07:10.869 [main] INFO  o.s.c.g.r.RouteDefinitionRouteLocator - [lambda$initFactories$1,88] - Loaded RoutePredicateFactory [ReadBody]
12:07:10.869 [main] INFO  o.s.c.g.r.RouteDefinitionRouteLocator - [lambda$initFactories$1,88] - Loaded RoutePredicateFactory [RemoteAddr]
12:07:10.869 [main] INFO  o.s.c.g.r.RouteDefinitionRouteLocator - [lambda$initFactories$1,88] - Loaded RoutePredicateFactory [XForwardedRemoteAddr]
12:07:10.869 [main] INFO  o.s.c.g.r.RouteDefinitionRouteLocator - [lambda$initFactories$1,88] - Loaded RoutePredicateFactory [Weight]
12:07:10.869 [main] INFO  o.s.c.g.r.RouteDefinitionRouteLocator - [lambda$initFactories$1,88] - Loaded RoutePredicateFactory [CloudFoundryRouteService]
12:07:12.197 [main] INFO  o.s.c.c.u.InetUtils - [convertAddress,170] - Cannot determine local hostname
12:07:12.445 [main] INFO  o.s.b.w.e.n.NettyWebServer - [start,111] - Netty started on port 19090
12:07:13.666 [main] INFO  o.s.c.c.u.InetUtils - [convertAddress,170] - Cannot determine local hostname
12:07:14.846 [main] INFO  o.s.c.c.u.InetUtils - [convertAddress,170] - Cannot determine local hostname
12:07:14.848 [main] INFO  c.a.n.client.naming - [initNamespaceForNaming,62] - initializer namespace from ans.namespace attribute : null
12:07:14.850 [main] INFO  c.a.n.client.naming - [lambda$initNamespaceForNaming$0,66] - initializer namespace from ALIBABA_ALIWARE_NAMESPACE attribute :null
12:07:14.850 [main] INFO  c.a.n.client.naming - [lambda$initNamespaceForNaming$1,73] - initializer namespace from namespace attribute :null
12:07:14.857 [main] INFO  c.a.n.p.a.s.c.ClientAuthPluginManager - [init,56] - [ClientAuthPluginManager] Load ClientAuthService com.alibaba.nacos.client.auth.impl.NacosClientAuthServiceImpl success.
12:07:14.857 [main] INFO  c.a.n.p.a.s.c.ClientAuthPluginManager - [init,56] - [ClientAuthPluginManager] Load ClientAuthService com.alibaba.nacos.client.auth.ram.RamClientAuthServiceImpl success.
12:07:14.861 [main] INFO  c.a.n.c.r.client - [lambda$createClient$0,108] - [RpcClientFactory] create a new rpc client of 3093886b-103e-4d49-8d97-54a1cfa7172b
12:07:14.862 [main] INFO  c.a.n.c.r.client - [printIfInfoEnabled,63] - [3093886b-103e-4d49-8d97-54a1cfa7172b] RpcClient init, ServerListFactory = com.alibaba.nacos.client.naming.core.ServerListManager
12:07:14.862 [main] INFO  c.a.n.c.r.client - [printIfInfoEnabled,63] - [3093886b-103e-4d49-8d97-54a1cfa7172b] Registry connection listener to current client:com.alibaba.nacos.client.naming.remote.gprc.redo.NamingGrpcRedoService
12:07:14.862 [main] INFO  c.a.n.c.r.client - [printIfInfoEnabled,63] - [3093886b-103e-4d49-8d97-54a1cfa7172b] Register server push request handler:com.alibaba.nacos.client.naming.remote.gprc.NamingPushRequestHandler
12:07:14.863 [main] INFO  c.a.n.c.r.client - [printIfInfoEnabled,63] - [3093886b-103e-4d49-8d97-54a1cfa7172b] Try to connect to server on start up, server: {serverIp = '47.118.20.7', server main port = 8848}
12:07:14.863 [main] INFO  c.a.n.c.r.c.g.GrpcClient - [createNewManagedChannel,182] - grpc client connection server:47.118.20.7 ip,serverPort:9848,grpcTslConfig:{"sslProvider":"OPENSSL","enableTls":false,"mutualAuthEnable":false,"trustAll":false}
12:07:15.111 [main] INFO  c.a.n.c.r.client - [printIfInfoEnabled,63] - [3093886b-103e-4d49-8d97-54a1cfa7172b] Success to connect to server [47.118.20.7:8848] on start up, connectionId = 1772770034116_182.150.122.45_2614
12:07:15.111 [main] INFO  c.a.n.c.r.client - [printIfInfoEnabled,63] - [3093886b-103e-4d49-8d97-54a1cfa7172b] Register server push request handler:com.alibaba.nacos.common.remote.client.RpcClient$ConnectResetRequestHandler
12:07:15.111 [com.alibaba.nacos.client.remote.worker] INFO  c.a.n.c.r.client - [printIfInfoEnabled,63] - [3093886b-103e-4d49-8d97-54a1cfa7172b] Notify connected event to listeners.
12:07:15.111 [com.alibaba.nacos.client.remote.worker] INFO  c.a.n.client.naming - [onConnected,78] - Grpc connection connect
12:07:15.111 [main] INFO  c.a.n.c.r.client - [printIfInfoEnabled,63] - [3093886b-103e-4d49-8d97-54a1cfa7172b] Register server push request handler:com.alibaba.nacos.common.remote.client.RpcClient$$Lambda$596/0x0000017fcb4d0890
12:07:15.112 [main] INFO  c.a.n.client.naming - [registerService,121] - [REGISTER-SERVICE] public registering service oj-gateway with instance Instance{instanceId='null', ip='192.168.81.1', port=19090, weight=1.0, healthy=true, enabled=true, ephemeral=true, clusterName='DEFAULT', serviceName='null', metadata={IPv6=null, preserved.register.source=SPRING_CLOUD}}
12:07:15.162 [main] INFO  c.a.c.n.r.NacosServiceRegistry - [register,76] - nacos registry, DEFAULT_GROUP oj-gateway 192.168.81.1:19090 register finished
12:07:15.194 [main] INFO  c.e.g.OjGatewayApplication - [logStarted,57] - Started OjGatewayApplication in 12.791 seconds (process running for 13.292)
12:07:15.196 [main] INFO  c.a.n.c.c.i.CacheData - [<clinit>,67] - nacos.cache.data.init.snapshot = true 
12:07:15.198 [main] INFO  c.a.n.c.c.i.ClientWorker - [addCacheDataIfAbsent,380] - [fixed-47.118.20.7_8848] [subscribe] oj-gateway-local.yaml+DEFAULT_GROUP
12:07:15.202 [main] INFO  c.a.n.c.c.i.CacheData - [addListener,197] - [fixed-47.118.20.7_8848] [add-listener] ok, tenant=, dataId=oj-gateway-local.yaml, group=DEFAULT_GROUP, cnt=1
12:07:15.202 [main] INFO  c.a.c.n.r.NacosContextRefresher - [registerNacosListener,129] - [Nacos Config] Listening config: dataId=oj-gateway-local.yaml, group=DEFAULT_GROUP
12:07:15.203 [main] INFO  c.a.n.c.c.i.ClientWorker - [addCacheDataIfAbsent,380] - [fixed-47.118.20.7_8848] [subscribe] oj-gateway+DEFAULT_GROUP
12:07:15.203 [main] INFO  c.a.n.c.c.i.CacheData - [addListener,197] - [fixed-47.118.20.7_8848] [add-listener] ok, tenant=, dataId=oj-gateway, group=DEFAULT_GROUP, cnt=1
12:07:15.203 [main] INFO  c.a.c.n.r.NacosContextRefresher - [registerNacosListener,129] - [Nacos Config] Listening config: dataId=oj-gateway, group=DEFAULT_GROUP
12:07:15.203 [main] INFO  c.a.n.c.c.i.ClientWorker - [addCacheDataIfAbsent,380] - [fixed-47.118.20.7_8848] [subscribe] oj-gateway.yaml+DEFAULT_GROUP
12:07:15.203 [main] INFO  c.a.n.c.c.i.CacheData - [addListener,197] - [fixed-47.118.20.7_8848] [add-listener] ok, tenant=, dataId=oj-gateway.yaml, group=DEFAULT_GROUP, cnt=1
12:07:15.203 [main] INFO  c.a.c.n.r.NacosContextRefresher - [registerNacosListener,129] - [Nacos Config] Listening config: dataId=oj-gateway.yaml, group=DEFAULT_GROUP
12:07:46.545 [boundedElastic-1] INFO  c.a.n.client.naming - [subscribe,167] - [SUBSCRIBE-SERVICE] service:oj-system, group:DEFAULT_GROUP, clusters: 
12:07:46.890 [boundedElastic-1] INFO  c.a.n.client.naming - [isChangedServiceInfo,184] - init new ips(1) service: DEFAULT_GROUP@@oj-system -> [{"instanceId":"192.168.81.1#9201#DEFAULT#DEFAULT_GROUP@@oj-system","ip":"192.168.81.1","port":9201,"weight":1.0,"healthy":true,"enabled":true,"ephemeral":true,"clusterName":"DEFAULT","serviceName":"DEFAULT_GROUP@@oj-system","metadata":{"preserved.register.source":"SPRING_CLOUD"},"ipDeleteTimeout":30000,"instanceHeartBeatTimeOut":15000,"instanceHeartBeatInterval":5000}]
12:07:46.894 [boundedElastic-1] INFO  c.a.n.client.naming - [processServiceInfo,169] - current ips:(1) service: DEFAULT_GROUP@@oj-system -> [{"instanceId":"192.168.81.1#9201#DEFAULT#DEFAULT_GROUP@@oj-system","ip":"192.168.81.1","port":9201,"weight":1.0,"healthy":true,"enabled":true,"ephemeral":true,"clusterName":"DEFAULT","serviceName":"DEFAULT_GROUP@@oj-system","metadata":{"preserved.register.source":"SPRING_CLOUD"},"ipDeleteTimeout":30000,"instanceHeartBeatTimeOut":15000,"instanceHeartBeatInterval":5000}]
12:07:47.205 [nacos-grpc-client-executor-47.118.20.7-14] INFO  c.a.n.c.r.client - [printIfInfoEnabled,63] - [3093886b-103e-4d49-8d97-54a1cfa7172b] Receive server push request, request = NotifySubscriberRequest, requestId = 20
12:07:47.206 [nacos-grpc-client-executor-47.118.20.7-14] INFO  c.a.n.c.r.client - [printIfInfoEnabled,63] - [3093886b-103e-4d49-8d97-54a1cfa7172b] Ack server push request, request = NotifySubscriberRequest, requestId = 20
15:20:11.698 [com.alibaba.nacos.client.remote.worker] INFO  c.a.n.c.r.client - [printIfInfoEnabled,63] - [9b8a41ff-655a-4879-89a3-8ad9fd0813e8_config-0] Try to reconnect to a new server, server is  not appointed, will choose a random server.
15:20:11.750 [com.alibaba.nacos.client.remote.worker] INFO  c.a.n.c.r.c.g.GrpcClient - [createNewManagedChannel,182] - grpc client connection server:47.118.20.7 ip,serverPort:9848,grpcTslConfig:{"sslProvider":"OPENSSL","enableTls":false,"mutualAuthEnable":false,"trustAll":false}
15:20:11.766 [com.alibaba.nacos.client.remote.worker] INFO  c.a.n.c.r.client - [printIfInfoEnabled,63] - [3093886b-103e-4d49-8d97-54a1cfa7172b] Try to reconnect to a new server, server is  not appointed, will choose a random server.
15:20:11.768 [com.alibaba.nacos.client.remote.worker] INFO  c.a.n.c.r.c.g.GrpcClient - [createNewManagedChannel,182] - grpc client connection server:47.118.20.7 ip,serverPort:9848,grpcTslConfig:{"sslProvider":"OPENSSL","enableTls":false,"mutualAuthEnable":false,"trustAll":false}
15:20:11.808 [lettuce-nioEventLoop-5-1] INFO  i.l.c.p.CommandHandler - [log,217] - null Unexpected exception during request: java.net.SocketException: Connection reset
java.net.SocketException: Connection reset
	at java.base/sun.nio.ch.SocketChannelImpl.throwConnectionReset(SocketChannelImpl.java:394)
	at java.base/sun.nio.ch.SocketChannelImpl.read(SocketChannelImpl.java:426)
	at io.netty.buffer.PooledByteBuf.setBytes(PooledByteBuf.java:259)
	at io.netty.buffer.AbstractByteBuf.writeBytes(AbstractByteBuf.java:1132)
	at io.netty.channel.socket.nio.NioSocketChannel.doReadBytes(NioSocketChannel.java:357)
	at io.netty.channel.nio.AbstractNioByteChannel$NioByteUnsafe.read(AbstractNioByteChannel.java:151)
	at io.netty.channel.nio.NioEventLoop.processSelectedKey(NioEventLoop.java:788)
	at io.netty.channel.nio.NioEventLoop.processSelectedKeysOptimized(NioEventLoop.java:724)
	at io.netty.channel.nio.NioEventLoop.processSelectedKeys(NioEventLoop.java:650)
	at io.netty.channel.nio.NioEventLoop.run(NioEventLoop.java:562)
	at io.netty.util.concurrent.SingleThreadEventExecutor$4.run(SingleThreadEventExecutor.java:997)
	at io.netty.util.internal.ThreadExecutorMap$2.run(ThreadExecutorMap.java:74)
	at io.netty.util.concurrent.FastThreadLocalRunnable.run(FastThreadLocalRunnable.java:30)
	at java.base/java.lang.Thread.run(Thread.java:840)
15:20:13.734 [lettuce-eventExecutorLoop-3-3] INFO  i.l.c.p.ConnectionWatchdog - [log,171] - Reconnecting, last destination was /47.118.20.7:6379
15:20:13.978 [com.alibaba.nacos.client.remote.worker] INFO  c.a.n.c.r.c.g.GrpcClient - [createNewManagedChannel,182] - grpc client connection server:47.118.20.7 ip,serverPort:9848,grpcTslConfig:{"sslProvider":"OPENSSL","enableTls":false,"mutualAuthEnable":false,"trustAll":false}
15:20:13.978 [com.alibaba.nacos.client.remote.worker] INFO  c.a.n.c.r.c.g.GrpcClient - [createNewManagedChannel,182] - grpc client connection server:47.118.20.7 ip,serverPort:9848,grpcTslConfig:{"sslProvider":"OPENSSL","enableTls":false,"mutualAuthEnable":false,"trustAll":false}
15:20:14.036 [com.alibaba.nacos.client.remote.worker] INFO  c.a.n.c.r.client - [printIfInfoEnabled,63] - [9b8a41ff-655a-4879-89a3-8ad9fd0813e8_config-0] Fail to connect server, after trying 1 times, last try server is {serverIp = '47.118.20.7', server main port = 8848}, error = unknown
15:20:14.057 [com.alibaba.nacos.client.remote.worker] INFO  c.a.n.c.r.client - [printIfInfoEnabled,63] - [3093886b-103e-4d49-8d97-54a1cfa7172b] Fail to connect server, after trying 1 times, last try server is {serverIp = '47.118.20.7', server main port = 8848}, error = unknown
15:20:14.242 [com.alibaba.nacos.client.remote.worker] INFO  c.a.n.c.r.c.g.GrpcClient - [createNewManagedChannel,182] - grpc client connection server:47.118.20.7 ip,serverPort:9848,grpcTslConfig:{"sslProvider":"OPENSSL","enableTls":false,"mutualAuthEnable":false,"trustAll":false}
15:20:14.272 [com.alibaba.nacos.client.remote.worker] INFO  c.a.n.c.r.c.g.GrpcClient - [createNewManagedChannel,182] - grpc client connection server:47.118.20.7 ip,serverPort:9848,grpcTslConfig:{"sslProvider":"OPENSSL","enableTls":false,"mutualAuthEnable":false,"trustAll":false}
15:20:14.690 [com.alibaba.nacos.client.remote.worker] INFO  c.a.n.c.r.client - [printIfInfoEnabled,63] - [3093886b-103e-4d49-8d97-54a1cfa7172b] Fail to connect server, after trying 2 times, last try server is {serverIp = '47.118.20.7', server main port = 8848}, error = unknown
15:20:14.690 [com.alibaba.nacos.client.remote.worker] INFO  c.a.n.c.r.client - [printIfInfoEnabled,63] - [9b8a41ff-655a-4879-89a3-8ad9fd0813e8_config-0] Fail to connect server, after trying 2 times, last try server is {serverIp = '47.118.20.7', server main port = 8848}, error = unknown
15:20:14.997 [com.alibaba.nacos.client.remote.worker] INFO  c.a.n.c.r.c.g.GrpcClient - [createNewManagedChannel,182] - grpc client connection server:47.118.20.7 ip,serverPort:9848,grpcTslConfig:{"sslProvider":"OPENSSL","enableTls":false,"mutualAuthEnable":false,"trustAll":false}
15:20:14.998 [com.alibaba.nacos.client.remote.worker] INFO  c.a.n.c.r.c.g.GrpcClient - [createNewManagedChannel,182] - grpc client connection server:47.118.20.7 ip,serverPort:9848,grpcTslConfig:{"sslProvider":"OPENSSL","enableTls":false,"mutualAuthEnable":false,"trustAll":false}
15:20:15.006 [com.alibaba.nacos.client.remote.worker] INFO  c.a.n.c.r.client - [printIfInfoEnabled,63] - [9b8a41ff-655a-4879-89a3-8ad9fd0813e8_config-0] Fail to connect server, after trying 3 times, last try server is {serverIp = '47.118.20.7', server main port = 8848}, error = unknown
15:20:15.007 [com.alibaba.nacos.client.remote.worker] INFO  c.a.n.c.r.client - [printIfInfoEnabled,63] - [3093886b-103e-4d49-8d97-54a1cfa7172b] Fail to connect server, after trying 3 times, last try server is {serverIp = '47.118.20.7', server main port = 8848}, error = unknown
15:20:15.421 [com.alibaba.nacos.client.remote.worker] INFO  c.a.n.c.r.c.g.GrpcClient - [createNewManagedChannel,182] - grpc client connection server:47.118.20.7 ip,serverPort:9848,grpcTslConfig:{"sslProvider":"OPENSSL","enableTls":false,"mutualAuthEnable":false,"trustAll":false}
15:20:15.420 [com.alibaba.nacos.client.remote.worker] INFO  c.a.n.c.r.c.g.GrpcClient - [createNewManagedChannel,182] - grpc client connection server:47.118.20.7 ip,serverPort:9848,grpcTslConfig:{"sslProvider":"OPENSSL","enableTls":false,"mutualAuthEnable":false,"trustAll":false}
15:20:15.432 [com.alibaba.nacos.client.remote.worker] INFO  c.a.n.c.r.client - [printIfInfoEnabled,63] - [3093886b-103e-4d49-8d97-54a1cfa7172b] Fail to connect server, after trying 4 times, last try server is {serverIp = '47.118.20.7', server main port = 8848}, error = unknown
15:20:15.433 [com.alibaba.nacos.client.remote.worker] INFO  c.a.n.c.r.client - [printIfInfoEnabled,63] - [9b8a41ff-655a-4879-89a3-8ad9fd0813e8_config-0] Fail to connect server, after trying 4 times, last try server is {serverIp = '47.118.20.7', server main port = 8848}, error = unknown
15:20:15.934 [com.alibaba.nacos.client.remote.worker] INFO  c.a.n.c.r.c.g.GrpcClient - [createNewManagedChannel,182] - grpc client connection server:47.118.20.7 ip,serverPort:9848,grpcTslConfig:{"sslProvider":"OPENSSL","enableTls":false,"mutualAuthEnable":false,"trustAll":false}
15:20:15.947 [com.alibaba.nacos.client.remote.worker] INFO  c.a.n.c.r.client - [printIfInfoEnabled,63] - [3093886b-103e-4d49-8d97-54a1cfa7172b] Fail to connect server, after trying 5 times, last try server is {serverIp = '47.118.20.7', server main port = 8848}, error = unknown
15:20:15.950 [com.alibaba.nacos.client.remote.worker] INFO  c.a.n.c.r.c.g.GrpcClient - [createNewManagedChannel,182] - grpc client connection server:47.118.20.7 ip,serverPort:9848,grpcTslConfig:{"sslProvider":"OPENSSL","enableTls":false,"mutualAuthEnable":false,"trustAll":false}
15:20:15.959 [com.alibaba.nacos.client.remote.worker] INFO  c.a.n.c.r.client - [printIfInfoEnabled,63] - [9b8a41ff-655a-4879-89a3-8ad9fd0813e8_config-0] Fail to connect server, after trying 5 times, last try server is {serverIp = '47.118.20.7', server main port = 8848}, error = unknown
15:20:16.556 [com.alibaba.nacos.client.remote.worker] INFO  c.a.n.c.r.c.g.GrpcClient - [createNewManagedChannel,182] - grpc client connection server:47.118.20.7 ip,serverPort:9848,grpcTslConfig:{"sslProvider":"OPENSSL","enableTls":false,"mutualAuthEnable":false,"trustAll":false}
15:20:16.575 [com.alibaba.nacos.client.remote.worker] INFO  c.a.n.c.r.c.g.GrpcClient - [createNewManagedChannel,182] - grpc client connection server:47.118.20.7 ip,serverPort:9848,grpcTslConfig:{"sslProvider":"OPENSSL","enableTls":false,"mutualAuthEnable":false,"trustAll":false}
15:21:05.596 [com.alibaba.nacos.client.remote.worker] INFO  c.a.n.c.r.client - [printIfInfoEnabled,63] - [3093886b-103e-4d49-8d97-54a1cfa7172b] Fail to connect server, after trying 6 times, last try server is {serverIp = '47.118.20.7', server main port = 8848}, error = unknown
15:21:05.720 [lettuce-eventExecutorLoop-3-13] INFO  i.l.c.p.ConnectionWatchdog - [log,171] - Reconnecting, last destination was 47.118.20.7/<unresolved>:6379
15:21:06.194 [com.alibaba.nacos.client.remote.worker] INFO  c.a.n.c.r.client - [printIfInfoEnabled,63] - [9b8a41ff-655a-4879-89a3-8ad9fd0813e8_config-0] Fail to connect server, after trying 6 times, last try server is {serverIp = '47.118.20.7', server main port = 8848}, error = unknown
15:21:06.298 [com.alibaba.nacos.client.remote.worker] INFO  c.a.n.c.r.c.g.GrpcClient - [createNewManagedChannel,182] - grpc client connection server:47.118.20.7 ip,serverPort:9848,grpcTslConfig:{"sslProvider":"OPENSSL","enableTls":false,"mutualAuthEnable":false,"trustAll":false}
15:21:06.337 [com.alibaba.nacos.client.remote.worker] INFO  c.a.n.c.r.client - [printIfInfoEnabled,63] - [3093886b-103e-4d49-8d97-54a1cfa7172b] Fail to connect server, after trying 7 times, last try server is {serverIp = '47.118.20.7', server main port = 8848}, error = unknown
15:21:06.907 [com.alibaba.nacos.client.remote.worker] INFO  c.a.n.c.r.c.g.GrpcClient - [createNewManagedChannel,182] - grpc client connection server:47.118.20.7 ip,serverPort:9848,grpcTslConfig:{"sslProvider":"OPENSSL","enableTls":false,"mutualAuthEnable":false,"trustAll":false}
15:21:07.144 [com.alibaba.nacos.client.remote.worker] INFO  c.a.n.c.r.c.g.GrpcClient - [createNewManagedChannel,182] - grpc client connection server:47.118.20.7 ip,serverPort:9848,grpcTslConfig:{"sslProvider":"OPENSSL","enableTls":false,"mutualAuthEnable":false,"trustAll":false}
15:21:07.222 [com.alibaba.nacos.client.remote.worker] INFO  c.a.n.c.r.client - [printIfInfoEnabled,63] - [9b8a41ff-655a-4879-89a3-8ad9fd0813e8_config-0] Success to connect a server [47.118.20.7:8848], connectionId = 1772781666282_182.150.122.45_2617
15:21:07.222 [com.alibaba.nacos.client.remote.worker] INFO  c.a.n.c.r.client - [printIfInfoEnabled,63] - [9b8a41ff-655a-4879-89a3-8ad9fd0813e8_config-0] Abandon prev connection, server is 47.118.20.7:8848, connectionId is 1772770025521_182.150.122.45_2612
15:21:07.222 [com.alibaba.nacos.client.remote.worker] INFO  c.a.n.c.r.client - [closeConnection,584] - Close current connection 1772770025521_182.150.122.45_2612
15:21:07.223 [com.alibaba.nacos.client.remote.worker] INFO  c.a.n.c.r.client - [printIfInfoEnabled,63] - [9b8a41ff-655a-4879-89a3-8ad9fd0813e8_config-0] Notify disconnected event to listeners
15:21:07.223 [com.alibaba.nacos.client.remote.worker] INFO  c.a.n.c.c.i.ClientWorker - [onDisConnect,646] - [9b8a41ff-655a-4879-89a3-8ad9fd0813e8_config-0] DisConnected,clear listen context...
15:21:07.224 [com.alibaba.nacos.client.remote.worker] INFO  c.a.n.c.r.client - [printIfInfoEnabled,63] - [9b8a41ff-655a-4879-89a3-8ad9fd0813e8_config-0] Notify connected event to listeners.
15:21:07.224 [com.alibaba.nacos.client.remote.worker] INFO  c.a.n.c.c.i.ClientWorker - [onConnected,639] - [9b8a41ff-655a-4879-89a3-8ad9fd0813e8_config-0] Connected,notify listen context...
15:21:07.677 [com.alibaba.nacos.client.remote.worker] INFO  c.a.n.c.r.client - [printIfInfoEnabled,63] - [3093886b-103e-4d49-8d97-54a1cfa7172b] Success to connect a server [47.118.20.7:8848], connectionId = 1772781666476_182.150.122.45_2619
15:21:07.683 [com.alibaba.nacos.client.remote.worker] INFO  c.a.n.c.r.client - [printIfInfoEnabled,63] - [3093886b-103e-4d49-8d97-54a1cfa7172b] Abandon prev connection, server is 47.118.20.7:8848, connectionId is 1772770034116_182.150.122.45_2614
15:21:07.683 [com.alibaba.nacos.client.remote.worker] INFO  c.a.n.c.r.client - [closeConnection,584] - Close current connection 1772770034116_182.150.122.45_2614
15:21:07.684 [com.alibaba.nacos.client.remote.worker] INFO  c.a.n.c.r.client - [printIfInfoEnabled,63] - [3093886b-103e-4d49-8d97-54a1cfa7172b] Notify disconnected event to listeners
15:21:07.686 [com.alibaba.nacos.client.remote.worker] INFO  c.a.n.c.r.client - [printIfInfoEnabled,63] - [3093886b-103e-4d49-8d97-54a1cfa7172b] Notify connected event to listeners.
15:21:07.686 [com.alibaba.nacos.client.remote.worker] INFO  c.a.n.client.naming - [onConnected,78] - Grpc connection connect
15:21:07.895 [com.alibaba.nacos.client.naming.grpc.redo.0] INFO  c.a.n.client.naming - [redoForInstance,73] - Redo instance operation REGISTER for DEFAULT_GROUP@@oj-gateway
15:21:07.968 [com.alibaba.nacos.client.naming.grpc.redo.0] INFO  c.a.n.client.naming - [redoForSubscribe,121] - Redo subscriber operation REGISTER for DEFAULT_GROUP@@oj-system#
15:21:08.626 [lettuce-nioEventLoop-5-13] INFO  i.l.c.p.ReconnectionHandler - [lambda$null$3,174] - Reconnected to 47.118.20.7/<unresolved>:6379
15:21:08.696 [nacos-grpc-client-executor-47.118.20.7-2272] INFO  c.a.n.c.r.client - [printIfInfoEnabled,63] - [3093886b-103e-4d49-8d97-54a1cfa7172b] Receive server push request, request = NotifySubscriberRequest, requestId = 21
15:21:08.702 [nacos-grpc-client-executor-47.118.20.7-2272] INFO  c.a.n.client.naming - [isChangedServiceInfo,241] - removed ips(1) service: DEFAULT_GROUP@@oj-system -> [{"instanceId":"192.168.81.1#9201#DEFAULT#DEFAULT_GROUP@@oj-system","ip":"192.168.81.1","port":9201,"weight":1.0,"healthy":true,"enabled":true,"ephemeral":true,"clusterName":"DEFAULT","serviceName":"DEFAULT_GROUP@@oj-system","metadata":{"preserved.register.source":"SPRING_CLOUD"},"ipDeleteTimeout":30000,"instanceHeartBeatTimeOut":15000,"instanceHeartBeatInterval":5000}]
15:21:08.703 [nacos-grpc-client-executor-47.118.20.7-2272] INFO  c.a.n.client.naming - [processServiceInfo,169] - current ips:(0) service: DEFAULT_GROUP@@oj-system -> []
15:21:08.709 [nacos-grpc-client-executor-47.118.20.7-2272] INFO  c.a.n.c.r.client - [printIfInfoEnabled,63] - [3093886b-103e-4d49-8d97-54a1cfa7172b] Ack server push request, request = NotifySubscriberRequest, requestId = 21
15:21:13.190 [nacos-grpc-client-executor-47.118.20.7-2273] INFO  c.a.n.c.r.client - [printIfInfoEnabled,63] - [3093886b-103e-4d49-8d97-54a1cfa7172b] Receive server push request, request = NotifySubscriberRequest, requestId = 22
15:21:13.191 [nacos-grpc-client-executor-47.118.20.7-2273] INFO  c.a.n.client.naming - [isChangedServiceInfo,235] - new ips(1) service: DEFAULT_GROUP@@oj-system -> [{"instanceId":"192.168.81.1#9201#DEFAULT#DEFAULT_GROUP@@oj-system","ip":"192.168.81.1","port":9201,"weight":1.0,"healthy":true,"enabled":true,"ephemeral":true,"clusterName":"DEFAULT","serviceName":"DEFAULT_GROUP@@oj-system","metadata":{"preserved.register.source":"SPRING_CLOUD"},"ipDeleteTimeout":30000,"instanceHeartBeatTimeOut":15000,"instanceHeartBeatInterval":5000}]
15:21:13.191 [nacos-grpc-client-executor-47.118.20.7-2273] INFO  c.a.n.client.naming - [processServiceInfo,169] - current ips:(1) service: DEFAULT_GROUP@@oj-system -> [{"instanceId":"192.168.81.1#9201#DEFAULT#DEFAULT_GROUP@@oj-system","ip":"192.168.81.1","port":9201,"weight":1.0,"healthy":true,"enabled":true,"ephemeral":true,"clusterName":"DEFAULT","serviceName":"DEFAULT_GROUP@@oj-system","metadata":{"preserved.register.source":"SPRING_CLOUD"},"ipDeleteTimeout":30000,"instanceHeartBeatTimeOut":15000,"instanceHeartBeatInterval":5000}]
15:21:13.195 [nacos-grpc-client-executor-47.118.20.7-2273] INFO  c.a.n.c.r.client - [printIfInfoEnabled,63] - [3093886b-103e-4d49-8d97-54a1cfa7172b] Ack server push request, request = NotifySubscriberRequest, requestId = 22
15:24:37.832 [SpringApplicationShutdownHook] INFO  c.a.c.n.r.NacosServiceRegistry - [deregister,95] - De-registering from Nacos Server now...
15:24:37.833 [SpringApplicationShutdownHook] INFO  c.a.n.client.naming - [deregisterService,217] - [DEREGISTER-SERVICE] public deregistering service oj-gateway with instance: Instance{instanceId='null', ip='192.168.81.1', port=19090, weight=1.0, healthy=true, enabled=true, ephemeral=true, clusterName='DEFAULT', serviceName='null', metadata={}}
15:24:38.156 [SpringApplicationShutdownHook] INFO  c.a.c.n.r.NacosServiceRegistry - [deregister,115] - De-registration finished.
15:24:38.157 [SpringApplicationShutdownHook] INFO  c.a.n.client.naming - [shutdown,256] - com.alibaba.nacos.client.naming.cache.ServiceInfoHolder do shutdown begin
15:24:38.157 [SpringApplicationShutdownHook] INFO  c.a.n.client.naming - [shutdown,136] - com.alibaba.nacos.client.naming.backups.FailoverReactor do shutdown begin
15:24:38.159 [SpringApplicationShutdownHook] INFO  c.a.n.client.naming - [shutdown,138] - com.alibaba.nacos.client.naming.backups.FailoverReactor do shutdown stop
15:24:38.159 [SpringApplicationShutdownHook] INFO  c.a.n.client.naming - [shutdown,258] - com.alibaba.nacos.client.naming.cache.ServiceInfoHolder do shutdown stop
15:24:38.160 [SpringApplicationShutdownHook] INFO  c.a.n.client.naming - [shutdown,204] - com.alibaba.nacos.client.naming.remote.NamingClientProxyDelegate do shutdown begin
15:24:38.160 [SpringApplicationShutdownHook] INFO  c.a.n.client.naming - [shutdown,143] - com.alibaba.nacos.client.naming.core.ServiceInfoUpdateService do shutdown begin
15:24:38.160 [SpringApplicationShutdownHook] INFO  c.a.n.client.naming - [shutdown,145] - com.alibaba.nacos.client.naming.core.ServiceInfoUpdateService do shutdown stop
15:24:38.161 [SpringApplicationShutdownHook] INFO  c.a.n.client.naming - [shutdown,194] - com.alibaba.nacos.client.naming.core.ServerListManager do shutdown begin
15:24:38.161 [SpringApplicationShutdownHook] INFO  c.a.n.client.naming - [shutdown,199] - com.alibaba.nacos.client.naming.core.ServerListManager do shutdown stop
15:24:38.161 [SpringApplicationShutdownHook] INFO  c.a.n.client.naming - [shutdown,484] - com.alibaba.nacos.client.naming.remote.http.NamingHttpClientProxy do shutdown begin
15:24:38.162 [SpringApplicationShutdownHook] INFO  c.a.n.client.naming - [shutdown,486] - com.alibaba.nacos.client.naming.remote.http.NamingHttpClientProxy do shutdown stop
15:24:38.162 [SpringApplicationShutdownHook] INFO  c.a.n.c.r.client - [shutdown,429] - Shutdown rpc client, set status to shutdown
15:24:38.162 [SpringApplicationShutdownHook] INFO  c.a.n.c.r.client - [shutdown,431] - Shutdown client event executor java.util.concurrent.ScheduledThreadPoolExecutor@20ccfec2[Running, pool size = 2, active threads = 2, queued tasks = 0, completed tasks = 0]
15:24:38.162 [SpringApplicationShutdownHook] INFO  c.a.n.c.r.client - [closeConnection,584] - Close current connection 1772781666476_182.150.122.45_2619
15:24:38.164 [SpringApplicationShutdownHook] INFO  c.a.n.c.r.c.g.GrpcClient - [shutdown,159] - Shutdown grpc executor java.util.concurrent.ThreadPoolExecutor@392d3cb4[Running, pool size = 3, active threads = 0, queued tasks = 0, completed tasks = 2313]
15:24:38.164 [SpringApplicationShutdownHook] INFO  c.a.n.client.naming - [shutdown,318] - Shutdown grpc redo service executor java.util.concurrent.ScheduledThreadPoolExecutor@79613a56[Running, pool size = 1, active threads = 0, queued tasks = 1, completed tasks = 3870]
15:24:38.166 [SpringApplicationShutdownHook] INFO  c.a.n.c.a.r.i.CredentialWatcher - [stop,106] - [null] CredentialWatcher is stopped
15:24:38.166 [SpringApplicationShutdownHook] INFO  c.a.n.c.a.r.i.CredentialService - [free,100] - [null] CredentialService is freed
15:24:38.167 [SpringApplicationShutdownHook] INFO  c.a.n.client.naming - [shutdown,211] - com.alibaba.nacos.client.naming.remote.NamingClientProxyDelegate do shutdown stop
15:24:39.466 [com.alibaba.nacos.client.Worker] INFO  c.a.n.c.a.r.i.CredentialWatcher - [loadCredential,165] - null No credential found
15:25:13.664 [background-preinit] INFO  o.h.v.i.util.Version - [<clinit>,21] - HV000001: Hibernate Validator 8.0.0.Final
15:25:14.059 [main] INFO  c.a.n.c.u.ParamUtil - [<clinit>,87] - [settings] [req-serv] nacos-server port:8848
15:25:14.061 [main] INFO  c.a.n.c.u.ParamUtil - [<clinit>,98] - [settings] [http-client] connect timeout:1000
15:25:14.063 [main] INFO  c.a.n.c.u.ParamUtil - [<clinit>,105] - PER_TASK_CONFIG_SIZE: 3000.0
15:25:14.105 [main] INFO  c.a.n.p.a.s.c.ClientAuthPluginManager - [init,56] - [ClientAuthPluginManager] Load ClientAuthService com.alibaba.nacos.client.auth.impl.NacosClientAuthServiceImpl success.
15:25:14.105 [main] INFO  c.a.n.p.a.s.c.ClientAuthPluginManager - [init,56] - [ClientAuthPluginManager] Load ClientAuthService com.alibaba.nacos.client.auth.ram.RamClientAuthServiceImpl success.
15:25:14.109 [main] INFO  c.a.n.c.a.r.i.CredentialWatcher - [loadCredential,165] - null No credential found
15:25:14.747 [main] INFO  c.a.n.c.c.i.LocalConfigInfoProcessor - [<clinit>,63] - LOCAL_SNAPSHOT_PATH:C:\Users\22129\nacos\config
15:25:14.756 [main] INFO  c.a.n.c.r.client - [lambda$createClient$0,108] - [RpcClientFactory] create a new rpc client of 7a65e895-de9f-4624-bf2a-1378ebc07177_config-0
15:25:14.784 [main] INFO  c.a.n.c.r.client - [printIfInfoEnabled,63] - [7a65e895-de9f-4624-bf2a-1378ebc07177_config-0] Register server push request handler:com.alibaba.nacos.client.config.impl.ClientWorker$ConfigRpcTransportClient$$Lambda$575/0x000001e7013697a8
15:25:14.785 [main] INFO  c.a.n.c.r.client - [printIfInfoEnabled,63] - [7a65e895-de9f-4624-bf2a-1378ebc07177_config-0] Register server push request handler:com.alibaba.nacos.client.config.impl.ClientWorker$ConfigRpcTransportClient$$Lambda$576/0x000001e701369bc8
15:25:14.785 [main] INFO  c.a.n.c.r.client - [printIfInfoEnabled,63] - [7a65e895-de9f-4624-bf2a-1378ebc07177_config-0] Registry connection listener to current client:com.alibaba.nacos.client.config.impl.ClientWorker$ConfigRpcTransportClient$1
15:25:14.786 [main] INFO  c.a.n.c.r.client - [printIfInfoEnabled,63] - [7a65e895-de9f-4624-bf2a-1378ebc07177_config-0] RpcClient init, ServerListFactory = com.alibaba.nacos.client.config.impl.ClientWorker$ConfigRpcTransportClient$2
15:25:14.804 [main] INFO  c.a.n.c.r.client - [printIfInfoEnabled,63] - [7a65e895-de9f-4624-bf2a-1378ebc07177_config-0] Try to connect to server on start up, server: {serverIp = '47.118.20.7', server main port = 8848}
15:25:14.853 [main] INFO  c.a.n.c.r.c.g.GrpcClient - [createNewManagedChannel,182] - grpc client connection server:47.118.20.7 ip,serverPort:9848,grpcTslConfig:{"sslProvider":"OPENSSL","enableTls":false,"mutualAuthEnable":false,"trustAll":false}
15:25:16.715 [main] INFO  c.a.n.c.r.client - [printIfInfoEnabled,63] - [7a65e895-de9f-4624-bf2a-1378ebc07177_config-0] Success to connect to server [47.118.20.7:8848] on start up, connectionId = 1772781915684_182.150.122.45_2622
15:25:16.716 [com.alibaba.nacos.client.remote.worker] INFO  c.a.n.c.r.client - [printIfInfoEnabled,63] - [7a65e895-de9f-4624-bf2a-1378ebc07177_config-0] Notify connected event to listeners.
15:25:16.716 [main] INFO  c.a.n.c.r.client - [printIfInfoEnabled,63] - [7a65e895-de9f-4624-bf2a-1378ebc07177_config-0] Register server push request handler:com.alibaba.nacos.common.remote.client.RpcClient$ConnectResetRequestHandler
15:25:16.716 [com.alibaba.nacos.client.remote.worker] INFO  c.a.n.c.c.i.ClientWorker - [onConnected,639] - [7a65e895-de9f-4624-bf2a-1378ebc07177_config-0] Connected,notify listen context...
15:25:16.716 [main] INFO  c.a.n.c.r.client - [printIfInfoEnabled,63] - [7a65e895-de9f-4624-bf2a-1378ebc07177_config-0] Register server push request handler:com.alibaba.nacos.common.remote.client.RpcClient$$Lambda$597/0x000001e7014d0890
15:25:16.767 [main] INFO  c.a.n.c.c.i.Limiter - [<clinit>,62] - limitTime:5.0
15:25:17.192 [main] INFO  c.a.n.c.c.u.JvmUtil - [<clinit>,54] - isMultiInstance:false
15:25:17.204 [main] INFO  o.s.c.b.c.PropertySourceBootstrapConfiguration - [initialize,108] - Located property source: [BootstrapPropertySource {name='bootstrapProperties-oj-gateway-local.yaml,DEFAULT_GROUP'}, BootstrapPropertySource {name='bootstrapProperties-oj-gateway.yaml,DEFAULT_GROUP'}, BootstrapPropertySource {name='bootstrapProperties-oj-gateway,DEFAULT_GROUP'}]
15:25:17.211 [main] INFO  c.e.g.OjGatewayApplication - [logStartupProfileInfo,636] - The following 1 profile is active: "local"
15:25:17.752 [main] INFO  o.s.d.r.c.RepositoryConfigurationDelegate - [multipleStoresDetected,294] - Multiple Spring Data modules found, entering strict repository configuration mode
15:25:17.756 [main] INFO  o.s.d.r.c.RepositoryConfigurationDelegate - [registerRepositoriesIn,138] - Bootstrapping Spring Data Redis repositories in DEFAULT mode.
15:25:17.778 [main] INFO  o.s.d.r.c.RepositoryConfigurationDelegate - [registerRepositoriesIn,208] - Finished Spring Data repository scanning in 7 ms. Found 0 Redis repository interfaces.
15:25:18.000 [main] INFO  o.s.c.c.s.GenericScope - [setSerializationId,282] - BeanFactory id=a2788962-74f2-3945-9f09-484e16f74f69
15:25:18.051 [main] INFO  o.s.c.s.PostProcessorRegistrationDelegate$BeanPostProcessorChecker - [postProcessAfterInitialization,409] - Bean 'org.springframework.cloud.client.loadbalancer.reactive.LoadBalancerBeanPostProcessorAutoConfiguration' of type [org.springframework.cloud.client.loadbalancer.reactive.LoadBalancerBeanPostProcessorAutoConfiguration] is not eligible for getting processed by all BeanPostProcessors (for example: not eligible for auto-proxying)
15:25:18.053 [main] INFO  o.s.c.s.PostProcessorRegistrationDelegate$BeanPostProcessorChecker - [postProcessAfterInitialization,409] - Bean 'org.springframework.cloud.client.loadbalancer.reactive.LoadBalancerBeanPostProcessorAutoConfiguration$ReactorDeferringLoadBalancerFilterConfig' of type [org.springframework.cloud.client.loadbalancer.reactive.LoadBalancerBeanPostProcessorAutoConfiguration$ReactorDeferringLoadBalancerFilterConfig] is not eligible for getting processed by all BeanPostProcessors (for example: not eligible for auto-proxying)
15:25:18.055 [main] INFO  o.s.c.s.PostProcessorRegistrationDelegate$BeanPostProcessorChecker - [postProcessAfterInitialization,409] - Bean 'reactorDeferringLoadBalancerExchangeFilterFunction' of type [org.springframework.cloud.client.loadbalancer.reactive.DeferringLoadBalancerExchangeFilterFunction] is not eligible for getting processed by all BeanPostProcessors (for example: not eligible for auto-proxying)
15:25:20.666 [main] INFO  o.s.c.g.r.RouteDefinitionRouteLocator - [lambda$initFactories$1,88] - Loaded RoutePredicateFactory [After]
15:25:20.666 [main] INFO  o.s.c.g.r.RouteDefinitionRouteLocator - [lambda$initFactories$1,88] - Loaded RoutePredicateFactory [Before]
15:25:20.667 [main] INFO  o.s.c.g.r.RouteDefinitionRouteLocator - [lambda$initFactories$1,88] - Loaded RoutePredicateFactory [Between]
15:25:20.667 [main] INFO  o.s.c.g.r.RouteDefinitionRouteLocator - [lambda$initFactories$1,88] - Loaded RoutePredicateFactory [Cookie]
15:25:20.667 [main] INFO  o.s.c.g.r.RouteDefinitionRouteLocator - [lambda$initFactories$1,88] - Loaded RoutePredicateFactory [Header]
15:25:20.667 [main] INFO  o.s.c.g.r.RouteDefinitionRouteLocator - [lambda$initFactories$1,88] - Loaded RoutePredicateFactory [Host]
15:25:20.667 [main] INFO  o.s.c.g.r.RouteDefinitionRouteLocator - [lambda$initFactories$1,88] - Loaded RoutePredicateFactory [Method]
15:25:20.667 [main] INFO  o.s.c.g.r.RouteDefinitionRouteLocator - [lambda$initFactories$1,88] - Loaded RoutePredicateFactory [Path]
15:25:20.667 [main] INFO  o.s.c.g.r.RouteDefinitionRouteLocator - [lambda$initFactories$1,88] - Loaded RoutePredicateFactory [Query]
15:25:20.667 [main] INFO  o.s.c.g.r.RouteDefinitionRouteLocator - [lambda$initFactories$1,88] - Loaded RoutePredicateFactory [ReadBody]
15:25:20.667 [main] INFO  o.s.c.g.r.RouteDefinitionRouteLocator - [lambda$initFactories$1,88] - Loaded RoutePredicateFactory [RemoteAddr]
15:25:20.667 [main] INFO  o.s.c.g.r.RouteDefinitionRouteLocator - [lambda$initFactories$1,88] - Loaded RoutePredicateFactory [XForwardedRemoteAddr]
15:25:20.669 [main] INFO  o.s.c.g.r.RouteDefinitionRouteLocator - [lambda$initFactories$1,88] - Loaded RoutePredicateFactory [Weight]
15:25:20.669 [main] INFO  o.s.c.g.r.RouteDefinitionRouteLocator - [lambda$initFactories$1,88] - Loaded RoutePredicateFactory [CloudFoundryRouteService]
15:25:21.786 [main] INFO  o.s.b.w.e.n.NettyWebServer - [start,111] - Netty started on port 19090
15:25:22.547 [main] INFO  c.a.n.client.naming - [initNamespaceForNaming,62] - initializer namespace from ans.namespace attribute : null
15:25:22.547 [main] INFO  c.a.n.client.naming - [lambda$initNamespaceForNaming$0,66] - initializer namespace from ALIBABA_ALIWARE_NAMESPACE attribute :null
15:25:22.549 [main] INFO  c.a.n.client.naming - [lambda$initNamespaceForNaming$1,73] - initializer namespace from namespace attribute :null
15:25:22.568 [main] INFO  c.a.n.p.a.s.c.ClientAuthPluginManager - [init,56] - [ClientAuthPluginManager] Load ClientAuthService com.alibaba.nacos.client.auth.impl.NacosClientAuthServiceImpl success.
15:25:22.568 [main] INFO  c.a.n.p.a.s.c.ClientAuthPluginManager - [init,56] - [ClientAuthPluginManager] Load ClientAuthService com.alibaba.nacos.client.auth.ram.RamClientAuthServiceImpl success.
15:25:22.572 [main] INFO  c.a.n.c.r.client - [lambda$createClient$0,108] - [RpcClientFactory] create a new rpc client of ddb253cb-2f47-4b23-a1d2-82c5ac017198
15:25:22.574 [main] INFO  c.a.n.c.r.client - [printIfInfoEnabled,63] - [ddb253cb-2f47-4b23-a1d2-82c5ac017198] RpcClient init, ServerListFactory = com.alibaba.nacos.client.naming.core.ServerListManager
15:25:22.575 [main] INFO  c.a.n.c.r.client - [printIfInfoEnabled,63] - [ddb253cb-2f47-4b23-a1d2-82c5ac017198] Registry connection listener to current client:com.alibaba.nacos.client.naming.remote.gprc.redo.NamingGrpcRedoService
15:25:22.576 [main] INFO  c.a.n.c.r.client - [printIfInfoEnabled,63] - [ddb253cb-2f47-4b23-a1d2-82c5ac017198] Register server push request handler:com.alibaba.nacos.client.naming.remote.gprc.NamingPushRequestHandler
15:25:22.577 [main] INFO  c.a.n.c.r.client - [printIfInfoEnabled,63] - [ddb253cb-2f47-4b23-a1d2-82c5ac017198] Try to connect to server on start up, server: {serverIp = '47.118.20.7', server main port = 8848}
15:25:22.577 [main] INFO  c.a.n.c.r.c.g.GrpcClient - [createNewManagedChannel,182] - grpc client connection server:47.118.20.7 ip,serverPort:9848,grpcTslConfig:{"sslProvider":"OPENSSL","enableTls":false,"mutualAuthEnable":false,"trustAll":false}
15:25:22.825 [main] INFO  c.a.n.c.r.client - [printIfInfoEnabled,63] - [ddb253cb-2f47-4b23-a1d2-82c5ac017198] Success to connect to server [47.118.20.7:8848] on start up, connectionId = 1772781921912_182.150.122.45_2624
15:25:22.825 [main] INFO  c.a.n.c.r.client - [printIfInfoEnabled,63] - [ddb253cb-2f47-4b23-a1d2-82c5ac017198] Register server push request handler:com.alibaba.nacos.common.remote.client.RpcClient$ConnectResetRequestHandler
15:25:22.825 [com.alibaba.nacos.client.remote.worker] INFO  c.a.n.c.r.client - [printIfInfoEnabled,63] - [ddb253cb-2f47-4b23-a1d2-82c5ac017198] Notify connected event to listeners.
15:25:22.826 [main] INFO  c.a.n.c.r.client - [printIfInfoEnabled,63] - [ddb253cb-2f47-4b23-a1d2-82c5ac017198] Register server push request handler:com.alibaba.nacos.common.remote.client.RpcClient$$Lambda$597/0x000001e7014d0890
15:25:22.826 [com.alibaba.nacos.client.remote.worker] INFO  c.a.n.client.naming - [onConnected,78] - Grpc connection connect
15:25:22.830 [main] INFO  c.a.n.client.naming - [registerService,121] - [REGISTER-SERVICE] public registering service oj-gateway with instance Instance{instanceId='null', ip='192.168.81.1', port=19090, weight=1.0, healthy=true, enabled=true, ephemeral=true, clusterName='DEFAULT', serviceName='null', metadata={IPv6=null, preserved.register.source=SPRING_CLOUD}}
15:25:22.928 [main] INFO  c.a.c.n.r.NacosServiceRegistry - [register,76] - nacos registry, DEFAULT_GROUP oj-gateway 192.168.81.1:19090 register finished
15:25:22.994 [main] INFO  c.e.g.OjGatewayApplication - [logStarted,57] - Started OjGatewayApplication in 10.246 seconds (process running for 11.5)
15:25:22.999 [main] INFO  c.a.n.c.c.i.CacheData - [<clinit>,67] - nacos.cache.data.init.snapshot = true 
15:25:23.001 [main] INFO  c.a.n.c.c.i.ClientWorker - [addCacheDataIfAbsent,380] - [fixed-47.118.20.7_8848] [subscribe] oj-gateway-local.yaml+DEFAULT_GROUP
15:25:23.009 [main] INFO  c.a.n.c.c.i.CacheData - [addListener,197] - [fixed-47.118.20.7_8848] [add-listener] ok, tenant=, dataId=oj-gateway-local.yaml, group=DEFAULT_GROUP, cnt=1
15:25:23.010 [main] INFO  c.a.c.n.r.NacosContextRefresher - [registerNacosListener,129] - [Nacos Config] Listening config: dataId=oj-gateway-local.yaml, group=DEFAULT_GROUP
15:25:23.011 [main] INFO  c.a.n.c.c.i.ClientWorker - [addCacheDataIfAbsent,380] - [fixed-47.118.20.7_8848] [subscribe] oj-gateway+DEFAULT_GROUP
15:25:23.011 [main] INFO  c.a.n.c.c.i.CacheData - [addListener,197] - [fixed-47.118.20.7_8848] [add-listener] ok, tenant=, dataId=oj-gateway, group=DEFAULT_GROUP, cnt=1
15:25:23.011 [main] INFO  c.a.c.n.r.NacosContextRefresher - [registerNacosListener,129] - [Nacos Config] Listening config: dataId=oj-gateway, group=DEFAULT_GROUP
15:25:23.012 [main] INFO  c.a.n.c.c.i.ClientWorker - [addCacheDataIfAbsent,380] - [fixed-47.118.20.7_8848] [subscribe] oj-gateway.yaml+DEFAULT_GROUP
15:25:23.012 [main] INFO  c.a.n.c.c.i.CacheData - [addListener,197] - [fixed-47.118.20.7_8848] [add-listener] ok, tenant=, dataId=oj-gateway.yaml, group=DEFAULT_GROUP, cnt=1
15:25:23.012 [main] INFO  c.a.c.n.r.NacosContextRefresher - [registerNacosListener,129] - [Nacos Config] Listening config: dataId=oj-gateway.yaml, group=DEFAULT_GROUP
15:37:07.976 [boundedElastic-1] INFO  c.a.n.client.naming - [subscribe,167] - [SUBSCRIBE-SERVICE] service:oj-system, group:DEFAULT_GROUP, clusters: 
15:37:08.030 [boundedElastic-1] INFO  c.a.n.client.naming - [isChangedServiceInfo,184] - init new ips(1) service: DEFAULT_GROUP@@oj-system -> [{"instanceId":"192.168.81.1#9201#DEFAULT#DEFAULT_GROUP@@oj-system","ip":"192.168.81.1","port":9201,"weight":1.0,"healthy":true,"enabled":true,"ephemeral":true,"clusterName":"DEFAULT","serviceName":"DEFAULT_GROUP@@oj-system","metadata":{"preserved.register.source":"SPRING_CLOUD"},"instanceHeartBeatTimeOut":15000,"instanceHeartBeatInterval":5000,"ipDeleteTimeout":30000}]
15:37:08.032 [boundedElastic-1] INFO  c.a.n.client.naming - [processServiceInfo,169] - current ips:(1) service: DEFAULT_GROUP@@oj-system -> [{"instanceId":"192.168.81.1#9201#DEFAULT#DEFAULT_GROUP@@oj-system","ip":"192.168.81.1","port":9201,"weight":1.0,"healthy":true,"enabled":true,"ephemeral":true,"clusterName":"DEFAULT","serviceName":"DEFAULT_GROUP@@oj-system","metadata":{"preserved.register.source":"SPRING_CLOUD"},"instanceHeartBeatTimeOut":15000,"instanceHeartBeatInterval":5000,"ipDeleteTimeout":30000}]
15:37:08.616 [nacos-grpc-client-executor-47.118.20.7-149] INFO  c.a.n.c.r.client - [printIfInfoEnabled,63] - [ddb253cb-2f47-4b23-a1d2-82c5ac017198] Receive server push request, request = NotifySubscriberRequest, requestId = 23
15:37:08.617 [nacos-grpc-client-executor-47.118.20.7-149] INFO  c.a.n.c.r.client - [printIfInfoEnabled,63] - [ddb253cb-2f47-4b23-a1d2-82c5ac017198] Ack server push request, request = NotifySubscriberRequest, requestId = 23
15:42:56.709 [SpringApplicationShutdownHook] INFO  c.a.c.n.r.NacosServiceRegistry - [deregister,95] - De-registering from Nacos Server now...
15:42:56.709 [SpringApplicationShutdownHook] INFO  c.a.n.client.naming - [deregisterService,217] - [DEREGISTER-SERVICE] public deregistering service oj-gateway with instance: Instance{instanceId='null', ip='192.168.81.1', port=19090, weight=1.0, healthy=true, enabled=true, ephemeral=true, clusterName='DEFAULT', serviceName='null', metadata={}}
15:42:56.759 [SpringApplicationShutdownHook] INFO  c.a.c.n.r.NacosServiceRegistry - [deregister,115] - De-registration finished.
15:42:56.760 [SpringApplicationShutdownHook] INFO  c.a.n.client.naming - [shutdown,256] - com.alibaba.nacos.client.naming.cache.ServiceInfoHolder do shutdown begin
15:42:56.760 [SpringApplicationShutdownHook] INFO  c.a.n.client.naming - [shutdown,136] - com.alibaba.nacos.client.naming.backups.FailoverReactor do shutdown begin
15:42:56.760 [SpringApplicationShutdownHook] INFO  c.a.n.client.naming - [shutdown,138] - com.alibaba.nacos.client.naming.backups.FailoverReactor do shutdown stop
15:42:56.761 [SpringApplicationShutdownHook] INFO  c.a.n.client.naming - [shutdown,258] - com.alibaba.nacos.client.naming.cache.ServiceInfoHolder do shutdown stop
15:42:56.761 [SpringApplicationShutdownHook] INFO  c.a.n.client.naming - [shutdown,204] - com.alibaba.nacos.client.naming.remote.NamingClientProxyDelegate do shutdown begin
15:42:56.761 [SpringApplicationShutdownHook] INFO  c.a.n.client.naming - [shutdown,143] - com.alibaba.nacos.client.naming.core.ServiceInfoUpdateService do shutdown begin
15:42:56.761 [SpringApplicationShutdownHook] INFO  c.a.n.client.naming - [shutdown,145] - com.alibaba.nacos.client.naming.core.ServiceInfoUpdateService do shutdown stop
15:42:56.761 [SpringApplicationShutdownHook] INFO  c.a.n.client.naming - [shutdown,194] - com.alibaba.nacos.client.naming.core.ServerListManager do shutdown begin
15:42:56.761 [SpringApplicationShutdownHook] INFO  c.a.n.client.naming - [shutdown,199] - com.alibaba.nacos.client.naming.core.ServerListManager do shutdown stop
15:42:56.761 [SpringApplicationShutdownHook] INFO  c.a.n.client.naming - [shutdown,484] - com.alibaba.nacos.client.naming.remote.http.NamingHttpClientProxy do shutdown begin
15:42:56.761 [SpringApplicationShutdownHook] INFO  c.a.n.client.naming - [shutdown,486] - com.alibaba.nacos.client.naming.remote.http.NamingHttpClientProxy do shutdown stop
15:42:56.761 [SpringApplicationShutdownHook] INFO  c.a.n.c.r.client - [shutdown,429] - Shutdown rpc client, set status to shutdown
15:42:56.761 [SpringApplicationShutdownHook] INFO  c.a.n.c.r.client - [shutdown,431] - Shutdown client event executor java.util.concurrent.ScheduledThreadPoolExecutor@48340485[Running, pool size = 2, active threads = 2, queued tasks = 0, completed tasks = 0]
15:42:56.761 [SpringApplicationShutdownHook] INFO  c.a.n.c.r.client - [closeConnection,584] - Close current connection 1772781921912_182.150.122.45_2624
15:42:56.764 [SpringApplicationShutdownHook] INFO  c.a.n.c.r.c.g.GrpcClient - [shutdown,159] - Shutdown grpc executor java.util.concurrent.ThreadPoolExecutor@6516007a[Running, pool size = 3, active threads = 0, queued tasks = 0, completed tasks = 219]
15:42:56.764 [SpringApplicationShutdownHook] INFO  c.a.n.client.naming - [shutdown,318] - Shutdown grpc redo service executor java.util.concurrent.ScheduledThreadPoolExecutor@354224f5[Running, pool size = 1, active threads = 0, queued tasks = 1, completed tasks = 350]
15:42:56.764 [SpringApplicationShutdownHook] INFO  c.a.n.c.a.r.i.CredentialWatcher - [stop,106] - [null] CredentialWatcher is stopped
15:42:56.764 [SpringApplicationShutdownHook] INFO  c.a.n.c.a.r.i.CredentialService - [free,100] - [null] CredentialService is freed
15:42:56.764 [SpringApplicationShutdownHook] INFO  c.a.n.client.naming - [shutdown,211] - com.alibaba.nacos.client.naming.remote.NamingClientProxyDelegate do shutdown stop
15:43:01.307 [background-preinit] INFO  o.h.v.i.util.Version - [<clinit>,21] - HV000001: Hibernate Validator 8.0.0.Final
15:43:01.527 [main] INFO  c.a.n.c.u.ParamUtil - [<clinit>,87] - [settings] [req-serv] nacos-server port:8848
15:43:01.528 [main] INFO  c.a.n.c.u.ParamUtil - [<clinit>,98] - [settings] [http-client] connect timeout:1000
15:43:01.528 [main] INFO  c.a.n.c.u.ParamUtil - [<clinit>,105] - PER_TASK_CONFIG_SIZE: 3000.0
15:43:01.546 [main] INFO  c.a.n.p.a.s.c.ClientAuthPluginManager - [init,56] - [ClientAuthPluginManager] Load ClientAuthService com.alibaba.nacos.client.auth.impl.NacosClientAuthServiceImpl success.
15:43:01.546 [main] INFO  c.a.n.p.a.s.c.ClientAuthPluginManager - [init,56] - [ClientAuthPluginManager] Load ClientAuthService com.alibaba.nacos.client.auth.ram.RamClientAuthServiceImpl success.
15:43:01.548 [main] INFO  c.a.n.c.a.r.i.CredentialWatcher - [loadCredential,165] - null No credential found
15:43:01.843 [main] INFO  c.a.n.c.c.i.LocalConfigInfoProcessor - [<clinit>,63] - LOCAL_SNAPSHOT_PATH:C:\Users\22129\nacos\config
15:43:01.845 [main] INFO  c.a.n.c.r.client - [lambda$createClient$0,108] - [RpcClientFactory] create a new rpc client of 22d6e361-5cd0-402c-aa72-10bcc705fcd5_config-0
15:43:01.855 [main] INFO  c.a.n.c.r.client - [printIfInfoEnabled,63] - [22d6e361-5cd0-402c-aa72-10bcc705fcd5_config-0] Register server push request handler:com.alibaba.nacos.client.config.impl.ClientWorker$ConfigRpcTransportClient$$Lambda$574/0x00000187813697a8
15:43:01.855 [main] INFO  c.a.n.c.r.client - [printIfInfoEnabled,63] - [22d6e361-5cd0-402c-aa72-10bcc705fcd5_config-0] Register server push request handler:com.alibaba.nacos.client.config.impl.ClientWorker$ConfigRpcTransportClient$$Lambda$575/0x0000018781369bc8
15:43:01.856 [main] INFO  c.a.n.c.r.client - [printIfInfoEnabled,63] - [22d6e361-5cd0-402c-aa72-10bcc705fcd5_config-0] Registry connection listener to current client:com.alibaba.nacos.client.config.impl.ClientWorker$ConfigRpcTransportClient$1
15:43:01.856 [main] INFO  c.a.n.c.r.client - [printIfInfoEnabled,63] - [22d6e361-5cd0-402c-aa72-10bcc705fcd5_config-0] RpcClient init, ServerListFactory = com.alibaba.nacos.client.config.impl.ClientWorker$ConfigRpcTransportClient$2
15:43:01.860 [main] INFO  c.a.n.c.r.client - [printIfInfoEnabled,63] - [22d6e361-5cd0-402c-aa72-10bcc705fcd5_config-0] Try to connect to server on start up, server: {serverIp = '47.118.20.7', server main port = 8848}
15:43:01.886 [main] INFO  c.a.n.c.r.c.g.GrpcClient - [createNewManagedChannel,182] - grpc client connection server:47.118.20.7 ip,serverPort:9848,grpcTslConfig:{"sslProvider":"OPENSSL","enableTls":false,"mutualAuthEnable":false,"trustAll":false}
15:43:02.780 [main] INFO  c.a.n.c.r.client - [printIfInfoEnabled,63] - [22d6e361-5cd0-402c-aa72-10bcc705fcd5_config-0] Success to connect to server [47.118.20.7:8848] on start up, connectionId = 1772782981836_182.150.122.45_2626
15:43:02.780 [com.alibaba.nacos.client.remote.worker] INFO  c.a.n.c.r.client - [printIfInfoEnabled,63] - [22d6e361-5cd0-402c-aa72-10bcc705fcd5_config-0] Notify connected event to listeners.
15:43:02.781 [com.alibaba.nacos.client.remote.worker] INFO  c.a.n.c.c.i.ClientWorker - [onConnected,639] - [22d6e361-5cd0-402c-aa72-10bcc705fcd5_config-0] Connected,notify listen context...
15:43:02.781 [main] INFO  c.a.n.c.r.client - [printIfInfoEnabled,63] - [22d6e361-5cd0-402c-aa72-10bcc705fcd5_config-0] Register server push request handler:com.alibaba.nacos.common.remote.client.RpcClient$ConnectResetRequestHandler
15:43:02.781 [main] INFO  c.a.n.c.r.client - [printIfInfoEnabled,63] - [22d6e361-5cd0-402c-aa72-10bcc705fcd5_config-0] Register server push request handler:com.alibaba.nacos.common.remote.client.RpcClient$$Lambda$596/0x00000187814d0890
15:43:02.807 [main] INFO  c.a.n.c.c.i.Limiter - [<clinit>,62] - limitTime:5.0
15:43:02.951 [main] INFO  c.a.n.c.c.u.JvmUtil - [<clinit>,54] - isMultiInstance:false
15:43:02.959 [main] INFO  o.s.c.b.c.PropertySourceBootstrapConfiguration - [initialize,108] - Located property source: [BootstrapPropertySource {name='bootstrapProperties-oj-gateway-local.yaml,DEFAULT_GROUP'}, BootstrapPropertySource {name='bootstrapProperties-oj-gateway.yaml,DEFAULT_GROUP'}, BootstrapPropertySource {name='bootstrapProperties-oj-gateway,DEFAULT_GROUP'}]
15:43:02.962 [main] INFO  c.e.g.OjGatewayApplication - [logStartupProfileInfo,636] - The following 1 profile is active: "local"
15:43:03.275 [main] INFO  o.s.d.r.c.RepositoryConfigurationDelegate - [multipleStoresDetected,294] - Multiple Spring Data modules found, entering strict repository configuration mode
15:43:03.277 [main] INFO  o.s.d.r.c.RepositoryConfigurationDelegate - [registerRepositoriesIn,138] - Bootstrapping Spring Data Redis repositories in DEFAULT mode.
15:43:03.292 [main] INFO  o.s.d.r.c.RepositoryConfigurationDelegate - [registerRepositoriesIn,208] - Finished Spring Data repository scanning in 5 ms. Found 0 Redis repository interfaces.
15:43:03.392 [main] INFO  o.s.c.c.s.GenericScope - [setSerializationId,282] - BeanFactory id=a2788962-74f2-3945-9f09-484e16f74f69
15:43:03.417 [main] INFO  o.s.c.s.PostProcessorRegistrationDelegate$BeanPostProcessorChecker - [postProcessAfterInitialization,409] - Bean 'org.springframework.cloud.client.loadbalancer.reactive.LoadBalancerBeanPostProcessorAutoConfiguration' of type [org.springframework.cloud.client.loadbalancer.reactive.LoadBalancerBeanPostProcessorAutoConfiguration] is not eligible for getting processed by all BeanPostProcessors (for example: not eligible for auto-proxying)
15:43:03.417 [main] INFO  o.s.c.s.PostProcessorRegistrationDelegate$BeanPostProcessorChecker - [postProcessAfterInitialization,409] - Bean 'org.springframework.cloud.client.loadbalancer.reactive.LoadBalancerBeanPostProcessorAutoConfiguration$ReactorDeferringLoadBalancerFilterConfig' of type [org.springframework.cloud.client.loadbalancer.reactive.LoadBalancerBeanPostProcessorAutoConfiguration$ReactorDeferringLoadBalancerFilterConfig] is not eligible for getting processed by all BeanPostProcessors (for example: not eligible for auto-proxying)
15:43:03.419 [main] INFO  o.s.c.s.PostProcessorRegistrationDelegate$BeanPostProcessorChecker - [postProcessAfterInitialization,409] - Bean 'reactorDeferringLoadBalancerExchangeFilterFunction' of type [org.springframework.cloud.client.loadbalancer.reactive.DeferringLoadBalancerExchangeFilterFunction] is not eligible for getting processed by all BeanPostProcessors (for example: not eligible for auto-proxying)
15:43:04.605 [main] INFO  o.s.c.g.r.RouteDefinitionRouteLocator - [lambda$initFactories$1,88] - Loaded RoutePredicateFactory [After]
15:43:04.605 [main] INFO  o.s.c.g.r.RouteDefinitionRouteLocator - [lambda$initFactories$1,88] - Loaded RoutePredicateFactory [Before]
15:43:04.606 [main] INFO  o.s.c.g.r.RouteDefinitionRouteLocator - [lambda$initFactories$1,88] - Loaded RoutePredicateFactory [Between]
15:43:04.606 [main] INFO  o.s.c.g.r.RouteDefinitionRouteLocator - [lambda$initFactories$1,88] - Loaded RoutePredicateFactory [Cookie]
15:43:04.606 [main] INFO  o.s.c.g.r.RouteDefinitionRouteLocator - [lambda$initFactories$1,88] - Loaded RoutePredicateFactory [Header]
15:43:04.606 [main] INFO  o.s.c.g.r.RouteDefinitionRouteLocator - [lambda$initFactories$1,88] - Loaded RoutePredicateFactory [Host]
15:43:04.606 [main] INFO  o.s.c.g.r.RouteDefinitionRouteLocator - [lambda$initFactories$1,88] - Loaded RoutePredicateFactory [Method]
15:43:04.606 [main] INFO  o.s.c.g.r.RouteDefinitionRouteLocator - [lambda$initFactories$1,88] - Loaded RoutePredicateFactory [Path]
15:43:04.607 [main] INFO  o.s.c.g.r.RouteDefinitionRouteLocator - [lambda$initFactories$1,88] - Loaded RoutePredicateFactory [Query]
15:43:04.607 [main] INFO  o.s.c.g.r.RouteDefinitionRouteLocator - [lambda$initFactories$1,88] - Loaded RoutePredicateFactory [ReadBody]
15:43:04.607 [main] INFO  o.s.c.g.r.RouteDefinitionRouteLocator - [lambda$initFactories$1,88] - Loaded RoutePredicateFactory [RemoteAddr]
15:43:04.607 [main] INFO  o.s.c.g.r.RouteDefinitionRouteLocator - [lambda$initFactories$1,88] - Loaded RoutePredicateFactory [XForwardedRemoteAddr]
15:43:04.607 [main] INFO  o.s.c.g.r.RouteDefinitionRouteLocator - [lambda$initFactories$1,88] - Loaded RoutePredicateFactory [Weight]
15:43:04.607 [main] INFO  o.s.c.g.r.RouteDefinitionRouteLocator - [lambda$initFactories$1,88] - Loaded RoutePredicateFactory [CloudFoundryRouteService]
15:43:05.258 [main] INFO  o.s.b.w.e.n.NettyWebServer - [start,111] - Netty started on port 19090
15:43:05.711 [main] INFO  c.a.n.client.naming - [initNamespaceForNaming,62] - initializer namespace from ans.namespace attribute : null
15:43:05.711 [main] INFO  c.a.n.client.naming - [lambda$initNamespaceForNaming$0,66] - initializer namespace from ALIBABA_ALIWARE_NAMESPACE attribute :null
15:43:05.711 [main] INFO  c.a.n.client.naming - [lambda$initNamespaceForNaming$1,73] - initializer namespace from namespace attribute :null
15:43:05.715 [main] INFO  c.a.n.p.a.s.c.ClientAuthPluginManager - [init,56] - [ClientAuthPluginManager] Load ClientAuthService com.alibaba.nacos.client.auth.impl.NacosClientAuthServiceImpl success.
15:43:05.716 [main] INFO  c.a.n.p.a.s.c.ClientAuthPluginManager - [init,56] - [ClientAuthPluginManager] Load ClientAuthService com.alibaba.nacos.client.auth.ram.RamClientAuthServiceImpl success.
15:43:05.721 [main] INFO  c.a.n.c.r.client - [lambda$createClient$0,108] - [RpcClientFactory] create a new rpc client of 37581ea0-0fff-42d6-8001-b0b041024d8e
15:43:05.722 [main] INFO  c.a.n.c.r.client - [printIfInfoEnabled,63] - [37581ea0-0fff-42d6-8001-b0b041024d8e] RpcClient init, ServerListFactory = com.alibaba.nacos.client.naming.core.ServerListManager
15:43:05.722 [main] INFO  c.a.n.c.r.client - [printIfInfoEnabled,63] - [37581ea0-0fff-42d6-8001-b0b041024d8e] Registry connection listener to current client:com.alibaba.nacos.client.naming.remote.gprc.redo.NamingGrpcRedoService
15:43:05.722 [main] INFO  c.a.n.c.r.client - [printIfInfoEnabled,63] - [37581ea0-0fff-42d6-8001-b0b041024d8e] Register server push request handler:com.alibaba.nacos.client.naming.remote.gprc.NamingPushRequestHandler
15:43:05.723 [main] INFO  c.a.n.c.r.client - [printIfInfoEnabled,63] - [37581ea0-0fff-42d6-8001-b0b041024d8e] Try to connect to server on start up, server: {serverIp = '47.118.20.7', server main port = 8848}
15:43:05.723 [main] INFO  c.a.n.c.r.c.g.GrpcClient - [createNewManagedChannel,182] - grpc client connection server:47.118.20.7 ip,serverPort:9848,grpcTslConfig:{"sslProvider":"OPENSSL","enableTls":false,"mutualAuthEnable":false,"trustAll":false}
15:43:06.637 [main] INFO  c.a.n.c.r.client - [printIfInfoEnabled,63] - [37581ea0-0fff-42d6-8001-b0b041024d8e] Success to connect to server [47.118.20.7:8848] on start up, connectionId = 1772782985426_182.150.122.45_2628
15:43:06.637 [main] INFO  c.a.n.c.r.client - [printIfInfoEnabled,63] - [37581ea0-0fff-42d6-8001-b0b041024d8e] Register server push request handler:com.alibaba.nacos.common.remote.client.RpcClient$ConnectResetRequestHandler
15:43:06.637 [com.alibaba.nacos.client.remote.worker] INFO  c.a.n.c.r.client - [printIfInfoEnabled,63] - [37581ea0-0fff-42d6-8001-b0b041024d8e] Notify connected event to listeners.
15:43:06.637 [com.alibaba.nacos.client.remote.worker] INFO  c.a.n.client.naming - [onConnected,78] - Grpc connection connect
15:43:06.637 [main] INFO  c.a.n.c.r.client - [printIfInfoEnabled,63] - [37581ea0-0fff-42d6-8001-b0b041024d8e] Register server push request handler:com.alibaba.nacos.common.remote.client.RpcClient$$Lambda$596/0x00000187814d0890
15:43:06.637 [main] INFO  c.a.n.client.naming - [registerService,121] - [REGISTER-SERVICE] public registering service oj-gateway with instance Instance{instanceId='null', ip='192.168.81.1', port=19090, weight=1.0, healthy=true, enabled=true, ephemeral=true, clusterName='DEFAULT', serviceName='null', metadata={IPv6=null, preserved.register.source=SPRING_CLOUD}}
15:43:06.701 [main] INFO  c.a.c.n.r.NacosServiceRegistry - [register,76] - nacos registry, DEFAULT_GROUP oj-gateway 192.168.81.1:19090 register finished
15:43:06.735 [main] INFO  c.e.g.OjGatewayApplication - [logStarted,57] - Started OjGatewayApplication in 5.908 seconds (process running for 6.45)
15:43:06.737 [main] INFO  c.a.n.c.c.i.CacheData - [<clinit>,67] - nacos.cache.data.init.snapshot = true 
15:43:06.739 [main] INFO  c.a.n.c.c.i.ClientWorker - [addCacheDataIfAbsent,380] - [fixed-47.118.20.7_8848] [subscribe] oj-gateway-local.yaml+DEFAULT_GROUP
15:43:06.744 [main] INFO  c.a.n.c.c.i.CacheData - [addListener,197] - [fixed-47.118.20.7_8848] [add-listener] ok, tenant=, dataId=oj-gateway-local.yaml, group=DEFAULT_GROUP, cnt=1
15:43:06.745 [main] INFO  c.a.c.n.r.NacosContextRefresher - [registerNacosListener,129] - [Nacos Config] Listening config: dataId=oj-gateway-local.yaml, group=DEFAULT_GROUP
15:43:06.746 [main] INFO  c.a.n.c.c.i.ClientWorker - [addCacheDataIfAbsent,380] - [fixed-47.118.20.7_8848] [subscribe] oj-gateway+DEFAULT_GROUP
15:43:06.746 [main] INFO  c.a.n.c.c.i.CacheData - [addListener,197] - [fixed-47.118.20.7_8848] [add-listener] ok, tenant=, dataId=oj-gateway, group=DEFAULT_GROUP, cnt=1
15:43:06.746 [main] INFO  c.a.c.n.r.NacosContextRefresher - [registerNacosListener,129] - [Nacos Config] Listening config: dataId=oj-gateway, group=DEFAULT_GROUP
15:43:06.746 [main] INFO  c.a.n.c.c.i.ClientWorker - [addCacheDataIfAbsent,380] - [fixed-47.118.20.7_8848] [subscribe] oj-gateway.yaml+DEFAULT_GROUP
15:43:06.747 [main] INFO  c.a.n.c.c.i.CacheData - [addListener,197] - [fixed-47.118.20.7_8848] [add-listener] ok, tenant=, dataId=oj-gateway.yaml, group=DEFAULT_GROUP, cnt=1
15:43:06.747 [main] INFO  c.a.c.n.r.NacosContextRefresher - [registerNacosListener,129] - [Nacos Config] Listening config: dataId=oj-gateway.yaml, group=DEFAULT_GROUP
15:47:26.452 [boundedElastic-1] INFO  c.a.n.client.naming - [subscribe,167] - [SUBSCRIBE-SERVICE] service:oj-system, group:DEFAULT_GROUP, clusters: 
15:47:26.519 [boundedElastic-1] INFO  c.a.n.client.naming - [isChangedServiceInfo,184] - init new ips(1) service: DEFAULT_GROUP@@oj-system -> [{"instanceId":"192.168.81.1#9201#DEFAULT#DEFAULT_GROUP@@oj-system","ip":"192.168.81.1","port":9201,"weight":1.0,"healthy":true,"enabled":true,"ephemeral":true,"clusterName":"DEFAULT","serviceName":"DEFAULT_GROUP@@oj-system","metadata":{"preserved.register.source":"SPRING_CLOUD"},"instanceHeartBeatTimeOut":15000,"instanceHeartBeatInterval":5000,"ipDeleteTimeout":30000}]
15:47:26.521 [boundedElastic-1] INFO  c.a.n.client.naming - [processServiceInfo,169] - current ips:(1) service: DEFAULT_GROUP@@oj-system -> [{"instanceId":"192.168.81.1#9201#DEFAULT#DEFAULT_GROUP@@oj-system","ip":"192.168.81.1","port":9201,"weight":1.0,"healthy":true,"enabled":true,"ephemeral":true,"clusterName":"DEFAULT","serviceName":"DEFAULT_GROUP@@oj-system","metadata":{"preserved.register.source":"SPRING_CLOUD"},"instanceHeartBeatTimeOut":15000,"instanceHeartBeatInterval":5000,"ipDeleteTimeout":30000}]
15:47:27.315 [nacos-grpc-client-executor-47.118.20.7-63] INFO  c.a.n.c.r.client - [printIfInfoEnabled,63] - [37581ea0-0fff-42d6-8001-b0b041024d8e] Receive server push request, request = NotifySubscriberRequest, requestId = 24
15:47:27.317 [nacos-grpc-client-executor-47.118.20.7-63] INFO  c.a.n.c.r.client - [printIfInfoEnabled,63] - [37581ea0-0fff-42d6-8001-b0b041024d8e] Ack server push request, request = NotifySubscriberRequest, requestId = 24
15:55:47.175 [nacos-grpc-client-executor-47.118.20.7-169] INFO  c.a.n.c.r.client - [printIfInfoEnabled,63] - [22d6e361-5cd0-402c-aa72-10bcc705fcd5_config-0] Receive server push request, request = ConfigChangeNotifyRequest, requestId = 25
15:55:47.175 [nacos-grpc-client-executor-47.118.20.7-169] INFO  c.a.n.c.c.i.ClientWorker - [lambda$initRpcClientHandler$0,606] - [22d6e361-5cd0-402c-aa72-10bcc705fcd5_config-0] [server-push] config changed. dataId=oj-gateway-local.yaml, group=DEFAULT_GROUP,tenant=null
15:55:47.175 [nacos-grpc-client-executor-47.118.20.7-169] INFO  c.a.n.c.r.client - [printIfInfoEnabled,63] - [22d6e361-5cd0-402c-aa72-10bcc705fcd5_config-0] Ack server push request, request = ConfigChangeNotifyRequest, requestId = 25
15:55:47.269 [com.alibaba.nacos.client.Worker] INFO  c.a.n.c.c.i.ClientWorker - [refreshContentAndCheck,449] - [fixed-47.118.20.7_8848] [data-received] dataId=oj-gateway-local.yaml, group=DEFAULT_GROUP, tenant=, md5=a43cd1a3e0aac4996e1e7359bc97594f, content=server:
  port: 19090
spring:
  data:
    redis:
      host: 47.118.20.7
      password: "Lcx2004122..., type=yaml
15:55:47.273 [com.alibaba.nacos.client.Worker] INFO  c.a.n.c.c.i.CacheData - [safeNotifyListener,383] - [fixed-47.118.20.7_8848] [notify-listener] time cost=1ms in ClientWorker, dataId=oj-gateway-local.yaml, group=DEFAULT_GROUP, md5=a43cd1a3e0aac4996e1e7359bc97594f, listener=com.alibaba.cloud.nacos.refresh.NacosContextRefresher$1@5dec6e9f 
15:55:47.274 [nacos.client.cachedata.internal.notifier] INFO  c.a.n.c.c.i.CacheData - [lambda$safeNotifyListener$1,319] - [fixed-47.118.20.7_8848] [notify-context] dataId=oj-gateway-local.yaml, group=DEFAULT_GROUP, md5=a43cd1a3e0aac4996e1e7359bc97594f
15:55:48.624 [nacos.client.cachedata.internal.notifier] INFO  o.s.c.b.c.PropertySourceBootstrapConfiguration - [initialize,108] - Located property source: [BootstrapPropertySource {name='bootstrapProperties-oj-gateway-local.yaml,DEFAULT_GROUP'}, BootstrapPropertySource {name='bootstrapProperties-oj-gateway.yaml,DEFAULT_GROUP'}, BootstrapPropertySource {name='bootstrapProperties-oj-gateway,DEFAULT_GROUP'}]
15:55:48.631 [nacos.client.cachedata.internal.notifier] INFO  o.s.b.SpringApplication - [logStartupProfileInfo,636] - The following 1 profile is active: "local"
15:55:48.637 [nacos.client.cachedata.internal.notifier] INFO  o.s.b.SpringApplication - [logStarted,57] - Started application in 1.359 seconds (process running for 768.352)
15:55:48.711 [nacos.client.cachedata.internal.notifier] INFO  o.s.c.e.e.RefreshEventListener - [handle,73] - Refresh keys changed: [security.ignore.whites[4], security.ignore.whites[3], security.ignore.whites[2], security.ignore.whites[1]]
15:55:48.711 [nacos.client.cachedata.internal.notifier] INFO  c.a.n.c.c.i.CacheData - [lambda$safeNotifyListener$1,345] - [fixed-47.118.20.7_8848] [notify-ok] dataId=oj-gateway-local.yaml, group=DEFAULT_GROUP, md5=a43cd1a3e0aac4996e1e7359bc97594f, listener=com.alibaba.cloud.nacos.refresh.NacosContextRefresher$1@5dec6e9f ,cost=1437 millis.
15:56:30.834 [SpringApplicationShutdownHook] INFO  c.a.c.n.r.NacosServiceRegistry - [deregister,95] - De-registering from Nacos Server now...
15:56:30.835 [SpringApplicationShutdownHook] INFO  c.a.n.client.naming - [deregisterService,217] - [DEREGISTER-SERVICE] public deregistering service oj-gateway with instance: Instance{instanceId='null', ip='192.168.81.1', port=19090, weight=1.0, healthy=true, enabled=true, ephemeral=true, clusterName='DEFAULT', serviceName='null', metadata={}}
15:56:30.882 [SpringApplicationShutdownHook] INFO  c.a.c.n.r.NacosServiceRegistry - [deregister,115] - De-registration finished.
15:56:30.883 [SpringApplicationShutdownHook] INFO  c.a.n.client.naming - [shutdown,256] - com.alibaba.nacos.client.naming.cache.ServiceInfoHolder do shutdown begin
15:56:30.883 [SpringApplicationShutdownHook] INFO  c.a.n.client.naming - [shutdown,136] - com.alibaba.nacos.client.naming.backups.FailoverReactor do shutdown begin
15:56:30.883 [SpringApplicationShutdownHook] INFO  c.a.n.client.naming - [shutdown,138] - com.alibaba.nacos.client.naming.backups.FailoverReactor do shutdown stop
15:56:30.883 [SpringApplicationShutdownHook] INFO  c.a.n.client.naming - [shutdown,258] - com.alibaba.nacos.client.naming.cache.ServiceInfoHolder do shutdown stop
15:56:30.883 [SpringApplicationShutdownHook] INFO  c.a.n.client.naming - [shutdown,204] - com.alibaba.nacos.client.naming.remote.NamingClientProxyDelegate do shutdown begin
15:56:30.883 [SpringApplicationShutdownHook] INFO  c.a.n.client.naming - [shutdown,143] - com.alibaba.nacos.client.naming.core.ServiceInfoUpdateService do shutdown begin
15:56:30.883 [SpringApplicationShutdownHook] INFO  c.a.n.client.naming - [shutdown,145] - com.alibaba.nacos.client.naming.core.ServiceInfoUpdateService do shutdown stop
15:56:30.884 [SpringApplicationShutdownHook] INFO  c.a.n.client.naming - [shutdown,194] - com.alibaba.nacos.client.naming.core.ServerListManager do shutdown begin
15:56:30.884 [SpringApplicationShutdownHook] INFO  c.a.n.client.naming - [shutdown,199] - com.alibaba.nacos.client.naming.core.ServerListManager do shutdown stop
15:56:30.884 [SpringApplicationShutdownHook] INFO  c.a.n.client.naming - [shutdown,484] - com.alibaba.nacos.client.naming.remote.http.NamingHttpClientProxy do shutdown begin
15:56:30.884 [SpringApplicationShutdownHook] INFO  c.a.n.client.naming - [shutdown,486] - com.alibaba.nacos.client.naming.remote.http.NamingHttpClientProxy do shutdown stop
15:56:30.884 [SpringApplicationShutdownHook] INFO  c.a.n.c.r.client - [shutdown,429] - Shutdown rpc client, set status to shutdown
15:56:30.884 [SpringApplicationShutdownHook] INFO  c.a.n.c.r.client - [shutdown,431] - Shutdown client event executor java.util.concurrent.ScheduledThreadPoolExecutor@2a03e51e[Running, pool size = 2, active threads = 2, queued tasks = 0, completed tasks = 0]
15:56:30.884 [SpringApplicationShutdownHook] INFO  c.a.n.c.r.client - [closeConnection,584] - Close current connection 1772782985426_182.150.122.45_2628
15:56:30.885 [SpringApplicationShutdownHook] INFO  c.a.n.c.r.c.g.GrpcClient - [shutdown,159] - Shutdown grpc executor java.util.concurrent.ThreadPoolExecutor@74271a63[Running, pool size = 3, active threads = 0, queued tasks = 0, completed tasks = 170]
15:56:30.886 [SpringApplicationShutdownHook] INFO  c.a.n.client.naming - [shutdown,318] - Shutdown grpc redo service executor java.util.concurrent.ScheduledThreadPoolExecutor@6169d6ab[Running, pool size = 1, active threads = 0, queued tasks = 1, completed tasks = 267]
15:56:30.886 [SpringApplicationShutdownHook] INFO  c.a.n.c.a.r.i.CredentialWatcher - [stop,106] - [null] CredentialWatcher is stopped
15:56:30.886 [SpringApplicationShutdownHook] INFO  c.a.n.c.a.r.i.CredentialService - [free,100] - [null] CredentialService is freed
15:56:30.886 [SpringApplicationShutdownHook] INFO  c.a.n.client.naming - [shutdown,211] - com.alibaba.nacos.client.naming.remote.NamingClientProxyDelegate do shutdown stop
15:56:32.803 [com.alibaba.nacos.client.Worker] INFO  c.a.n.c.a.r.i.CredentialWatcher - [loadCredential,165] - null No credential found
15:56:36.553 [background-preinit] INFO  o.h.v.i.util.Version - [<clinit>,21] - HV000001: Hibernate Validator 8.0.0.Final
15:56:36.757 [main] INFO  c.a.n.c.u.ParamUtil - [<clinit>,87] - [settings] [req-serv] nacos-server port:8848
15:56:36.759 [main] INFO  c.a.n.c.u.ParamUtil - [<clinit>,98] - [settings] [http-client] connect timeout:1000
15:56:36.760 [main] INFO  c.a.n.c.u.ParamUtil - [<clinit>,105] - PER_TASK_CONFIG_SIZE: 3000.0
15:56:36.775 [main] INFO  c.a.n.p.a.s.c.ClientAuthPluginManager - [init,56] - [ClientAuthPluginManager] Load ClientAuthService com.alibaba.nacos.client.auth.impl.NacosClientAuthServiceImpl success.
15:56:36.775 [main] INFO  c.a.n.p.a.s.c.ClientAuthPluginManager - [init,56] - [ClientAuthPluginManager] Load ClientAuthService com.alibaba.nacos.client.auth.ram.RamClientAuthServiceImpl success.
15:56:36.777 [main] INFO  c.a.n.c.a.r.i.CredentialWatcher - [loadCredential,165] - null No credential found
15:56:37.050 [main] INFO  c.a.n.c.c.i.LocalConfigInfoProcessor - [<clinit>,63] - LOCAL_SNAPSHOT_PATH:C:\Users\22129\nacos\config
15:56:37.052 [main] INFO  c.a.n.c.r.client - [lambda$createClient$0,108] - [RpcClientFactory] create a new rpc client of f74f8860-226e-4280-afd7-bc4992b9e1ae_config-0
15:56:37.061 [main] INFO  c.a.n.c.r.client - [printIfInfoEnabled,63] - [f74f8860-226e-4280-afd7-bc4992b9e1ae_config-0] Register server push request handler:com.alibaba.nacos.client.config.impl.ClientWorker$ConfigRpcTransportClient$$Lambda$574/0x000001a84436abd0
15:56:37.061 [main] INFO  c.a.n.c.r.client - [printIfInfoEnabled,63] - [f74f8860-226e-4280-afd7-bc4992b9e1ae_config-0] Register server push request handler:com.alibaba.nacos.client.config.impl.ClientWorker$ConfigRpcTransportClient$$Lambda$575/0x000001a84436aff0
15:56:37.062 [main] INFO  c.a.n.c.r.client - [printIfInfoEnabled,63] - [f74f8860-226e-4280-afd7-bc4992b9e1ae_config-0] Registry connection listener to current client:com.alibaba.nacos.client.config.impl.ClientWorker$ConfigRpcTransportClient$1
15:56:37.062 [main] INFO  c.a.n.c.r.client - [printIfInfoEnabled,63] - [f74f8860-226e-4280-afd7-bc4992b9e1ae_config-0] RpcClient init, ServerListFactory = com.alibaba.nacos.client.config.impl.ClientWorker$ConfigRpcTransportClient$2
15:56:37.071 [main] INFO  c.a.n.c.r.client - [printIfInfoEnabled,63] - [f74f8860-226e-4280-afd7-bc4992b9e1ae_config-0] Try to connect to server on start up, server: {serverIp = '47.118.20.7', server main port = 8848}
15:56:37.093 [main] INFO  c.a.n.c.r.c.g.GrpcClient - [createNewManagedChannel,182] - grpc client connection server:47.118.20.7 ip,serverPort:9848,grpcTslConfig:{"sslProvider":"OPENSSL","enableTls":false,"mutualAuthEnable":false,"trustAll":false}
15:56:37.975 [main] INFO  c.a.n.c.r.client - [printIfInfoEnabled,63] - [f74f8860-226e-4280-afd7-bc4992b9e1ae_config-0] Success to connect to server [47.118.20.7:8848] on start up, connectionId = 1772783797051_182.150.122.45_2631
15:56:37.975 [com.alibaba.nacos.client.remote.worker] INFO  c.a.n.c.r.client - [printIfInfoEnabled,63] - [f74f8860-226e-4280-afd7-bc4992b9e1ae_config-0] Notify connected event to listeners.
15:56:37.976 [main] INFO  c.a.n.c.r.client - [printIfInfoEnabled,63] - [f74f8860-226e-4280-afd7-bc4992b9e1ae_config-0] Register server push request handler:com.alibaba.nacos.common.remote.client.RpcClient$ConnectResetRequestHandler
15:56:37.976 [com.alibaba.nacos.client.remote.worker] INFO  c.a.n.c.c.i.ClientWorker - [onConnected,639] - [f74f8860-226e-4280-afd7-bc4992b9e1ae_config-0] Connected,notify listen context...
15:56:37.976 [main] INFO  c.a.n.c.r.client - [printIfInfoEnabled,63] - [f74f8860-226e-4280-afd7-bc4992b9e1ae_config-0] Register server push request handler:com.alibaba.nacos.common.remote.client.RpcClient$$Lambda$596/0x000001a8444d11e8
15:56:37.996 [main] INFO  c.a.n.c.c.i.Limiter - [<clinit>,62] - limitTime:5.0
15:56:38.224 [main] INFO  c.a.n.c.c.u.JvmUtil - [<clinit>,54] - isMultiInstance:false
15:56:38.234 [main] INFO  o.s.c.b.c.PropertySourceBootstrapConfiguration - [initialize,108] - Located property source: [BootstrapPropertySource {name='bootstrapProperties-oj-gateway-local.yaml,DEFAULT_GROUP'}, BootstrapPropertySource {name='bootstrapProperties-oj-gateway.yaml,DEFAULT_GROUP'}, BootstrapPropertySource {name='bootstrapProperties-oj-gateway,DEFAULT_GROUP'}]
15:56:38.239 [main] INFO  c.e.g.OjGatewayApplication - [logStartupProfileInfo,636] - The following 1 profile is active: "local"
15:56:38.596 [main] INFO  o.s.d.r.c.RepositoryConfigurationDelegate - [multipleStoresDetected,294] - Multiple Spring Data modules found, entering strict repository configuration mode
15:56:38.597 [main] INFO  o.s.d.r.c.RepositoryConfigurationDelegate - [registerRepositoriesIn,138] - Bootstrapping Spring Data Redis repositories in DEFAULT mode.
15:56:38.612 [main] INFO  o.s.d.r.c.RepositoryConfigurationDelegate - [registerRepositoriesIn,208] - Finished Spring Data repository scanning in 5 ms. Found 0 Redis repository interfaces.
15:56:38.713 [main] INFO  o.s.c.c.s.GenericScope - [setSerializationId,282] - BeanFactory id=a2788962-74f2-3945-9f09-484e16f74f69
15:56:38.743 [main] INFO  o.s.c.s.PostProcessorRegistrationDelegate$BeanPostProcessorChecker - [postProcessAfterInitialization,409] - Bean 'org.springframework.cloud.client.loadbalancer.reactive.LoadBalancerBeanPostProcessorAutoConfiguration' of type [org.springframework.cloud.client.loadbalancer.reactive.LoadBalancerBeanPostProcessorAutoConfiguration] is not eligible for getting processed by all BeanPostProcessors (for example: not eligible for auto-proxying)
15:56:38.744 [main] INFO  o.s.c.s.PostProcessorRegistrationDelegate$BeanPostProcessorChecker - [postProcessAfterInitialization,409] - Bean 'org.springframework.cloud.client.loadbalancer.reactive.LoadBalancerBeanPostProcessorAutoConfiguration$ReactorDeferringLoadBalancerFilterConfig' of type [org.springframework.cloud.client.loadbalancer.reactive.LoadBalancerBeanPostProcessorAutoConfiguration$ReactorDeferringLoadBalancerFilterConfig] is not eligible for getting processed by all BeanPostProcessors (for example: not eligible for auto-proxying)
15:56:38.744 [main] INFO  o.s.c.s.PostProcessorRegistrationDelegate$BeanPostProcessorChecker - [postProcessAfterInitialization,409] - Bean 'reactorDeferringLoadBalancerExchangeFilterFunction' of type [org.springframework.cloud.client.loadbalancer.reactive.DeferringLoadBalancerExchangeFilterFunction] is not eligible for getting processed by all BeanPostProcessors (for example: not eligible for auto-proxying)
15:56:40.427 [main] INFO  o.s.c.g.r.RouteDefinitionRouteLocator - [lambda$initFactories$1,88] - Loaded RoutePredicateFactory [After]
15:56:40.427 [main] INFO  o.s.c.g.r.RouteDefinitionRouteLocator - [lambda$initFactories$1,88] - Loaded RoutePredicateFactory [Before]
15:56:40.427 [main] INFO  o.s.c.g.r.RouteDefinitionRouteLocator - [lambda$initFactories$1,88] - Loaded RoutePredicateFactory [Between]
15:56:40.427 [main] INFO  o.s.c.g.r.RouteDefinitionRouteLocator - [lambda$initFactories$1,88] - Loaded RoutePredicateFactory [Cookie]
15:56:40.427 [main] INFO  o.s.c.g.r.RouteDefinitionRouteLocator - [lambda$initFactories$1,88] - Loaded RoutePredicateFactory [Header]
15:56:40.427 [main] INFO  o.s.c.g.r.RouteDefinitionRouteLocator - [lambda$initFactories$1,88] - Loaded RoutePredicateFactory [Host]
15:56:40.427 [main] INFO  o.s.c.g.r.RouteDefinitionRouteLocator - [lambda$initFactories$1,88] - Loaded RoutePredicateFactory [Method]
15:56:40.427 [main] INFO  o.s.c.g.r.RouteDefinitionRouteLocator - [lambda$initFactories$1,88] - Loaded RoutePredicateFactory [Path]
15:56:40.427 [main] INFO  o.s.c.g.r.RouteDefinitionRouteLocator - [lambda$initFactories$1,88] - Loaded RoutePredicateFactory [Query]
15:56:40.429 [main] INFO  o.s.c.g.r.RouteDefinitionRouteLocator - [lambda$initFactories$1,88] - Loaded RoutePredicateFactory [ReadBody]
15:56:40.429 [main] INFO  o.s.c.g.r.RouteDefinitionRouteLocator - [lambda$initFactories$1,88] - Loaded RoutePredicateFactory [RemoteAddr]
15:56:40.429 [main] INFO  o.s.c.g.r.RouteDefinitionRouteLocator - [lambda$initFactories$1,88] - Loaded RoutePredicateFactory [XForwardedRemoteAddr]
15:56:40.429 [main] INFO  o.s.c.g.r.RouteDefinitionRouteLocator - [lambda$initFactories$1,88] - Loaded RoutePredicateFactory [Weight]
15:56:40.429 [main] INFO  o.s.c.g.r.RouteDefinitionRouteLocator - [lambda$initFactories$1,88] - Loaded RoutePredicateFactory [CloudFoundryRouteService]
15:56:40.967 [main] INFO  o.s.b.w.e.n.NettyWebServer - [start,111] - Netty started on port 19090
15:56:41.461 [main] INFO  c.a.n.client.naming - [initNamespaceForNaming,62] - initializer namespace from ans.namespace attribute : null
15:56:41.461 [main] INFO  c.a.n.client.naming - [lambda$initNamespaceForNaming$0,66] - initializer namespace from ALIBABA_ALIWARE_NAMESPACE attribute :null
15:56:41.462 [main] INFO  c.a.n.client.naming - [lambda$initNamespaceForNaming$1,73] - initializer namespace from namespace attribute :null
15:56:41.468 [main] INFO  c.a.n.p.a.s.c.ClientAuthPluginManager - [init,56] - [ClientAuthPluginManager] Load ClientAuthService com.alibaba.nacos.client.auth.impl.NacosClientAuthServiceImpl success.
15:56:41.468 [main] INFO  c.a.n.p.a.s.c.ClientAuthPluginManager - [init,56] - [ClientAuthPluginManager] Load ClientAuthService com.alibaba.nacos.client.auth.ram.RamClientAuthServiceImpl success.
15:56:41.472 [main] INFO  c.a.n.c.r.client - [lambda$createClient$0,108] - [RpcClientFactory] create a new rpc client of ad8b8c54-704c-4c86-bb10-44d842e7e3b3
15:56:41.473 [main] INFO  c.a.n.c.r.client - [printIfInfoEnabled,63] - [ad8b8c54-704c-4c86-bb10-44d842e7e3b3] RpcClient init, ServerListFactory = com.alibaba.nacos.client.naming.core.ServerListManager
15:56:41.473 [main] INFO  c.a.n.c.r.client - [printIfInfoEnabled,63] - [ad8b8c54-704c-4c86-bb10-44d842e7e3b3] Registry connection listener to current client:com.alibaba.nacos.client.naming.remote.gprc.redo.NamingGrpcRedoService
15:56:41.473 [main] INFO  c.a.n.c.r.client - [printIfInfoEnabled,63] - [ad8b8c54-704c-4c86-bb10-44d842e7e3b3] Register server push request handler:com.alibaba.nacos.client.naming.remote.gprc.NamingPushRequestHandler
15:56:41.473 [main] INFO  c.a.n.c.r.client - [printIfInfoEnabled,63] - [ad8b8c54-704c-4c86-bb10-44d842e7e3b3] Try to connect to server on start up, server: {serverIp = '47.118.20.7', server main port = 8848}
15:56:41.473 [main] INFO  c.a.n.c.r.c.g.GrpcClient - [createNewManagedChannel,182] - grpc client connection server:47.118.20.7 ip,serverPort:9848,grpcTslConfig:{"sslProvider":"OPENSSL","enableTls":false,"mutualAuthEnable":false,"trustAll":false}
15:56:42.879 [main] INFO  c.a.n.c.r.client - [printIfInfoEnabled,63] - [ad8b8c54-704c-4c86-bb10-44d842e7e3b3] Success to connect to server [47.118.20.7:8848] on start up, connectionId = 1772783801833_182.150.122.45_2633
15:56:42.879 [main] INFO  c.a.n.c.r.client - [printIfInfoEnabled,63] - [ad8b8c54-704c-4c86-bb10-44d842e7e3b3] Register server push request handler:com.alibaba.nacos.common.remote.client.RpcClient$ConnectResetRequestHandler
15:56:42.879 [com.alibaba.nacos.client.remote.worker] INFO  c.a.n.c.r.client - [printIfInfoEnabled,63] - [ad8b8c54-704c-4c86-bb10-44d842e7e3b3] Notify connected event to listeners.
15:56:42.879 [main] INFO  c.a.n.c.r.client - [printIfInfoEnabled,63] - [ad8b8c54-704c-4c86-bb10-44d842e7e3b3] Register server push request handler:com.alibaba.nacos.common.remote.client.RpcClient$$Lambda$596/0x000001a8444d11e8
15:56:42.879 [com.alibaba.nacos.client.remote.worker] INFO  c.a.n.client.naming - [onConnected,78] - Grpc connection connect
15:56:42.883 [main] INFO  c.a.n.client.naming - [registerService,121] - [REGISTER-SERVICE] public registering service oj-gateway with instance Instance{instanceId='null', ip='192.168.81.1', port=19090, weight=1.0, healthy=true, enabled=true, ephemeral=true, clusterName='DEFAULT', serviceName='null', metadata={IPv6=null, preserved.register.source=SPRING_CLOUD}}
15:56:42.949 [main] INFO  c.a.c.n.r.NacosServiceRegistry - [register,76] - nacos registry, DEFAULT_GROUP oj-gateway 192.168.81.1:19090 register finished
15:56:42.991 [main] INFO  c.e.g.OjGatewayApplication - [logStarted,57] - Started OjGatewayApplication in 6.927 seconds (process running for 7.462)
15:56:42.994 [main] INFO  c.a.n.c.c.i.CacheData - [<clinit>,67] - nacos.cache.data.init.snapshot = true 
15:56:42.995 [main] INFO  c.a.n.c.c.i.ClientWorker - [addCacheDataIfAbsent,380] - [fixed-47.118.20.7_8848] [subscribe] oj-gateway-local.yaml+DEFAULT_GROUP
15:56:42.999 [main] INFO  c.a.n.c.c.i.CacheData - [addListener,197] - [fixed-47.118.20.7_8848] [add-listener] ok, tenant=, dataId=oj-gateway-local.yaml, group=DEFAULT_GROUP, cnt=1
15:56:43.000 [main] INFO  c.a.c.n.r.NacosContextRefresher - [registerNacosListener,129] - [Nacos Config] Listening config: dataId=oj-gateway-local.yaml, group=DEFAULT_GROUP
15:56:43.000 [main] INFO  c.a.n.c.c.i.ClientWorker - [addCacheDataIfAbsent,380] - [fixed-47.118.20.7_8848] [subscribe] oj-gateway+DEFAULT_GROUP
15:56:43.001 [main] INFO  c.a.n.c.c.i.CacheData - [addListener,197] - [fixed-47.118.20.7_8848] [add-listener] ok, tenant=, dataId=oj-gateway, group=DEFAULT_GROUP, cnt=1
15:56:43.001 [main] INFO  c.a.c.n.r.NacosContextRefresher - [registerNacosListener,129] - [Nacos Config] Listening config: dataId=oj-gateway, group=DEFAULT_GROUP
15:56:43.001 [main] INFO  c.a.n.c.c.i.ClientWorker - [addCacheDataIfAbsent,380] - [fixed-47.118.20.7_8848] [subscribe] oj-gateway.yaml+DEFAULT_GROUP
15:56:43.001 [main] INFO  c.a.n.c.c.i.CacheData - [addListener,197] - [fixed-47.118.20.7_8848] [add-listener] ok, tenant=, dataId=oj-gateway.yaml, group=DEFAULT_GROUP, cnt=1
15:56:43.001 [main] INFO  c.a.c.n.r.NacosContextRefresher - [registerNacosListener,129] - [Nacos Config] Listening config: dataId=oj-gateway.yaml, group=DEFAULT_GROUP
15:59:15.318 [nacos-grpc-client-executor-47.118.20.7-45] INFO  c.a.n.c.r.client - [printIfInfoEnabled,63] - [f74f8860-226e-4280-afd7-bc4992b9e1ae_config-0] Receive server push request, request = ConfigChangeNotifyRequest, requestId = 26
15:59:15.318 [nacos-grpc-client-executor-47.118.20.7-45] INFO  c.a.n.c.c.i.ClientWorker - [lambda$initRpcClientHandler$0,606] - [f74f8860-226e-4280-afd7-bc4992b9e1ae_config-0] [server-push] config changed. dataId=oj-gateway-local.yaml, group=DEFAULT_GROUP,tenant=null
15:59:15.320 [nacos-grpc-client-executor-47.118.20.7-45] INFO  c.a.n.c.r.client - [printIfInfoEnabled,63] - [f74f8860-226e-4280-afd7-bc4992b9e1ae_config-0] Ack server push request, request = ConfigChangeNotifyRequest, requestId = 26
15:59:15.850 [com.alibaba.nacos.client.Worker] INFO  c.a.n.c.c.i.ClientWorker - [refreshContentAndCheck,449] - [fixed-47.118.20.7_8848] [data-received] dataId=oj-gateway-local.yaml, group=DEFAULT_GROUP, tenant=, md5=61432f598ac25fd7517cffbacdc780b5, content=server:
  port: 19090
spring:
  data:
    redis:
      host: 47.118.20.7
      password: "Lcx2004122..., type=yaml
15:59:15.854 [com.alibaba.nacos.client.Worker] INFO  c.a.n.c.c.i.CacheData - [safeNotifyListener,383] - [fixed-47.118.20.7_8848] [notify-listener] time cost=0ms in ClientWorker, dataId=oj-gateway-local.yaml, group=DEFAULT_GROUP, md5=61432f598ac25fd7517cffbacdc780b5, listener=com.alibaba.cloud.nacos.refresh.NacosContextRefresher$1@fce193c 
15:59:15.854 [nacos.client.cachedata.internal.notifier] INFO  c.a.n.c.c.i.CacheData - [lambda$safeNotifyListener$1,319] - [fixed-47.118.20.7_8848] [notify-context] dataId=oj-gateway-local.yaml, group=DEFAULT_GROUP, md5=61432f598ac25fd7517cffbacdc780b5
15:59:16.948 [nacos.client.cachedata.internal.notifier] INFO  o.s.c.b.c.PropertySourceBootstrapConfiguration - [initialize,108] - Located property source: [BootstrapPropertySource {name='bootstrapProperties-oj-gateway-local.yaml,DEFAULT_GROUP'}, BootstrapPropertySource {name='bootstrapProperties-oj-gateway.yaml,DEFAULT_GROUP'}, BootstrapPropertySource {name='bootstrapProperties-oj-gateway,DEFAULT_GROUP'}]
15:59:16.953 [nacos.client.cachedata.internal.notifier] INFO  o.s.b.SpringApplication - [logStartupProfileInfo,636] - The following 1 profile is active: "local"
15:59:16.960 [nacos.client.cachedata.internal.notifier] INFO  o.s.b.SpringApplication - [logStarted,57] - Started application in 1.098 seconds (process running for 161.431)
15:59:17.074 [nacos.client.cachedata.internal.notifier] INFO  o.s.c.e.e.RefreshEventListener - [handle,73] - Refresh keys changed: [spring.cloud.gateway.routes[0].predicates[0]]
15:59:17.075 [nacos.client.cachedata.internal.notifier] INFO  c.a.n.c.c.i.CacheData - [lambda$safeNotifyListener$1,345] - [fixed-47.118.20.7_8848] [notify-ok] dataId=oj-gateway-local.yaml, group=DEFAULT_GROUP, md5=61432f598ac25fd7517cffbacdc780b5, listener=com.alibaba.cloud.nacos.refresh.NacosContextRefresher$1@fce193c ,cost=1221 millis.
15:59:19.406 [boundedElastic-1] INFO  c.a.n.client.naming - [subscribe,167] - [SUBSCRIBE-SERVICE] service:oj-system, group:DEFAULT_GROUP, clusters: 
15:59:20.856 [com.alibaba.nacos.client.naming.grpc.redo.0] INFO  c.a.n.client.naming - [redoForSubscribe,121] - Redo subscriber operation REGISTER for DEFAULT_GROUP@@oj-system#
15:59:24.869 [nacos-grpc-client-executor-47.118.20.7-39] INFO  c.a.n.c.r.client - [printIfInfoEnabled,63] - [ad8b8c54-704c-4c86-bb10-44d842e7e3b3] Receive server push request, request = NotifySubscriberRequest, requestId = 27
15:59:24.871 [nacos-grpc-client-executor-47.118.20.7-39] INFO  c.a.n.client.naming - [isChangedServiceInfo,184] - init new ips(1) service: DEFAULT_GROUP@@oj-system -> [{"instanceId":"192.168.81.1#9201#DEFAULT#DEFAULT_GROUP@@oj-system","ip":"192.168.81.1","port":9201,"weight":1.0,"healthy":true,"enabled":true,"ephemeral":true,"clusterName":"DEFAULT","serviceName":"DEFAULT_GROUP@@oj-system","metadata":{"preserved.register.source":"SPRING_CLOUD"},"instanceHeartBeatTimeOut":15000,"instanceHeartBeatInterval":5000,"ipDeleteTimeout":30000}]
15:59:24.875 [nacos-grpc-client-executor-47.118.20.7-39] INFO  c.a.n.client.naming - [processServiceInfo,169] - current ips:(1) service: DEFAULT_GROUP@@oj-system -> [{"instanceId":"192.168.81.1#9201#DEFAULT#DEFAULT_GROUP@@oj-system","ip":"192.168.81.1","port":9201,"weight":1.0,"healthy":true,"enabled":true,"ephemeral":true,"clusterName":"DEFAULT","serviceName":"DEFAULT_GROUP@@oj-system","metadata":{"preserved.register.source":"SPRING_CLOUD"},"instanceHeartBeatTimeOut":15000,"instanceHeartBeatInterval":5000,"ipDeleteTimeout":30000}]
15:59:24.887 [nacos-grpc-client-executor-47.118.20.7-39] INFO  c.a.n.c.r.client - [printIfInfoEnabled,63] - [ad8b8c54-704c-4c86-bb10-44d842e7e3b3] Ack server push request, request = NotifySubscriberRequest, requestId = 27
15:59:24.912 [com.alibaba.nacos.client.remote.worker] INFO  c.a.n.c.r.client - [printIfInfoEnabled,63] - [ad8b8c54-704c-4c86-bb10-44d842e7e3b3] Server check success, currentServer is 47.118.20.7:8848 
15:59:26.869 [com.alibaba.nacos.client.naming.grpc.redo.0] INFO  c.a.n.client.naming - [redoForSubscribe,121] - Redo subscriber operation REGISTER for DEFAULT_GROUP@@oj-system#
16:00:08.160 [nacos-grpc-client-executor-47.118.20.7-53] INFO  c.a.n.c.r.client - [printIfInfoEnabled,63] - [ad8b8c54-704c-4c86-bb10-44d842e7e3b3] Receive server push request, request = NotifySubscriberRequest, requestId = 28
16:00:08.162 [nacos-grpc-client-executor-47.118.20.7-53] INFO  c.a.n.client.naming - [isChangedServiceInfo,241] - removed ips(1) service: DEFAULT_GROUP@@oj-system -> [{"instanceId":"192.168.81.1#9201#DEFAULT#DEFAULT_GROUP@@oj-system","ip":"192.168.81.1","port":9201,"weight":1.0,"healthy":true,"enabled":true,"ephemeral":true,"clusterName":"DEFAULT","serviceName":"DEFAULT_GROUP@@oj-system","metadata":{"preserved.register.source":"SPRING_CLOUD"},"instanceHeartBeatTimeOut":15000,"instanceHeartBeatInterval":5000,"ipDeleteTimeout":30000}]
16:00:08.162 [nacos-grpc-client-executor-47.118.20.7-53] INFO  c.a.n.client.naming - [processServiceInfo,169] - current ips:(0) service: DEFAULT_GROUP@@oj-system -> []
16:00:08.165 [nacos-grpc-client-executor-47.118.20.7-53] INFO  c.a.n.c.r.client - [printIfInfoEnabled,63] - [ad8b8c54-704c-4c86-bb10-44d842e7e3b3] Ack server push request, request = NotifySubscriberRequest, requestId = 28
16:00:09.039 [nacos-grpc-client-executor-47.118.20.7-54] INFO  c.a.n.c.r.client - [printIfInfoEnabled,63] - [ad8b8c54-704c-4c86-bb10-44d842e7e3b3] Receive server push request, request = NotifySubscriberRequest, requestId = 29
16:00:09.041 [nacos-grpc-client-executor-47.118.20.7-54] INFO  c.a.n.client.naming - [isChangedServiceInfo,235] - new ips(1) service: DEFAULT_GROUP@@oj-system -> [{"instanceId":"192.168.81.1#9201#DEFAULT#DEFAULT_GROUP@@oj-system","ip":"192.168.81.1","port":9201,"weight":1.0,"healthy":true,"enabled":true,"ephemeral":true,"clusterName":"DEFAULT","serviceName":"DEFAULT_GROUP@@oj-system","metadata":{"preserved.register.source":"SPRING_CLOUD"},"instanceHeartBeatTimeOut":15000,"instanceHeartBeatInterval":5000,"ipDeleteTimeout":30000}]
16:00:09.043 [nacos-grpc-client-executor-47.118.20.7-54] INFO  c.a.n.client.naming - [processServiceInfo,169] - current ips:(1) service: DEFAULT_GROUP@@oj-system -> [{"instanceId":"192.168.81.1#9201#DEFAULT#DEFAULT_GROUP@@oj-system","ip":"192.168.81.1","port":9201,"weight":1.0,"healthy":true,"enabled":true,"ephemeral":true,"clusterName":"DEFAULT","serviceName":"DEFAULT_GROUP@@oj-system","metadata":{"preserved.register.source":"SPRING_CLOUD"},"instanceHeartBeatTimeOut":15000,"instanceHeartBeatInterval":5000,"ipDeleteTimeout":30000}]
16:00:09.046 [nacos-grpc-client-executor-47.118.20.7-54] INFO  c.a.n.c.r.client - [printIfInfoEnabled,63] - [ad8b8c54-704c-4c86-bb10-44d842e7e3b3] Ack server push request, request = NotifySubscriberRequest, requestId = 29
17:44:24.697 [SpringApplicationShutdownHook] INFO  c.a.c.n.r.NacosServiceRegistry - [deregister,95] - De-registering from Nacos Server now...
17:44:24.697 [SpringApplicationShutdownHook] INFO  c.a.n.client.naming - [deregisterService,217] - [DEREGISTER-SERVICE] public deregistering service oj-gateway with instance: Instance{instanceId='null', ip='192.168.81.1', port=19090, weight=1.0, healthy=true, enabled=true, ephemeral=true, clusterName='DEFAULT', serviceName='null', metadata={}}
17:44:24.741 [SpringApplicationShutdownHook] INFO  c.a.c.n.r.NacosServiceRegistry - [deregister,115] - De-registration finished.
17:44:24.742 [SpringApplicationShutdownHook] INFO  c.a.n.client.naming - [shutdown,256] - com.alibaba.nacos.client.naming.cache.ServiceInfoHolder do shutdown begin
17:44:24.742 [SpringApplicationShutdownHook] INFO  c.a.n.client.naming - [shutdown,136] - com.alibaba.nacos.client.naming.backups.FailoverReactor do shutdown begin
17:44:24.742 [SpringApplicationShutdownHook] INFO  c.a.n.client.naming - [shutdown,138] - com.alibaba.nacos.client.naming.backups.FailoverReactor do shutdown stop
17:44:24.742 [SpringApplicationShutdownHook] INFO  c.a.n.client.naming - [shutdown,258] - com.alibaba.nacos.client.naming.cache.ServiceInfoHolder do shutdown stop
17:44:24.742 [SpringApplicationShutdownHook] INFO  c.a.n.client.naming - [shutdown,204] - com.alibaba.nacos.client.naming.remote.NamingClientProxyDelegate do shutdown begin
17:44:24.742 [SpringApplicationShutdownHook] INFO  c.a.n.client.naming - [shutdown,143] - com.alibaba.nacos.client.naming.core.ServiceInfoUpdateService do shutdown begin
17:44:24.742 [SpringApplicationShutdownHook] INFO  c.a.n.client.naming - [shutdown,145] - com.alibaba.nacos.client.naming.core.ServiceInfoUpdateService do shutdown stop
17:44:24.742 [SpringApplicationShutdownHook] INFO  c.a.n.client.naming - [shutdown,194] - com.alibaba.nacos.client.naming.core.ServerListManager do shutdown begin
17:44:24.742 [SpringApplicationShutdownHook] INFO  c.a.n.client.naming - [shutdown,199] - com.alibaba.nacos.client.naming.core.ServerListManager do shutdown stop
17:44:24.743 [SpringApplicationShutdownHook] INFO  c.a.n.client.naming - [shutdown,484] - com.alibaba.nacos.client.naming.remote.http.NamingHttpClientProxy do shutdown begin
17:44:24.743 [SpringApplicationShutdownHook] INFO  c.a.n.client.naming - [shutdown,486] - com.alibaba.nacos.client.naming.remote.http.NamingHttpClientProxy do shutdown stop
17:44:24.743 [SpringApplicationShutdownHook] INFO  c.a.n.c.r.client - [shutdown,429] - Shutdown rpc client, set status to shutdown
17:44:24.743 [SpringApplicationShutdownHook] INFO  c.a.n.c.r.client - [shutdown,431] - Shutdown client event executor java.util.concurrent.ScheduledThreadPoolExecutor@722903bf[Running, pool size = 2, active threads = 2, queued tasks = 0, completed tasks = 0]
17:44:24.743 [SpringApplicationShutdownHook] INFO  c.a.n.c.r.client - [closeConnection,584] - Close current connection 1772783801833_182.150.122.45_2633
17:44:24.746 [SpringApplicationShutdownHook] INFO  c.a.n.c.r.c.g.GrpcClient - [shutdown,159] - Shutdown grpc executor java.util.concurrent.ThreadPoolExecutor@1781e7b0[Running, pool size = 3, active threads = 0, queued tasks = 0, completed tasks = 1278]
17:44:24.746 [SpringApplicationShutdownHook] INFO  c.a.n.client.naming - [shutdown,318] - Shutdown grpc redo service executor java.util.concurrent.ScheduledThreadPoolExecutor@9fb8f44[Running, pool size = 1, active threads = 0, queued tasks = 1, completed tasks = 2148]
17:44:24.747 [SpringApplicationShutdownHook] INFO  c.a.n.c.a.r.i.CredentialWatcher - [stop,106] - [null] CredentialWatcher is stopped
17:44:24.747 [SpringApplicationShutdownHook] INFO  c.a.n.c.a.r.i.CredentialService - [free,100] - [null] CredentialService is freed
17:44:24.747 [SpringApplicationShutdownHook] INFO  c.a.n.client.naming - [shutdown,211] - com.alibaba.nacos.client.naming.remote.NamingClientProxyDelegate do shutdown stop
17:44:33.220 [background-preinit] INFO  o.h.v.i.util.Version - [<clinit>,21] - HV000001: Hibernate Validator 8.0.0.Final
17:44:33.435 [main] INFO  c.a.n.c.u.ParamUtil - [<clinit>,87] - [settings] [req-serv] nacos-server port:8848
17:44:33.436 [main] INFO  c.a.n.c.u.ParamUtil - [<clinit>,98] - [settings] [http-client] connect timeout:1000
17:44:33.436 [main] INFO  c.a.n.c.u.ParamUtil - [<clinit>,105] - PER_TASK_CONFIG_SIZE: 3000.0
17:44:33.452 [main] INFO  c.a.n.p.a.s.c.ClientAuthPluginManager - [init,56] - [ClientAuthPluginManager] Load ClientAuthService com.alibaba.nacos.client.auth.impl.NacosClientAuthServiceImpl success.
17:44:33.452 [main] INFO  c.a.n.p.a.s.c.ClientAuthPluginManager - [init,56] - [ClientAuthPluginManager] Load ClientAuthService com.alibaba.nacos.client.auth.ram.RamClientAuthServiceImpl success.
17:44:33.454 [main] INFO  c.a.n.c.a.r.i.CredentialWatcher - [loadCredential,165] - null No credential found
17:44:33.777 [main] INFO  c.a.n.c.c.i.LocalConfigInfoProcessor - [<clinit>,63] - LOCAL_SNAPSHOT_PATH:C:\Users\22129\nacos\config
17:44:33.781 [main] INFO  c.a.n.c.r.client - [lambda$createClient$0,108] - [RpcClientFactory] create a new rpc client of af87a1a6-e409-4967-a4f0-3bda14627023_config-0
17:44:33.790 [main] INFO  c.a.n.c.r.client - [printIfInfoEnabled,63] - [af87a1a6-e409-4967-a4f0-3bda14627023_config-0] Register server push request handler:com.alibaba.nacos.client.config.impl.ClientWorker$ConfigRpcTransportClient$$Lambda$574/0x000002161c369830
17:44:33.790 [main] INFO  c.a.n.c.r.client - [printIfInfoEnabled,63] - [af87a1a6-e409-4967-a4f0-3bda14627023_config-0] Register server push request handler:com.alibaba.nacos.client.config.impl.ClientWorker$ConfigRpcTransportClient$$Lambda$575/0x000002161c369c50
17:44:33.790 [main] INFO  c.a.n.c.r.client - [printIfInfoEnabled,63] - [af87a1a6-e409-4967-a4f0-3bda14627023_config-0] Registry connection listener to current client:com.alibaba.nacos.client.config.impl.ClientWorker$ConfigRpcTransportClient$1
17:44:33.791 [main] INFO  c.a.n.c.r.client - [printIfInfoEnabled,63] - [af87a1a6-e409-4967-a4f0-3bda14627023_config-0] RpcClient init, ServerListFactory = com.alibaba.nacos.client.config.impl.ClientWorker$ConfigRpcTransportClient$2
17:44:33.798 [main] INFO  c.a.n.c.r.client - [printIfInfoEnabled,63] - [af87a1a6-e409-4967-a4f0-3bda14627023_config-0] Try to connect to server on start up, server: {serverIp = '47.118.20.7', server main port = 8848}
17:44:33.819 [main] INFO  c.a.n.c.r.c.g.GrpcClient - [createNewManagedChannel,182] - grpc client connection server:47.118.20.7 ip,serverPort:9848,grpcTslConfig:{"sslProvider":"OPENSSL","enableTls":false,"mutualAuthEnable":false,"trustAll":false}
17:44:34.727 [main] INFO  c.a.n.c.r.client - [printIfInfoEnabled,63] - [af87a1a6-e409-4967-a4f0-3bda14627023_config-0] Success to connect to server [47.118.20.7:8848] on start up, connectionId = 1772790273840_182.150.122.45_2638
17:44:34.727 [com.alibaba.nacos.client.remote.worker] INFO  c.a.n.c.r.client - [printIfInfoEnabled,63] - [af87a1a6-e409-4967-a4f0-3bda14627023_config-0] Notify connected event to listeners.
17:44:34.727 [main] INFO  c.a.n.c.r.client - [printIfInfoEnabled,63] - [af87a1a6-e409-4967-a4f0-3bda14627023_config-0] Register server push request handler:com.alibaba.nacos.common.remote.client.RpcClient$ConnectResetRequestHandler
17:44:34.727 [com.alibaba.nacos.client.remote.worker] INFO  c.a.n.c.c.i.ClientWorker - [onConnected,639] - [af87a1a6-e409-4967-a4f0-3bda14627023_config-0] Connected,notify listen context...
17:44:34.727 [main] INFO  c.a.n.c.r.client - [printIfInfoEnabled,63] - [af87a1a6-e409-4967-a4f0-3bda14627023_config-0] Register server push request handler:com.alibaba.nacos.common.remote.client.RpcClient$$Lambda$596/0x000002161c4d11e8
17:44:34.750 [main] INFO  c.a.n.c.c.i.Limiter - [<clinit>,62] - limitTime:5.0
17:44:34.914 [main] INFO  c.a.n.c.c.u.JvmUtil - [<clinit>,54] - isMultiInstance:false
17:44:34.938 [main] INFO  o.s.c.b.c.PropertySourceBootstrapConfiguration - [initialize,108] - Located property source: [BootstrapPropertySource {name='bootstrapProperties-oj-gateway-local.yaml,DEFAULT_GROUP'}, BootstrapPropertySource {name='bootstrapProperties-oj-gateway.yaml,DEFAULT_GROUP'}, BootstrapPropertySource {name='bootstrapProperties-oj-gateway,DEFAULT_GROUP'}]
17:44:34.944 [main] INFO  c.e.g.OjGatewayApplication - [logStartupProfileInfo,636] - The following 1 profile is active: "local"
17:44:35.261 [main] INFO  o.s.d.r.c.RepositoryConfigurationDelegate - [multipleStoresDetected,294] - Multiple Spring Data modules found, entering strict repository configuration mode
17:44:35.262 [main] INFO  o.s.d.r.c.RepositoryConfigurationDelegate - [registerRepositoriesIn,138] - Bootstrapping Spring Data Redis repositories in DEFAULT mode.
17:44:35.277 [main] INFO  o.s.d.r.c.RepositoryConfigurationDelegate - [registerRepositoriesIn,208] - Finished Spring Data repository scanning in 5 ms. Found 0 Redis repository interfaces.
17:44:35.379 [main] INFO  o.s.c.c.s.GenericScope - [setSerializationId,282] - BeanFactory id=a2788962-74f2-3945-9f09-484e16f74f69
17:44:35.402 [main] INFO  o.s.c.s.PostProcessorRegistrationDelegate$BeanPostProcessorChecker - [postProcessAfterInitialization,409] - Bean 'org.springframework.cloud.client.loadbalancer.reactive.LoadBalancerBeanPostProcessorAutoConfiguration' of type [org.springframework.cloud.client.loadbalancer.reactive.LoadBalancerBeanPostProcessorAutoConfiguration] is not eligible for getting processed by all BeanPostProcessors (for example: not eligible for auto-proxying)
17:44:35.403 [main] INFO  o.s.c.s.PostProcessorRegistrationDelegate$BeanPostProcessorChecker - [postProcessAfterInitialization,409] - Bean 'org.springframework.cloud.client.loadbalancer.reactive.LoadBalancerBeanPostProcessorAutoConfiguration$ReactorDeferringLoadBalancerFilterConfig' of type [org.springframework.cloud.client.loadbalancer.reactive.LoadBalancerBeanPostProcessorAutoConfiguration$ReactorDeferringLoadBalancerFilterConfig] is not eligible for getting processed by all BeanPostProcessors (for example: not eligible for auto-proxying)
17:44:35.404 [main] INFO  o.s.c.s.PostProcessorRegistrationDelegate$BeanPostProcessorChecker - [postProcessAfterInitialization,409] - Bean 'reactorDeferringLoadBalancerExchangeFilterFunction' of type [org.springframework.cloud.client.loadbalancer.reactive.DeferringLoadBalancerExchangeFilterFunction] is not eligible for getting processed by all BeanPostProcessors (for example: not eligible for auto-proxying)
17:44:36.606 [main] INFO  o.s.c.g.r.RouteDefinitionRouteLocator - [lambda$initFactories$1,88] - Loaded RoutePredicateFactory [After]
17:44:36.606 [main] INFO  o.s.c.g.r.RouteDefinitionRouteLocator - [lambda$initFactories$1,88] - Loaded RoutePredicateFactory [Before]
17:44:36.606 [main] INFO  o.s.c.g.r.RouteDefinitionRouteLocator - [lambda$initFactories$1,88] - Loaded RoutePredicateFactory [Between]
17:44:36.606 [main] INFO  o.s.c.g.r.RouteDefinitionRouteLocator - [lambda$initFactories$1,88] - Loaded RoutePredicateFactory [Cookie]
17:44:36.606 [main] INFO  o.s.c.g.r.RouteDefinitionRouteLocator - [lambda$initFactories$1,88] - Loaded RoutePredicateFactory [Header]
17:44:36.607 [main] INFO  o.s.c.g.r.RouteDefinitionRouteLocator - [lambda$initFactories$1,88] - Loaded RoutePredicateFactory [Host]
17:44:36.607 [main] INFO  o.s.c.g.r.RouteDefinitionRouteLocator - [lambda$initFactories$1,88] - Loaded RoutePredicateFactory [Method]
17:44:36.607 [main] INFO  o.s.c.g.r.RouteDefinitionRouteLocator - [lambda$initFactories$1,88] - Loaded RoutePredicateFactory [Path]
17:44:36.607 [main] INFO  o.s.c.g.r.RouteDefinitionRouteLocator - [lambda$initFactories$1,88] - Loaded RoutePredicateFactory [Query]
17:44:36.607 [main] INFO  o.s.c.g.r.RouteDefinitionRouteLocator - [lambda$initFactories$1,88] - Loaded RoutePredicateFactory [ReadBody]
17:44:36.607 [main] INFO  o.s.c.g.r.RouteDefinitionRouteLocator - [lambda$initFactories$1,88] - Loaded RoutePredicateFactory [RemoteAddr]
17:44:36.607 [main] INFO  o.s.c.g.r.RouteDefinitionRouteLocator - [lambda$initFactories$1,88] - Loaded RoutePredicateFactory [XForwardedRemoteAddr]
17:44:36.607 [main] INFO  o.s.c.g.r.RouteDefinitionRouteLocator - [lambda$initFactories$1,88] - Loaded RoutePredicateFactory [Weight]
17:44:36.607 [main] INFO  o.s.c.g.r.RouteDefinitionRouteLocator - [lambda$initFactories$1,88] - Loaded RoutePredicateFactory [CloudFoundryRouteService]
17:44:37.102 [main] INFO  o.s.b.w.e.n.NettyWebServer - [start,111] - Netty started on port 19090
17:44:37.493 [main] INFO  c.a.n.client.naming - [initNamespaceForNaming,62] - initializer namespace from ans.namespace attribute : null
17:44:37.494 [main] INFO  c.a.n.client.naming - [lambda$initNamespaceForNaming$0,66] - initializer namespace from ALIBABA_ALIWARE_NAMESPACE attribute :null
17:44:37.495 [main] INFO  c.a.n.client.naming - [lambda$initNamespaceForNaming$1,73] - initializer namespace from namespace attribute :null
17:44:37.499 [main] INFO  c.a.n.p.a.s.c.ClientAuthPluginManager - [init,56] - [ClientAuthPluginManager] Load ClientAuthService com.alibaba.nacos.client.auth.impl.NacosClientAuthServiceImpl success.
17:44:37.499 [main] INFO  c.a.n.p.a.s.c.ClientAuthPluginManager - [init,56] - [ClientAuthPluginManager] Load ClientAuthService com.alibaba.nacos.client.auth.ram.RamClientAuthServiceImpl success.
17:44:37.503 [main] INFO  c.a.n.c.r.client - [lambda$createClient$0,108] - [RpcClientFactory] create a new rpc client of e3cc0d66-a80a-4084-b522-b47c70cd33a0
17:44:37.504 [main] INFO  c.a.n.c.r.client - [printIfInfoEnabled,63] - [e3cc0d66-a80a-4084-b522-b47c70cd33a0] RpcClient init, ServerListFactory = com.alibaba.nacos.client.naming.core.ServerListManager
17:44:37.504 [main] INFO  c.a.n.c.r.client - [printIfInfoEnabled,63] - [e3cc0d66-a80a-4084-b522-b47c70cd33a0] Registry connection listener to current client:com.alibaba.nacos.client.naming.remote.gprc.redo.NamingGrpcRedoService
17:44:37.504 [main] INFO  c.a.n.c.r.client - [printIfInfoEnabled,63] - [e3cc0d66-a80a-4084-b522-b47c70cd33a0] Register server push request handler:com.alibaba.nacos.client.naming.remote.gprc.NamingPushRequestHandler
17:44:37.504 [main] INFO  c.a.n.c.r.client - [printIfInfoEnabled,63] - [e3cc0d66-a80a-4084-b522-b47c70cd33a0] Try to connect to server on start up, server: {serverIp = '47.118.20.7', server main port = 8848}
17:44:37.505 [main] INFO  c.a.n.c.r.c.g.GrpcClient - [createNewManagedChannel,182] - grpc client connection server:47.118.20.7 ip,serverPort:9848,grpcTslConfig:{"sslProvider":"OPENSSL","enableTls":false,"mutualAuthEnable":false,"trustAll":false}
17:44:37.752 [main] INFO  c.a.n.c.r.client - [printIfInfoEnabled,63] - [e3cc0d66-a80a-4084-b522-b47c70cd33a0] Success to connect to server [47.118.20.7:8848] on start up, connectionId = 1772790276909_182.150.122.45_2639
17:44:37.752 [main] INFO  c.a.n.c.r.client - [printIfInfoEnabled,63] - [e3cc0d66-a80a-4084-b522-b47c70cd33a0] Register server push request handler:com.alibaba.nacos.common.remote.client.RpcClient$ConnectResetRequestHandler
17:44:37.752 [com.alibaba.nacos.client.remote.worker] INFO  c.a.n.c.r.client - [printIfInfoEnabled,63] - [e3cc0d66-a80a-4084-b522-b47c70cd33a0] Notify connected event to listeners.
17:44:37.752 [main] INFO  c.a.n.c.r.client - [printIfInfoEnabled,63] - [e3cc0d66-a80a-4084-b522-b47c70cd33a0] Register server push request handler:com.alibaba.nacos.common.remote.client.RpcClient$$Lambda$596/0x000002161c4d11e8
17:44:37.753 [com.alibaba.nacos.client.remote.worker] INFO  c.a.n.client.naming - [onConnected,78] - Grpc connection connect
17:44:37.753 [main] INFO  c.a.n.client.naming - [registerService,121] - [REGISTER-SERVICE] public registering service oj-gateway with instance Instance{instanceId='null', ip='192.168.81.1', port=19090, weight=1.0, healthy=true, enabled=true, ephemeral=true, clusterName='DEFAULT', serviceName='null', metadata={IPv6=null, preserved.register.source=SPRING_CLOUD}}
17:44:37.808 [main] INFO  c.a.c.n.r.NacosServiceRegistry - [register,76] - nacos registry, DEFAULT_GROUP oj-gateway 192.168.81.1:19090 register finished
17:44:37.846 [main] INFO  c.e.g.OjGatewayApplication - [logStarted,57] - Started OjGatewayApplication in 5.116 seconds (process running for 5.634)
17:44:37.848 [main] INFO  c.a.n.c.c.i.CacheData - [<clinit>,67] - nacos.cache.data.init.snapshot = true 
17:44:37.850 [main] INFO  c.a.n.c.c.i.ClientWorker - [addCacheDataIfAbsent,380] - [fixed-47.118.20.7_8848] [subscribe] oj-gateway-local.yaml+DEFAULT_GROUP
17:44:37.854 [main] INFO  c.a.n.c.c.i.CacheData - [addListener,197] - [fixed-47.118.20.7_8848] [add-listener] ok, tenant=, dataId=oj-gateway-local.yaml, group=DEFAULT_GROUP, cnt=1
17:44:37.854 [main] INFO  c.a.c.n.r.NacosContextRefresher - [registerNacosListener,129] - [Nacos Config] Listening config: dataId=oj-gateway-local.yaml, group=DEFAULT_GROUP
17:44:37.855 [main] INFO  c.a.n.c.c.i.ClientWorker - [addCacheDataIfAbsent,380] - [fixed-47.118.20.7_8848] [subscribe] oj-gateway+DEFAULT_GROUP
17:44:37.855 [main] INFO  c.a.n.c.c.i.CacheData - [addListener,197] - [fixed-47.118.20.7_8848] [add-listener] ok, tenant=, dataId=oj-gateway, group=DEFAULT_GROUP, cnt=1
17:44:37.855 [main] INFO  c.a.c.n.r.NacosContextRefresher - [registerNacosListener,129] - [Nacos Config] Listening config: dataId=oj-gateway, group=DEFAULT_GROUP
17:44:37.855 [main] INFO  c.a.n.c.c.i.ClientWorker - [addCacheDataIfAbsent,380] - [fixed-47.118.20.7_8848] [subscribe] oj-gateway.yaml+DEFAULT_GROUP
17:44:37.855 [main] INFO  c.a.n.c.c.i.CacheData - [addListener,197] - [fixed-47.118.20.7_8848] [add-listener] ok, tenant=, dataId=oj-gateway.yaml, group=DEFAULT_GROUP, cnt=1
17:44:37.855 [main] INFO  c.a.c.n.r.NacosContextRefresher - [registerNacosListener,129] - [Nacos Config] Listening config: dataId=oj-gateway.yaml, group=DEFAULT_GROUP
17:46:56.186 [SpringApplicationShutdownHook] INFO  c.a.c.n.r.NacosServiceRegistry - [deregister,95] - De-registering from Nacos Server now...
17:46:56.186 [SpringApplicationShutdownHook] INFO  c.a.n.client.naming - [deregisterService,217] - [DEREGISTER-SERVICE] public deregistering service oj-gateway with instance: Instance{instanceId='null', ip='192.168.81.1', port=19090, weight=1.0, healthy=true, enabled=true, ephemeral=true, clusterName='DEFAULT', serviceName='null', metadata={}}
17:46:56.234 [SpringApplicationShutdownHook] INFO  c.a.c.n.r.NacosServiceRegistry - [deregister,115] - De-registration finished.
17:46:56.235 [SpringApplicationShutdownHook] INFO  c.a.n.client.naming - [shutdown,256] - com.alibaba.nacos.client.naming.cache.ServiceInfoHolder do shutdown begin
17:46:56.235 [SpringApplicationShutdownHook] INFO  c.a.n.client.naming - [shutdown,136] - com.alibaba.nacos.client.naming.backups.FailoverReactor do shutdown begin
17:46:56.235 [SpringApplicationShutdownHook] INFO  c.a.n.client.naming - [shutdown,138] - com.alibaba.nacos.client.naming.backups.FailoverReactor do shutdown stop
17:46:56.235 [SpringApplicationShutdownHook] INFO  c.a.n.client.naming - [shutdown,258] - com.alibaba.nacos.client.naming.cache.ServiceInfoHolder do shutdown stop
17:46:56.235 [SpringApplicationShutdownHook] INFO  c.a.n.client.naming - [shutdown,204] - com.alibaba.nacos.client.naming.remote.NamingClientProxyDelegate do shutdown begin
17:46:56.235 [SpringApplicationShutdownHook] INFO  c.a.n.client.naming - [shutdown,143] - com.alibaba.nacos.client.naming.core.ServiceInfoUpdateService do shutdown begin
17:46:56.235 [SpringApplicationShutdownHook] INFO  c.a.n.client.naming - [shutdown,145] - com.alibaba.nacos.client.naming.core.ServiceInfoUpdateService do shutdown stop
17:46:56.235 [SpringApplicationShutdownHook] INFO  c.a.n.client.naming - [shutdown,194] - com.alibaba.nacos.client.naming.core.ServerListManager do shutdown begin
17:46:56.235 [SpringApplicationShutdownHook] INFO  c.a.n.client.naming - [shutdown,199] - com.alibaba.nacos.client.naming.core.ServerListManager do shutdown stop
17:46:56.235 [SpringApplicationShutdownHook] INFO  c.a.n.client.naming - [shutdown,484] - com.alibaba.nacos.client.naming.remote.http.NamingHttpClientProxy do shutdown begin
17:46:56.235 [SpringApplicationShutdownHook] INFO  c.a.n.client.naming - [shutdown,486] - com.alibaba.nacos.client.naming.remote.http.NamingHttpClientProxy do shutdown stop
17:46:56.236 [SpringApplicationShutdownHook] INFO  c.a.n.c.r.client - [shutdown,429] - Shutdown rpc client, set status to shutdown
17:46:56.236 [SpringApplicationShutdownHook] INFO  c.a.n.c.r.client - [shutdown,431] - Shutdown client event executor java.util.concurrent.ScheduledThreadPoolExecutor@2cfa246a[Running, pool size = 2, active threads = 2, queued tasks = 0, completed tasks = 0]
17:46:56.236 [SpringApplicationShutdownHook] INFO  c.a.n.c.r.client - [closeConnection,584] - Close current connection 1772790276909_182.150.122.45_2639
17:46:56.238 [SpringApplicationShutdownHook] INFO  c.a.n.c.r.c.g.GrpcClient - [shutdown,159] - Shutdown grpc executor java.util.concurrent.ThreadPoolExecutor@6cad86ad[Running, pool size = 5, active threads = 0, queued tasks = 0, completed tasks = 38]
17:46:56.239 [SpringApplicationShutdownHook] INFO  c.a.n.client.naming - [shutdown,318] - Shutdown grpc redo service executor java.util.concurrent.ScheduledThreadPoolExecutor@959e523[Running, pool size = 1, active threads = 0, queued tasks = 1, completed tasks = 46]
17:46:56.239 [SpringApplicationShutdownHook] INFO  c.a.n.c.a.r.i.CredentialWatcher - [stop,106] - [null] CredentialWatcher is stopped
17:46:56.239 [SpringApplicationShutdownHook] INFO  c.a.n.c.a.r.i.CredentialService - [free,100] - [null] CredentialService is freed
17:46:56.239 [SpringApplicationShutdownHook] INFO  c.a.n.client.naming - [shutdown,211] - com.alibaba.nacos.client.naming.remote.NamingClientProxyDelegate do shutdown stop
17:47:01.308 [background-preinit] INFO  o.h.v.i.util.Version - [<clinit>,21] - HV000001: Hibernate Validator 8.0.0.Final
17:47:01.541 [main] INFO  c.a.n.c.u.ParamUtil - [<clinit>,87] - [settings] [req-serv] nacos-server port:8848
17:47:01.541 [main] INFO  c.a.n.c.u.ParamUtil - [<clinit>,98] - [settings] [http-client] connect timeout:1000
17:47:01.542 [main] INFO  c.a.n.c.u.ParamUtil - [<clinit>,105] - PER_TASK_CONFIG_SIZE: 3000.0
17:47:01.561 [main] INFO  c.a.n.p.a.s.c.ClientAuthPluginManager - [init,56] - [ClientAuthPluginManager] Load ClientAuthService com.alibaba.nacos.client.auth.impl.NacosClientAuthServiceImpl success.
17:47:01.561 [main] INFO  c.a.n.p.a.s.c.ClientAuthPluginManager - [init,56] - [ClientAuthPluginManager] Load ClientAuthService com.alibaba.nacos.client.auth.ram.RamClientAuthServiceImpl success.
17:47:01.564 [main] INFO  c.a.n.c.a.r.i.CredentialWatcher - [loadCredential,165] - null No credential found
17:47:01.835 [main] INFO  c.a.n.c.c.i.LocalConfigInfoProcessor - [<clinit>,63] - LOCAL_SNAPSHOT_PATH:C:\Users\22129\nacos\config
17:47:01.837 [main] INFO  c.a.n.c.r.client - [lambda$createClient$0,108] - [RpcClientFactory] create a new rpc client of 745d8f02-d761-4fa9-808a-55226916030a_config-0
17:47:01.850 [main] INFO  c.a.n.c.r.client - [printIfInfoEnabled,63] - [745d8f02-d761-4fa9-808a-55226916030a_config-0] Register server push request handler:com.alibaba.nacos.client.config.impl.ClientWorker$ConfigRpcTransportClient$$Lambda$574/0x000001d696369ee8
17:47:01.850 [main] INFO  c.a.n.c.r.client - [printIfInfoEnabled,63] - [745d8f02-d761-4fa9-808a-55226916030a_config-0] Register server push request handler:com.alibaba.nacos.client.config.impl.ClientWorker$ConfigRpcTransportClient$$Lambda$575/0x000001d69636a308
17:47:01.850 [main] INFO  c.a.n.c.r.client - [printIfInfoEnabled,63] - [745d8f02-d761-4fa9-808a-55226916030a_config-0] Registry connection listener to current client:com.alibaba.nacos.client.config.impl.ClientWorker$ConfigRpcTransportClient$1
17:47:01.850 [main] INFO  c.a.n.c.r.client - [printIfInfoEnabled,63] - [745d8f02-d761-4fa9-808a-55226916030a_config-0] RpcClient init, ServerListFactory = com.alibaba.nacos.client.config.impl.ClientWorker$ConfigRpcTransportClient$2
17:47:01.860 [main] INFO  c.a.n.c.r.client - [printIfInfoEnabled,63] - [745d8f02-d761-4fa9-808a-55226916030a_config-0] Try to connect to server on start up, server: {serverIp = '47.118.20.7', server main port = 8848}
17:47:01.886 [main] INFO  c.a.n.c.r.c.g.GrpcClient - [createNewManagedChannel,182] - grpc client connection server:47.118.20.7 ip,serverPort:9848,grpcTslConfig:{"sslProvider":"OPENSSL","enableTls":false,"mutualAuthEnable":false,"trustAll":false}
17:47:02.914 [main] INFO  c.a.n.c.r.client - [printIfInfoEnabled,63] - [745d8f02-d761-4fa9-808a-55226916030a_config-0] Success to connect to server [47.118.20.7:8848] on start up, connectionId = 1772790421926_182.150.122.45_2640
17:47:02.915 [com.alibaba.nacos.client.remote.worker] INFO  c.a.n.c.r.client - [printIfInfoEnabled,63] - [745d8f02-d761-4fa9-808a-55226916030a_config-0] Notify connected event to listeners.
17:47:02.915 [main] INFO  c.a.n.c.r.client - [printIfInfoEnabled,63] - [745d8f02-d761-4fa9-808a-55226916030a_config-0] Register server push request handler:com.alibaba.nacos.common.remote.client.RpcClient$ConnectResetRequestHandler
17:47:02.915 [com.alibaba.nacos.client.remote.worker] INFO  c.a.n.c.c.i.ClientWorker - [onConnected,639] - [745d8f02-d761-4fa9-808a-55226916030a_config-0] Connected,notify listen context...
17:47:02.916 [main] INFO  c.a.n.c.r.client - [printIfInfoEnabled,63] - [745d8f02-d761-4fa9-808a-55226916030a_config-0] Register server push request handler:com.alibaba.nacos.common.remote.client.RpcClient$$Lambda$596/0x000001d6964f11e8
17:47:02.974 [main] INFO  c.a.n.c.c.i.Limiter - [<clinit>,62] - limitTime:5.0
17:47:03.534 [main] INFO  c.a.n.c.c.u.JvmUtil - [<clinit>,54] - isMultiInstance:false
17:47:03.542 [main] INFO  o.s.c.b.c.PropertySourceBootstrapConfiguration - [initialize,108] - Located property source: [BootstrapPropertySource {name='bootstrapProperties-oj-gateway-local.yaml,DEFAULT_GROUP'}, BootstrapPropertySource {name='bootstrapProperties-oj-gateway.yaml,DEFAULT_GROUP'}, BootstrapPropertySource {name='bootstrapProperties-oj-gateway,DEFAULT_GROUP'}]
17:47:03.548 [main] INFO  c.e.g.OjGatewayApplication - [logStartupProfileInfo,636] - The following 1 profile is active: "local"
17:47:04.107 [main] INFO  o.s.d.r.c.RepositoryConfigurationDelegate - [multipleStoresDetected,294] - Multiple Spring Data modules found, entering strict repository configuration mode
17:47:04.111 [main] INFO  o.s.d.r.c.RepositoryConfigurationDelegate - [registerRepositoriesIn,138] - Bootstrapping Spring Data Redis repositories in DEFAULT mode.
17:47:04.136 [main] INFO  o.s.d.r.c.RepositoryConfigurationDelegate - [registerRepositoriesIn,208] - Finished Spring Data repository scanning in 9 ms. Found 0 Redis repository interfaces.
17:47:04.301 [main] INFO  o.s.c.c.s.GenericScope - [setSerializationId,282] - BeanFactory id=a2788962-74f2-3945-9f09-484e16f74f69
17:47:04.344 [main] INFO  o.s.c.s.PostProcessorRegistrationDelegate$BeanPostProcessorChecker - [postProcessAfterInitialization,409] - Bean 'org.springframework.cloud.client.loadbalancer.reactive.LoadBalancerBeanPostProcessorAutoConfiguration' of type [org.springframework.cloud.client.loadbalancer.reactive.LoadBalancerBeanPostProcessorAutoConfiguration] is not eligible for getting processed by all BeanPostProcessors (for example: not eligible for auto-proxying)
17:47:04.345 [main] INFO  o.s.c.s.PostProcessorRegistrationDelegate$BeanPostProcessorChecker - [postProcessAfterInitialization,409] - Bean 'org.springframework.cloud.client.loadbalancer.reactive.LoadBalancerBeanPostProcessorAutoConfiguration$ReactorDeferringLoadBalancerFilterConfig' of type [org.springframework.cloud.client.loadbalancer.reactive.LoadBalancerBeanPostProcessorAutoConfiguration$ReactorDeferringLoadBalancerFilterConfig] is not eligible for getting processed by all BeanPostProcessors (for example: not eligible for auto-proxying)
17:47:04.346 [main] INFO  o.s.c.s.PostProcessorRegistrationDelegate$BeanPostProcessorChecker - [postProcessAfterInitialization,409] - Bean 'reactorDeferringLoadBalancerExchangeFilterFunction' of type [org.springframework.cloud.client.loadbalancer.reactive.DeferringLoadBalancerExchangeFilterFunction] is not eligible for getting processed by all BeanPostProcessors (for example: not eligible for auto-proxying)
17:47:05.897 [main] INFO  o.s.c.g.r.RouteDefinitionRouteLocator - [lambda$initFactories$1,88] - Loaded RoutePredicateFactory [After]
17:47:05.897 [main] INFO  o.s.c.g.r.RouteDefinitionRouteLocator - [lambda$initFactories$1,88] - Loaded RoutePredicateFactory [Before]
17:47:05.897 [main] INFO  o.s.c.g.r.RouteDefinitionRouteLocator - [lambda$initFactories$1,88] - Loaded RoutePredicateFactory [Between]
17:47:05.897 [main] INFO  o.s.c.g.r.RouteDefinitionRouteLocator - [lambda$initFactories$1,88] - Loaded RoutePredicateFactory [Cookie]
17:47:05.897 [main] INFO  o.s.c.g.r.RouteDefinitionRouteLocator - [lambda$initFactories$1,88] - Loaded RoutePredicateFactory [Header]
17:47:05.897 [main] INFO  o.s.c.g.r.RouteDefinitionRouteLocator - [lambda$initFactories$1,88] - Loaded RoutePredicateFactory [Host]
17:47:05.897 [main] INFO  o.s.c.g.r.RouteDefinitionRouteLocator - [lambda$initFactories$1,88] - Loaded RoutePredicateFactory [Method]
17:47:05.897 [main] INFO  o.s.c.g.r.RouteDefinitionRouteLocator - [lambda$initFactories$1,88] - Loaded RoutePredicateFactory [Path]
17:47:05.897 [main] INFO  o.s.c.g.r.RouteDefinitionRouteLocator - [lambda$initFactories$1,88] - Loaded RoutePredicateFactory [Query]
17:47:05.897 [main] INFO  o.s.c.g.r.RouteDefinitionRouteLocator - [lambda$initFactories$1,88] - Loaded RoutePredicateFactory [ReadBody]
17:47:05.898 [main] INFO  o.s.c.g.r.RouteDefinitionRouteLocator - [lambda$initFactories$1,88] - Loaded RoutePredicateFactory [RemoteAddr]
17:47:05.898 [main] INFO  o.s.c.g.r.RouteDefinitionRouteLocator - [lambda$initFactories$1,88] - Loaded RoutePredicateFactory [XForwardedRemoteAddr]
17:47:05.898 [main] INFO  o.s.c.g.r.RouteDefinitionRouteLocator - [lambda$initFactories$1,88] - Loaded RoutePredicateFactory [Weight]
17:47:05.898 [main] INFO  o.s.c.g.r.RouteDefinitionRouteLocator - [lambda$initFactories$1,88] - Loaded RoutePredicateFactory [CloudFoundryRouteService]
17:47:06.576 [main] INFO  o.s.b.w.e.n.NettyWebServer - [start,111] - Netty started on port 19090
17:47:07.130 [main] INFO  c.a.n.client.naming - [initNamespaceForNaming,62] - initializer namespace from ans.namespace attribute : null
17:47:07.130 [main] INFO  c.a.n.client.naming - [lambda$initNamespaceForNaming$0,66] - initializer namespace from ALIBABA_ALIWARE_NAMESPACE attribute :null
17:47:07.130 [main] INFO  c.a.n.client.naming - [lambda$initNamespaceForNaming$1,73] - initializer namespace from namespace attribute :null
17:47:07.137 [main] INFO  c.a.n.p.a.s.c.ClientAuthPluginManager - [init,56] - [ClientAuthPluginManager] Load ClientAuthService com.alibaba.nacos.client.auth.impl.NacosClientAuthServiceImpl success.
17:47:07.137 [main] INFO  c.a.n.p.a.s.c.ClientAuthPluginManager - [init,56] - [ClientAuthPluginManager] Load ClientAuthService com.alibaba.nacos.client.auth.ram.RamClientAuthServiceImpl success.
17:47:07.141 [main] INFO  c.a.n.c.r.client - [lambda$createClient$0,108] - [RpcClientFactory] create a new rpc client of 8ed98f07-4d74-406c-9f3f-944fc2befe2d
17:47:07.142 [main] INFO  c.a.n.c.r.client - [printIfInfoEnabled,63] - [8ed98f07-4d74-406c-9f3f-944fc2befe2d] RpcClient init, ServerListFactory = com.alibaba.nacos.client.naming.core.ServerListManager
17:47:07.142 [main] INFO  c.a.n.c.r.client - [printIfInfoEnabled,63] - [8ed98f07-4d74-406c-9f3f-944fc2befe2d] Registry connection listener to current client:com.alibaba.nacos.client.naming.remote.gprc.redo.NamingGrpcRedoService
17:47:07.142 [main] INFO  c.a.n.c.r.client - [printIfInfoEnabled,63] - [8ed98f07-4d74-406c-9f3f-944fc2befe2d] Register server push request handler:com.alibaba.nacos.client.naming.remote.gprc.NamingPushRequestHandler
17:47:07.143 [main] INFO  c.a.n.c.r.client - [printIfInfoEnabled,63] - [8ed98f07-4d74-406c-9f3f-944fc2befe2d] Try to connect to server on start up, server: {serverIp = '47.118.20.7', server main port = 8848}
17:47:07.143 [main] INFO  c.a.n.c.r.c.g.GrpcClient - [createNewManagedChannel,182] - grpc client connection server:47.118.20.7 ip,serverPort:9848,grpcTslConfig:{"sslProvider":"OPENSSL","enableTls":false,"mutualAuthEnable":false,"trustAll":false}
17:47:07.374 [main] INFO  c.a.n.c.r.client - [printIfInfoEnabled,63] - [8ed98f07-4d74-406c-9f3f-944fc2befe2d] Success to connect to server [47.118.20.7:8848] on start up, connectionId = 1772790426546_182.150.122.45_2642
17:47:07.374 [main] INFO  c.a.n.c.r.client - [printIfInfoEnabled,63] - [8ed98f07-4d74-406c-9f3f-944fc2befe2d] Register server push request handler:com.alibaba.nacos.common.remote.client.RpcClient$ConnectResetRequestHandler
17:47:07.374 [com.alibaba.nacos.client.remote.worker] INFO  c.a.n.c.r.client - [printIfInfoEnabled,63] - [8ed98f07-4d74-406c-9f3f-944fc2befe2d] Notify connected event to listeners.
17:47:07.374 [com.alibaba.nacos.client.remote.worker] INFO  c.a.n.client.naming - [onConnected,78] - Grpc connection connect
17:47:07.374 [main] INFO  c.a.n.c.r.client - [printIfInfoEnabled,63] - [8ed98f07-4d74-406c-9f3f-944fc2befe2d] Register server push request handler:com.alibaba.nacos.common.remote.client.RpcClient$$Lambda$596/0x000001d6964f11e8
17:47:07.376 [main] INFO  c.a.n.client.naming - [registerService,121] - [REGISTER-SERVICE] public registering service oj-gateway with instance Instance{instanceId='null', ip='192.168.81.1', port=19090, weight=1.0, healthy=true, enabled=true, ephemeral=true, clusterName='DEFAULT', serviceName='null', metadata={IPv6=null, preserved.register.source=SPRING_CLOUD}}
17:47:07.428 [main] INFO  c.a.c.n.r.NacosServiceRegistry - [register,76] - nacos registry, DEFAULT_GROUP oj-gateway 192.168.81.1:19090 register finished
17:47:07.471 [main] INFO  c.e.g.OjGatewayApplication - [logStarted,57] - Started OjGatewayApplication in 6.686 seconds (process running for 7.754)
17:47:07.474 [main] INFO  c.a.n.c.c.i.CacheData - [<clinit>,67] - nacos.cache.data.init.snapshot = true 
17:47:07.476 [main] INFO  c.a.n.c.c.i.ClientWorker - [addCacheDataIfAbsent,380] - [fixed-47.118.20.7_8848] [subscribe] oj-gateway-local.yaml+DEFAULT_GROUP
17:47:07.483 [main] INFO  c.a.n.c.c.i.CacheData - [addListener,197] - [fixed-47.118.20.7_8848] [add-listener] ok, tenant=, dataId=oj-gateway-local.yaml, group=DEFAULT_GROUP, cnt=1
17:47:07.484 [main] INFO  c.a.c.n.r.NacosContextRefresher - [registerNacosListener,129] - [Nacos Config] Listening config: dataId=oj-gateway-local.yaml, group=DEFAULT_GROUP
17:47:07.485 [main] INFO  c.a.n.c.c.i.ClientWorker - [addCacheDataIfAbsent,380] - [fixed-47.118.20.7_8848] [subscribe] oj-gateway+DEFAULT_GROUP
17:47:07.485 [main] INFO  c.a.n.c.c.i.CacheData - [addListener,197] - [fixed-47.118.20.7_8848] [add-listener] ok, tenant=, dataId=oj-gateway, group=DEFAULT_GROUP, cnt=1
17:47:07.485 [main] INFO  c.a.c.n.r.NacosContextRefresher - [registerNacosListener,129] - [Nacos Config] Listening config: dataId=oj-gateway, group=DEFAULT_GROUP
17:47:07.486 [main] INFO  c.a.n.c.c.i.ClientWorker - [addCacheDataIfAbsent,380] - [fixed-47.118.20.7_8848] [subscribe] oj-gateway.yaml+DEFAULT_GROUP
17:47:07.487 [main] INFO  c.a.n.c.c.i.CacheData - [addListener,197] - [fixed-47.118.20.7_8848] [add-listener] ok, tenant=, dataId=oj-gateway.yaml, group=DEFAULT_GROUP, cnt=1
17:47:07.487 [main] INFO  c.a.c.n.r.NacosContextRefresher - [registerNacosListener,129] - [Nacos Config] Listening config: dataId=oj-gateway.yaml, group=DEFAULT_GROUP
17:49:44.198 [com.alibaba.nacos.client.remote.worker] INFO  c.a.n.c.r.client - [printIfInfoEnabled,63] - [8ed98f07-4d74-406c-9f3f-944fc2befe2d] Server healthy check fail, currentConnection = 1772790426546_182.150.122.45_2642
17:49:44.198 [com.alibaba.nacos.client.remote.worker] INFO  c.a.n.c.r.client - [printIfInfoEnabled,63] - [745d8f02-d761-4fa9-808a-55226916030a_config-0] Server healthy check fail, currentConnection = 1772790421926_182.150.122.45_2640
17:49:46.026 [com.alibaba.nacos.client.remote.worker] INFO  c.a.n.c.r.client - [printIfInfoEnabled,63] - [745d8f02-d761-4fa9-808a-55226916030a_config-0] Try to reconnect to a new server, server is  not appointed, will choose a random server.
17:49:46.026 [com.alibaba.nacos.client.remote.worker] INFO  c.a.n.c.r.client - [printIfInfoEnabled,63] - [8ed98f07-4d74-406c-9f3f-944fc2befe2d] Try to reconnect to a new server, server is  not appointed, will choose a random server.
17:49:48.119 [com.alibaba.nacos.client.remote.worker] INFO  c.a.n.c.r.c.g.GrpcClient - [createNewManagedChannel,182] - grpc client connection server:47.118.20.7 ip,serverPort:9848,grpcTslConfig:{"sslProvider":"OPENSSL","enableTls":false,"mutualAuthEnable":false,"trustAll":false}
17:49:48.120 [com.alibaba.nacos.client.remote.worker] INFO  c.a.n.c.r.c.g.GrpcClient - [createNewManagedChannel,182] - grpc client connection server:47.118.20.7 ip,serverPort:9848,grpcTslConfig:{"sslProvider":"OPENSSL","enableTls":false,"mutualAuthEnable":false,"trustAll":false}
17:49:49.784 [boundedElastic-1] INFO  c.a.n.client.naming - [subscribe,167] - [SUBSCRIBE-SERVICE] service:oj-system, group:DEFAULT_GROUP, clusters: 
17:49:49.784 [nacos-grpc-client-executor-47.118.20.7-28] INFO  c.a.n.c.r.client - [printIfInfoEnabled,63] - [745d8f02-d761-4fa9-808a-55226916030a_config-0] Receive server push request, request = ClientDetectionRequest, requestId = 31
17:49:49.784 [nacos-grpc-client-executor-47.118.20.7-19] INFO  c.a.n.c.r.client - [printIfInfoEnabled,63] - [8ed98f07-4d74-406c-9f3f-944fc2befe2d] Receive server push request, request = ClientDetectionRequest, requestId = 30
17:49:49.785 [nacos-grpc-client-executor-47.118.20.7-28] INFO  c.a.n.c.r.client - [printIfInfoEnabled,63] - [745d8f02-d761-4fa9-808a-55226916030a_config-0] Ack server push request, request = ClientDetectionRequest, requestId = 31
17:49:49.785 [nacos-grpc-client-executor-47.118.20.7-19] INFO  c.a.n.c.r.client - [printIfInfoEnabled,63] - [8ed98f07-4d74-406c-9f3f-944fc2befe2d] Ack server push request, request = ClientDetectionRequest, requestId = 30
17:49:49.788 [nacos-grpc-client-executor-47.118.20.7-28] INFO  c.a.n.c.r.c.g.GrpcClient - [printIfInfoEnabled,63] - [1772790421926_182.150.122.45_2640]Ignore complete event,isRunning:false,isAbandon=false
17:49:49.788 [nacos-grpc-client-executor-47.118.20.7-19] INFO  c.a.n.c.r.c.g.GrpcClient - [printIfInfoEnabled,63] - [1772790426546_182.150.122.45_2642]Ignore complete event,isRunning:false,isAbandon=false
17:49:50.013 [com.alibaba.nacos.client.remote.worker] INFO  c.a.n.c.r.client - [printIfInfoEnabled,63] - [745d8f02-d761-4fa9-808a-55226916030a_config-0] Success to connect a server [47.118.20.7:8848], connectionId = 1772790589181_182.150.122.45_2646
17:49:50.013 [com.alibaba.nacos.client.remote.worker] INFO  c.a.n.c.r.client - [printIfInfoEnabled,63] - [745d8f02-d761-4fa9-808a-55226916030a_config-0] Abandon prev connection, server is 47.118.20.7:8848, connectionId is 1772790421926_182.150.122.45_2640
17:49:50.013 [com.alibaba.nacos.client.remote.worker] INFO  c.a.n.c.r.client - [closeConnection,584] - Close current connection 1772790421926_182.150.122.45_2640
17:49:50.015 [com.alibaba.nacos.client.remote.worker] INFO  c.a.n.c.r.client - [printIfInfoEnabled,63] - [745d8f02-d761-4fa9-808a-55226916030a_config-0] Notify disconnected event to listeners
17:49:50.015 [com.alibaba.nacos.client.remote.worker] INFO  c.a.n.c.c.i.ClientWorker - [onDisConnect,646] - [745d8f02-d761-4fa9-808a-55226916030a_config-0] DisConnected,clear listen context...
17:49:50.015 [com.alibaba.nacos.client.remote.worker] INFO  c.a.n.c.r.client - [printIfInfoEnabled,63] - [745d8f02-d761-4fa9-808a-55226916030a_config-0] Notify connected event to listeners.
17:49:50.015 [com.alibaba.nacos.client.remote.worker] INFO  c.a.n.c.c.i.ClientWorker - [onConnected,639] - [745d8f02-d761-4fa9-808a-55226916030a_config-0] Connected,notify listen context...
17:49:50.029 [com.alibaba.nacos.client.remote.worker] INFO  c.a.n.c.r.client - [printIfInfoEnabled,63] - [8ed98f07-4d74-406c-9f3f-944fc2befe2d] Success to connect a server [47.118.20.7:8848], connectionId = 1772790589190_182.150.122.45_2647
17:49:50.029 [com.alibaba.nacos.client.remote.worker] INFO  c.a.n.c.r.client - [printIfInfoEnabled,63] - [8ed98f07-4d74-406c-9f3f-944fc2befe2d] Abandon prev connection, server is 47.118.20.7:8848, connectionId is 1772790426546_182.150.122.45_2642
17:49:50.029 [com.alibaba.nacos.client.remote.worker] INFO  c.a.n.c.r.client - [closeConnection,584] - Close current connection 1772790426546_182.150.122.45_2642
17:49:50.030 [com.alibaba.nacos.client.remote.worker] INFO  c.a.n.c.r.client - [printIfInfoEnabled,63] - [8ed98f07-4d74-406c-9f3f-944fc2befe2d] Notify disconnected event to listeners
17:49:50.031 [com.alibaba.nacos.client.remote.worker] INFO  c.a.n.c.r.client - [printIfInfoEnabled,63] - [8ed98f07-4d74-406c-9f3f-944fc2befe2d] Notify connected event to listeners.
17:49:50.031 [com.alibaba.nacos.client.remote.worker] INFO  c.a.n.client.naming - [onConnected,78] - Grpc connection connect
17:49:55.189 [com.alibaba.nacos.client.naming.grpc.redo.0] INFO  c.a.n.client.naming - [redoForInstance,73] - Redo instance operation REGISTER for DEFAULT_GROUP@@oj-gateway
17:49:56.237 [boundedElastic-1] INFO  c.a.n.client.naming - [subscribe,167] - [SUBSCRIBE-SERVICE] service:oj-system, group:DEFAULT_GROUP, clusters: 
17:49:56.238 [com.alibaba.nacos.client.naming.grpc.redo.0] INFO  c.a.n.client.naming - [redoForSubscribe,121] - Redo subscriber operation REGISTER for DEFAULT_GROUP@@oj-system#
17:49:56.239 [com.alibaba.nacos.client.remote.worker] INFO  c.a.n.c.r.client - [printIfInfoEnabled,63] - [8ed98f07-4d74-406c-9f3f-944fc2befe2d] Server check success, currentServer is 47.118.20.7:8848 
17:49:56.402 [boundedElastic-1] INFO  c.a.n.client.naming - [isChangedServiceInfo,184] - init new ips(1) service: DEFAULT_GROUP@@oj-system -> [{"instanceId":"192.168.81.1#9201#DEFAULT#DEFAULT_GROUP@@oj-system","ip":"192.168.81.1","port":9201,"weight":1.0,"healthy":true,"enabled":true,"ephemeral":true,"clusterName":"DEFAULT","serviceName":"DEFAULT_GROUP@@oj-system","metadata":{"preserved.register.source":"SPRING_CLOUD"},"ipDeleteTimeout":30000,"instanceHeartBeatTimeOut":15000,"instanceHeartBeatInterval":5000}]
17:49:56.403 [boundedElastic-1] INFO  c.a.n.client.naming - [processServiceInfo,169] - current ips:(1) service: DEFAULT_GROUP@@oj-system -> [{"instanceId":"192.168.81.1#9201#DEFAULT#DEFAULT_GROUP@@oj-system","ip":"192.168.81.1","port":9201,"weight":1.0,"healthy":true,"enabled":true,"ephemeral":true,"clusterName":"DEFAULT","serviceName":"DEFAULT_GROUP@@oj-system","metadata":{"preserved.register.source":"SPRING_CLOUD"},"ipDeleteTimeout":30000,"instanceHeartBeatTimeOut":15000,"instanceHeartBeatInterval":5000}]
17:49:57.152 [nacos-grpc-client-executor-47.118.20.7-37] INFO  c.a.n.c.r.client - [printIfInfoEnabled,63] - [8ed98f07-4d74-406c-9f3f-944fc2befe2d] Receive server push request, request = NotifySubscriberRequest, requestId = 32
17:49:57.152 [nacos-grpc-client-executor-47.118.20.7-37] INFO  c.a.n.c.r.client - [printIfInfoEnabled,63] - [8ed98f07-4d74-406c-9f3f-944fc2befe2d] Ack server push request, request = NotifySubscriberRequest, requestId = 32
17:49:59.251 [com.alibaba.nacos.client.naming.grpc.redo.0] INFO  c.a.n.client.naming - [redoForInstance,73] - Redo instance operation REGISTER for DEFAULT_GROUP@@oj-gateway
17:52:32.891 [SpringApplicationShutdownHook] INFO  c.a.c.n.r.NacosServiceRegistry - [deregister,95] - De-registering from Nacos Server now...
17:52:32.891 [SpringApplicationShutdownHook] INFO  c.a.n.client.naming - [deregisterService,217] - [DEREGISTER-SERVICE] public deregistering service oj-gateway with instance: Instance{instanceId='null', ip='192.168.81.1', port=19090, weight=1.0, healthy=true, enabled=true, ephemeral=true, clusterName='DEFAULT', serviceName='null', metadata={}}
17:52:32.935 [SpringApplicationShutdownHook] INFO  c.a.c.n.r.NacosServiceRegistry - [deregister,115] - De-registration finished.
17:52:32.936 [SpringApplicationShutdownHook] INFO  c.a.n.client.naming - [shutdown,256] - com.alibaba.nacos.client.naming.cache.ServiceInfoHolder do shutdown begin
17:52:32.936 [SpringApplicationShutdownHook] INFO  c.a.n.client.naming - [shutdown,136] - com.alibaba.nacos.client.naming.backups.FailoverReactor do shutdown begin
17:52:32.937 [SpringApplicationShutdownHook] INFO  c.a.n.client.naming - [shutdown,138] - com.alibaba.nacos.client.naming.backups.FailoverReactor do shutdown stop
17:52:32.937 [SpringApplicationShutdownHook] INFO  c.a.n.client.naming - [shutdown,258] - com.alibaba.nacos.client.naming.cache.ServiceInfoHolder do shutdown stop
17:52:32.937 [SpringApplicationShutdownHook] INFO  c.a.n.client.naming - [shutdown,204] - com.alibaba.nacos.client.naming.remote.NamingClientProxyDelegate do shutdown begin
17:52:32.937 [SpringApplicationShutdownHook] INFO  c.a.n.client.naming - [shutdown,143] - com.alibaba.nacos.client.naming.core.ServiceInfoUpdateService do shutdown begin
17:52:32.938 [SpringApplicationShutdownHook] INFO  c.a.n.client.naming - [shutdown,145] - com.alibaba.nacos.client.naming.core.ServiceInfoUpdateService do shutdown stop
17:52:32.938 [SpringApplicationShutdownHook] INFO  c.a.n.client.naming - [shutdown,194] - com.alibaba.nacos.client.naming.core.ServerListManager do shutdown begin
17:52:32.940 [SpringApplicationShutdownHook] INFO  c.a.n.client.naming - [shutdown,199] - com.alibaba.nacos.client.naming.core.ServerListManager do shutdown stop
17:52:32.940 [SpringApplicationShutdownHook] INFO  c.a.n.client.naming - [shutdown,484] - com.alibaba.nacos.client.naming.remote.http.NamingHttpClientProxy do shutdown begin
17:52:32.941 [SpringApplicationShutdownHook] INFO  c.a.n.client.naming - [shutdown,486] - com.alibaba.nacos.client.naming.remote.http.NamingHttpClientProxy do shutdown stop
17:52:32.941 [SpringApplicationShutdownHook] INFO  c.a.n.c.r.client - [shutdown,429] - Shutdown rpc client, set status to shutdown
17:52:32.941 [SpringApplicationShutdownHook] INFO  c.a.n.c.r.client - [shutdown,431] - Shutdown client event executor java.util.concurrent.ScheduledThreadPoolExecutor@340fdec3[Running, pool size = 2, active threads = 2, queued tasks = 0, completed tasks = 0]
17:52:32.941 [SpringApplicationShutdownHook] INFO  c.a.n.c.r.client - [closeConnection,584] - Close current connection 1772790589190_182.150.122.45_2647
17:52:32.941 [SpringApplicationShutdownHook] INFO  c.a.n.c.r.c.g.GrpcClient - [shutdown,159] - Shutdown grpc executor java.util.concurrent.ThreadPoolExecutor@356dad35[Running, pool size = 3, active threads = 0, queued tasks = 0, completed tasks = 70]
17:52:32.942 [SpringApplicationShutdownHook] INFO  c.a.n.client.naming - [shutdown,318] - Shutdown grpc redo service executor java.util.concurrent.ScheduledThreadPoolExecutor@4d86aad[Running, pool size = 1, active threads = 0, queued tasks = 1, completed tasks = 76]
17:52:32.942 [SpringApplicationShutdownHook] INFO  c.a.n.c.a.r.i.CredentialWatcher - [stop,106] - [null] CredentialWatcher is stopped
17:52:32.942 [SpringApplicationShutdownHook] INFO  c.a.n.c.a.r.i.CredentialService - [free,100] - [null] CredentialService is freed
17:52:32.942 [SpringApplicationShutdownHook] INFO  c.a.n.client.naming - [shutdown,211] - com.alibaba.nacos.client.naming.remote.NamingClientProxyDelegate do shutdown stop
17:52:35.407 [com.alibaba.nacos.client.Worker] INFO  c.a.n.c.a.r.i.CredentialWatcher - [loadCredential,165] - null No credential found
17:53:08.558 [background-preinit] INFO  o.h.v.i.util.Version - [<clinit>,21] - HV000001: Hibernate Validator 8.0.0.Final
17:53:08.756 [main] INFO  c.a.n.c.u.ParamUtil - [<clinit>,87] - [settings] [req-serv] nacos-server port:8848
17:53:08.757 [main] INFO  c.a.n.c.u.ParamUtil - [<clinit>,98] - [settings] [http-client] connect timeout:1000
17:53:08.757 [main] INFO  c.a.n.c.u.ParamUtil - [<clinit>,105] - PER_TASK_CONFIG_SIZE: 3000.0
17:53:08.780 [main] INFO  c.a.n.p.a.s.c.ClientAuthPluginManager - [init,56] - [ClientAuthPluginManager] Load ClientAuthService com.alibaba.nacos.client.auth.impl.NacosClientAuthServiceImpl success.
17:53:08.781 [main] INFO  c.a.n.p.a.s.c.ClientAuthPluginManager - [init,56] - [ClientAuthPluginManager] Load ClientAuthService com.alibaba.nacos.client.auth.ram.RamClientAuthServiceImpl success.
17:53:08.783 [main] INFO  c.a.n.c.a.r.i.CredentialWatcher - [loadCredential,165] - null No credential found
17:53:09.037 [main] INFO  c.a.n.c.c.i.LocalConfigInfoProcessor - [<clinit>,63] - LOCAL_SNAPSHOT_PATH:C:\Users\22129\nacos\config
17:53:09.040 [main] INFO  c.a.n.c.r.client - [lambda$createClient$0,108] - [RpcClientFactory] create a new rpc client of 192a876e-b0a6-4cc3-b6e8-7c4c03035145_config-0
17:53:09.052 [main] INFO  c.a.n.c.r.client - [printIfInfoEnabled,63] - [192a876e-b0a6-4cc3-b6e8-7c4c03035145_config-0] Register server push request handler:com.alibaba.nacos.client.config.impl.ClientWorker$ConfigRpcTransportClient$$Lambda$574/0x000001e201368d28
17:53:09.052 [main] INFO  c.a.n.c.r.client - [printIfInfoEnabled,63] - [192a876e-b0a6-4cc3-b6e8-7c4c03035145_config-0] Register server push request handler:com.alibaba.nacos.client.config.impl.ClientWorker$ConfigRpcTransportClient$$Lambda$575/0x000001e201369148
17:53:09.052 [main] INFO  c.a.n.c.r.client - [printIfInfoEnabled,63] - [192a876e-b0a6-4cc3-b6e8-7c4c03035145_config-0] Registry connection listener to current client:com.alibaba.nacos.client.config.impl.ClientWorker$ConfigRpcTransportClient$1
17:53:09.053 [main] INFO  c.a.n.c.r.client - [printIfInfoEnabled,63] - [192a876e-b0a6-4cc3-b6e8-7c4c03035145_config-0] RpcClient init, ServerListFactory = com.alibaba.nacos.client.config.impl.ClientWorker$ConfigRpcTransportClient$2
17:53:09.058 [main] INFO  c.a.n.c.r.client - [printIfInfoEnabled,63] - [192a876e-b0a6-4cc3-b6e8-7c4c03035145_config-0] Try to connect to server on start up, server: {serverIp = '47.118.20.7', server main port = 8848}
17:53:09.083 [main] INFO  c.a.n.c.r.c.g.GrpcClient - [createNewManagedChannel,182] - grpc client connection server:47.118.20.7 ip,serverPort:9848,grpcTslConfig:{"sslProvider":"OPENSSL","enableTls":false,"mutualAuthEnable":false,"trustAll":false}
17:53:09.916 [main] INFO  c.a.n.c.r.client - [printIfInfoEnabled,63] - [192a876e-b0a6-4cc3-b6e8-7c4c03035145_config-0] Success to connect to server [47.118.20.7:8848] on start up, connectionId = 1772790789027_182.150.122.45_2650
17:53:09.916 [com.alibaba.nacos.client.remote.worker] INFO  c.a.n.c.r.client - [printIfInfoEnabled,63] - [192a876e-b0a6-4cc3-b6e8-7c4c03035145_config-0] Notify connected event to listeners.
17:53:09.917 [com.alibaba.nacos.client.remote.worker] INFO  c.a.n.c.c.i.ClientWorker - [onConnected,639] - [192a876e-b0a6-4cc3-b6e8-7c4c03035145_config-0] Connected,notify listen context...
17:53:09.917 [main] INFO  c.a.n.c.r.client - [printIfInfoEnabled,63] - [192a876e-b0a6-4cc3-b6e8-7c4c03035145_config-0] Register server push request handler:com.alibaba.nacos.common.remote.client.RpcClient$ConnectResetRequestHandler
17:53:09.917 [main] INFO  c.a.n.c.r.client - [printIfInfoEnabled,63] - [192a876e-b0a6-4cc3-b6e8-7c4c03035145_config-0] Register server push request handler:com.alibaba.nacos.common.remote.client.RpcClient$$Lambda$596/0x000001e2014d0000
17:53:09.935 [main] INFO  c.a.n.c.c.i.Limiter - [<clinit>,62] - limitTime:5.0
17:53:10.091 [main] INFO  c.a.n.c.c.u.JvmUtil - [<clinit>,54] - isMultiInstance:false
17:53:10.104 [main] INFO  o.s.c.b.c.PropertySourceBootstrapConfiguration - [initialize,108] - Located property source: [BootstrapPropertySource {name='bootstrapProperties-oj-gateway-local.yaml,DEFAULT_GROUP'}, BootstrapPropertySource {name='bootstrapProperties-oj-gateway.yaml,DEFAULT_GROUP'}, BootstrapPropertySource {name='bootstrapProperties-oj-gateway,DEFAULT_GROUP'}]
17:53:10.110 [main] INFO  c.e.g.OjGatewayApplication - [logStartupProfileInfo,636] - The following 1 profile is active: "local"
17:53:10.407 [main] INFO  o.s.d.r.c.RepositoryConfigurationDelegate - [multipleStoresDetected,294] - Multiple Spring Data modules found, entering strict repository configuration mode
17:53:10.410 [main] INFO  o.s.d.r.c.RepositoryConfigurationDelegate - [registerRepositoriesIn,138] - Bootstrapping Spring Data Redis repositories in DEFAULT mode.
17:53:10.423 [main] INFO  o.s.d.r.c.RepositoryConfigurationDelegate - [registerRepositoriesIn,208] - Finished Spring Data repository scanning in 4 ms. Found 0 Redis repository interfaces.
17:53:10.516 [main] INFO  o.s.c.c.s.GenericScope - [setSerializationId,282] - BeanFactory id=a2788962-74f2-3945-9f09-484e16f74f69
17:53:10.539 [main] INFO  o.s.c.s.PostProcessorRegistrationDelegate$BeanPostProcessorChecker - [postProcessAfterInitialization,409] - Bean 'org.springframework.cloud.client.loadbalancer.reactive.LoadBalancerBeanPostProcessorAutoConfiguration' of type [org.springframework.cloud.client.loadbalancer.reactive.LoadBalancerBeanPostProcessorAutoConfiguration] is not eligible for getting processed by all BeanPostProcessors (for example: not eligible for auto-proxying)
17:53:10.540 [main] INFO  o.s.c.s.PostProcessorRegistrationDelegate$BeanPostProcessorChecker - [postProcessAfterInitialization,409] - Bean 'org.springframework.cloud.client.loadbalancer.reactive.LoadBalancerBeanPostProcessorAutoConfiguration$ReactorDeferringLoadBalancerFilterConfig' of type [org.springframework.cloud.client.loadbalancer.reactive.LoadBalancerBeanPostProcessorAutoConfiguration$ReactorDeferringLoadBalancerFilterConfig] is not eligible for getting processed by all BeanPostProcessors (for example: not eligible for auto-proxying)
17:53:10.541 [main] INFO  o.s.c.s.PostProcessorRegistrationDelegate$BeanPostProcessorChecker - [postProcessAfterInitialization,409] - Bean 'reactorDeferringLoadBalancerExchangeFilterFunction' of type [org.springframework.cloud.client.loadbalancer.reactive.DeferringLoadBalancerExchangeFilterFunction] is not eligible for getting processed by all BeanPostProcessors (for example: not eligible for auto-proxying)
17:53:11.704 [main] INFO  o.s.c.g.r.RouteDefinitionRouteLocator - [lambda$initFactories$1,88] - Loaded RoutePredicateFactory [After]
17:53:11.704 [main] INFO  o.s.c.g.r.RouteDefinitionRouteLocator - [lambda$initFactories$1,88] - Loaded RoutePredicateFactory [Before]
17:53:11.704 [main] INFO  o.s.c.g.r.RouteDefinitionRouteLocator - [lambda$initFactories$1,88] - Loaded RoutePredicateFactory [Between]
17:53:11.704 [main] INFO  o.s.c.g.r.RouteDefinitionRouteLocator - [lambda$initFactories$1,88] - Loaded RoutePredicateFactory [Cookie]
17:53:11.704 [main] INFO  o.s.c.g.r.RouteDefinitionRouteLocator - [lambda$initFactories$1,88] - Loaded RoutePredicateFactory [Header]
17:53:11.704 [main] INFO  o.s.c.g.r.RouteDefinitionRouteLocator - [lambda$initFactories$1,88] - Loaded RoutePredicateFactory [Host]
17:53:11.704 [main] INFO  o.s.c.g.r.RouteDefinitionRouteLocator - [lambda$initFactories$1,88] - Loaded RoutePredicateFactory [Method]
17:53:11.704 [main] INFO  o.s.c.g.r.RouteDefinitionRouteLocator - [lambda$initFactories$1,88] - Loaded RoutePredicateFactory [Path]
17:53:11.704 [main] INFO  o.s.c.g.r.RouteDefinitionRouteLocator - [lambda$initFactories$1,88] - Loaded RoutePredicateFactory [Query]
17:53:11.705 [main] INFO  o.s.c.g.r.RouteDefinitionRouteLocator - [lambda$initFactories$1,88] - Loaded RoutePredicateFactory [ReadBody]
17:53:11.705 [main] INFO  o.s.c.g.r.RouteDefinitionRouteLocator - [lambda$initFactories$1,88] - Loaded RoutePredicateFactory [RemoteAddr]
17:53:11.705 [main] INFO  o.s.c.g.r.RouteDefinitionRouteLocator - [lambda$initFactories$1,88] - Loaded RoutePredicateFactory [XForwardedRemoteAddr]
17:53:11.705 [main] INFO  o.s.c.g.r.RouteDefinitionRouteLocator - [lambda$initFactories$1,88] - Loaded RoutePredicateFactory [Weight]
17:53:11.705 [main] INFO  o.s.c.g.r.RouteDefinitionRouteLocator - [lambda$initFactories$1,88] - Loaded RoutePredicateFactory [CloudFoundryRouteService]
17:53:12.225 [main] INFO  o.s.b.w.e.n.NettyWebServer - [start,111] - Netty started on port 19090
17:53:12.620 [main] INFO  c.a.n.client.naming - [initNamespaceForNaming,62] - initializer namespace from ans.namespace attribute : null
17:53:12.620 [main] INFO  c.a.n.client.naming - [lambda$initNamespaceForNaming$0,66] - initializer namespace from ALIBABA_ALIWARE_NAMESPACE attribute :null
17:53:12.621 [main] INFO  c.a.n.client.naming - [lambda$initNamespaceForNaming$1,73] - initializer namespace from namespace attribute :null
17:53:12.626 [main] INFO  c.a.n.p.a.s.c.ClientAuthPluginManager - [init,56] - [ClientAuthPluginManager] Load ClientAuthService com.alibaba.nacos.client.auth.impl.NacosClientAuthServiceImpl success.
17:53:12.626 [main] INFO  c.a.n.p.a.s.c.ClientAuthPluginManager - [init,56] - [ClientAuthPluginManager] Load ClientAuthService com.alibaba.nacos.client.auth.ram.RamClientAuthServiceImpl success.
17:53:12.630 [main] INFO  c.a.n.c.r.client - [lambda$createClient$0,108] - [RpcClientFactory] create a new rpc client of 6ce2a041-2236-4f8b-a909-97608b9589b6
17:53:12.631 [main] INFO  c.a.n.c.r.client - [printIfInfoEnabled,63] - [6ce2a041-2236-4f8b-a909-97608b9589b6] RpcClient init, ServerListFactory = com.alibaba.nacos.client.naming.core.ServerListManager
17:53:12.631 [main] INFO  c.a.n.c.r.client - [printIfInfoEnabled,63] - [6ce2a041-2236-4f8b-a909-97608b9589b6] Registry connection listener to current client:com.alibaba.nacos.client.naming.remote.gprc.redo.NamingGrpcRedoService
17:53:12.631 [main] INFO  c.a.n.c.r.client - [printIfInfoEnabled,63] - [6ce2a041-2236-4f8b-a909-97608b9589b6] Register server push request handler:com.alibaba.nacos.client.naming.remote.gprc.NamingPushRequestHandler
17:53:12.631 [main] INFO  c.a.n.c.r.client - [printIfInfoEnabled,63] - [6ce2a041-2236-4f8b-a909-97608b9589b6] Try to connect to server on start up, server: {serverIp = '47.118.20.7', server main port = 8848}
17:53:12.632 [main] INFO  c.a.n.c.r.c.g.GrpcClient - [createNewManagedChannel,182] - grpc client connection server:47.118.20.7 ip,serverPort:9848,grpcTslConfig:{"sslProvider":"OPENSSL","enableTls":false,"mutualAuthEnable":false,"trustAll":false}
17:53:12.862 [main] INFO  c.a.n.c.r.client - [printIfInfoEnabled,63] - [6ce2a041-2236-4f8b-a909-97608b9589b6] Success to connect to server [47.118.20.7:8848] on start up, connectionId = 1772790792037_182.150.122.45_2651
17:53:12.862 [main] INFO  c.a.n.c.r.client - [printIfInfoEnabled,63] - [6ce2a041-2236-4f8b-a909-97608b9589b6] Register server push request handler:com.alibaba.nacos.common.remote.client.RpcClient$ConnectResetRequestHandler
17:53:12.862 [com.alibaba.nacos.client.remote.worker] INFO  c.a.n.c.r.client - [printIfInfoEnabled,63] - [6ce2a041-2236-4f8b-a909-97608b9589b6] Notify connected event to listeners.
17:53:12.862 [main] INFO  c.a.n.c.r.client - [printIfInfoEnabled,63] - [6ce2a041-2236-4f8b-a909-97608b9589b6] Register server push request handler:com.alibaba.nacos.common.remote.client.RpcClient$$Lambda$596/0x000001e2014d0000
17:53:12.862 [com.alibaba.nacos.client.remote.worker] INFO  c.a.n.client.naming - [onConnected,78] - Grpc connection connect
17:53:12.864 [main] INFO  c.a.n.client.naming - [registerService,121] - [REGISTER-SERVICE] public registering service oj-gateway with instance Instance{instanceId='null', ip='192.168.81.1', port=19090, weight=1.0, healthy=true, enabled=true, ephemeral=true, clusterName='DEFAULT', serviceName='null', metadata={IPv6=null, preserved.register.source=SPRING_CLOUD}}
17:53:12.914 [main] INFO  c.a.c.n.r.NacosServiceRegistry - [register,76] - nacos registry, DEFAULT_GROUP oj-gateway 192.168.81.1:19090 register finished
17:53:12.953 [main] INFO  c.e.g.OjGatewayApplication - [logStarted,57] - Started OjGatewayApplication in 4.827 seconds (process running for 5.31)
17:53:12.957 [main] INFO  c.a.n.c.c.i.CacheData - [<clinit>,67] - nacos.cache.data.init.snapshot = true 
17:53:12.960 [main] INFO  c.a.n.c.c.i.ClientWorker - [addCacheDataIfAbsent,380] - [fixed-47.118.20.7_8848] [subscribe] oj-gateway-local.yaml+DEFAULT_GROUP
17:53:12.965 [main] INFO  c.a.n.c.c.i.CacheData - [addListener,197] - [fixed-47.118.20.7_8848] [add-listener] ok, tenant=, dataId=oj-gateway-local.yaml, group=DEFAULT_GROUP, cnt=1
17:53:12.965 [main] INFO  c.a.c.n.r.NacosContextRefresher - [registerNacosListener,129] - [Nacos Config] Listening config: dataId=oj-gateway-local.yaml, group=DEFAULT_GROUP
17:53:12.965 [main] INFO  c.a.n.c.c.i.ClientWorker - [addCacheDataIfAbsent,380] - [fixed-47.118.20.7_8848] [subscribe] oj-gateway+DEFAULT_GROUP
17:53:12.965 [main] INFO  c.a.n.c.c.i.CacheData - [addListener,197] - [fixed-47.118.20.7_8848] [add-listener] ok, tenant=, dataId=oj-gateway, group=DEFAULT_GROUP, cnt=1
17:53:12.965 [main] INFO  c.a.c.n.r.NacosContextRefresher - [registerNacosListener,129] - [Nacos Config] Listening config: dataId=oj-gateway, group=DEFAULT_GROUP
17:53:12.966 [main] INFO  c.a.n.c.c.i.ClientWorker - [addCacheDataIfAbsent,380] - [fixed-47.118.20.7_8848] [subscribe] oj-gateway.yaml+DEFAULT_GROUP
17:53:12.966 [main] INFO  c.a.n.c.c.i.CacheData - [addListener,197] - [fixed-47.118.20.7_8848] [add-listener] ok, tenant=, dataId=oj-gateway.yaml, group=DEFAULT_GROUP, cnt=1
17:53:12.966 [main] INFO  c.a.c.n.r.NacosContextRefresher - [registerNacosListener,129] - [Nacos Config] Listening config: dataId=oj-gateway.yaml, group=DEFAULT_GROUP
17:53:19.341 [boundedElastic-1] INFO  c.a.n.client.naming - [subscribe,167] - [SUBSCRIBE-SERVICE] service:oj-system, group:DEFAULT_GROUP, clusters: 
17:53:19.796 [boundedElastic-1] INFO  c.a.n.client.naming - [isChangedServiceInfo,184] - init new ips(1) service: DEFAULT_GROUP@@oj-system -> [{"instanceId":"192.168.81.1#9201#DEFAULT#DEFAULT_GROUP@@oj-system","ip":"192.168.81.1","port":9201,"weight":1.0,"healthy":true,"enabled":true,"ephemeral":true,"clusterName":"DEFAULT","serviceName":"DEFAULT_GROUP@@oj-system","metadata":{"preserved.register.source":"SPRING_CLOUD"},"ipDeleteTimeout":30000,"instanceHeartBeatTimeOut":15000,"instanceHeartBeatInterval":5000}]
17:53:19.798 [boundedElastic-1] INFO  c.a.n.client.naming - [processServiceInfo,169] - current ips:(1) service: DEFAULT_GROUP@@oj-system -> [{"instanceId":"192.168.81.1#9201#DEFAULT#DEFAULT_GROUP@@oj-system","ip":"192.168.81.1","port":9201,"weight":1.0,"healthy":true,"enabled":true,"ephemeral":true,"clusterName":"DEFAULT","serviceName":"DEFAULT_GROUP@@oj-system","metadata":{"preserved.register.source":"SPRING_CLOUD"},"ipDeleteTimeout":30000,"instanceHeartBeatTimeOut":15000,"instanceHeartBeatInterval":5000}]
17:53:19.997 [nacos-grpc-client-executor-47.118.20.7-9] INFO  c.a.n.c.r.client - [printIfInfoEnabled,63] - [6ce2a041-2236-4f8b-a909-97608b9589b6] Receive server push request, request = NotifySubscriberRequest, requestId = 33
17:53:19.998 [nacos-grpc-client-executor-47.118.20.7-9] INFO  c.a.n.c.r.client - [printIfInfoEnabled,63] - [6ce2a041-2236-4f8b-a909-97608b9589b6] Ack server push request, request = NotifySubscriberRequest, requestId = 33
17:56:02.793 [SpringApplicationShutdownHook] INFO  c.a.c.n.r.NacosServiceRegistry - [deregister,95] - De-registering from Nacos Server now...
17:56:02.793 [SpringApplicationShutdownHook] INFO  c.a.n.client.naming - [deregisterService,217] - [DEREGISTER-SERVICE] public deregistering service oj-gateway with instance: Instance{instanceId='null', ip='192.168.81.1', port=19090, weight=1.0, healthy=true, enabled=true, ephemeral=true, clusterName='DEFAULT', serviceName='null', metadata={}}
17:56:02.834 [SpringApplicationShutdownHook] INFO  c.a.c.n.r.NacosServiceRegistry - [deregister,115] - De-registration finished.
17:56:02.834 [SpringApplicationShutdownHook] INFO  c.a.n.client.naming - [shutdown,256] - com.alibaba.nacos.client.naming.cache.ServiceInfoHolder do shutdown begin
17:56:02.834 [SpringApplicationShutdownHook] INFO  c.a.n.client.naming - [shutdown,136] - com.alibaba.nacos.client.naming.backups.FailoverReactor do shutdown begin
17:56:02.835 [SpringApplicationShutdownHook] INFO  c.a.n.client.naming - [shutdown,138] - com.alibaba.nacos.client.naming.backups.FailoverReactor do shutdown stop
17:56:02.835 [SpringApplicationShutdownHook] INFO  c.a.n.client.naming - [shutdown,258] - com.alibaba.nacos.client.naming.cache.ServiceInfoHolder do shutdown stop
17:56:02.835 [SpringApplicationShutdownHook] INFO  c.a.n.client.naming - [shutdown,204] - com.alibaba.nacos.client.naming.remote.NamingClientProxyDelegate do shutdown begin
17:56:02.835 [SpringApplicationShutdownHook] INFO  c.a.n.client.naming - [shutdown,143] - com.alibaba.nacos.client.naming.core.ServiceInfoUpdateService do shutdown begin
17:56:02.835 [SpringApplicationShutdownHook] INFO  c.a.n.client.naming - [shutdown,145] - com.alibaba.nacos.client.naming.core.ServiceInfoUpdateService do shutdown stop
17:56:02.835 [SpringApplicationShutdownHook] INFO  c.a.n.client.naming - [shutdown,194] - com.alibaba.nacos.client.naming.core.ServerListManager do shutdown begin
17:56:02.835 [SpringApplicationShutdownHook] INFO  c.a.n.client.naming - [shutdown,199] - com.alibaba.nacos.client.naming.core.ServerListManager do shutdown stop
17:56:02.835 [SpringApplicationShutdownHook] INFO  c.a.n.client.naming - [shutdown,484] - com.alibaba.nacos.client.naming.remote.http.NamingHttpClientProxy do shutdown begin
17:56:02.835 [SpringApplicationShutdownHook] INFO  c.a.n.client.naming - [shutdown,486] - com.alibaba.nacos.client.naming.remote.http.NamingHttpClientProxy do shutdown stop
17:56:02.835 [SpringApplicationShutdownHook] INFO  c.a.n.c.r.client - [shutdown,429] - Shutdown rpc client, set status to shutdown
17:56:02.835 [SpringApplicationShutdownHook] INFO  c.a.n.c.r.client - [shutdown,431] - Shutdown client event executor java.util.concurrent.ScheduledThreadPoolExecutor@6ee0f1f7[Running, pool size = 2, active threads = 2, queued tasks = 0, completed tasks = 0]
17:56:02.835 [SpringApplicationShutdownHook] INFO  c.a.n.c.r.client - [closeConnection,584] - Close current connection 1772790792037_182.150.122.45_2651
17:56:02.839 [SpringApplicationShutdownHook] INFO  c.a.n.c.r.c.g.GrpcClient - [shutdown,159] - Shutdown grpc executor java.util.concurrent.ThreadPoolExecutor@33452355[Running, pool size = 3, active threads = 0, queued tasks = 0, completed tasks = 42]
17:56:02.839 [SpringApplicationShutdownHook] INFO  c.a.n.client.naming - [shutdown,318] - Shutdown grpc redo service executor java.util.concurrent.ScheduledThreadPoolExecutor@68fea04f[Running, pool size = 1, active threads = 0, queued tasks = 1, completed tasks = 56]
17:56:02.839 [SpringApplicationShutdownHook] INFO  c.a.n.c.a.r.i.CredentialWatcher - [stop,106] - [null] CredentialWatcher is stopped
17:56:02.839 [SpringApplicationShutdownHook] INFO  c.a.n.c.a.r.i.CredentialService - [free,100] - [null] CredentialService is freed
17:56:02.840 [SpringApplicationShutdownHook] INFO  c.a.n.client.naming - [shutdown,211] - com.alibaba.nacos.client.naming.remote.NamingClientProxyDelegate do shutdown stop
17:56:04.053 [com.alibaba.nacos.client.Worker] INFO  c.a.n.c.a.r.i.CredentialWatcher - [loadCredential,165] - null No credential found
17:56:08.408 [background-preinit] INFO  o.h.v.i.util.Version - [<clinit>,21] - HV000001: Hibernate Validator 8.0.0.Final
17:56:08.613 [main] INFO  c.a.n.c.u.ParamUtil - [<clinit>,87] - [settings] [req-serv] nacos-server port:8848
17:56:08.613 [main] INFO  c.a.n.c.u.ParamUtil - [<clinit>,98] - [settings] [http-client] connect timeout:1000
17:56:08.614 [main] INFO  c.a.n.c.u.ParamUtil - [<clinit>,105] - PER_TASK_CONFIG_SIZE: 3000.0
17:56:08.635 [main] INFO  c.a.n.p.a.s.c.ClientAuthPluginManager - [init,56] - [ClientAuthPluginManager] Load ClientAuthService com.alibaba.nacos.client.auth.impl.NacosClientAuthServiceImpl success.
17:56:08.636 [main] INFO  c.a.n.p.a.s.c.ClientAuthPluginManager - [init,56] - [ClientAuthPluginManager] Load ClientAuthService com.alibaba.nacos.client.auth.ram.RamClientAuthServiceImpl success.
17:56:08.638 [main] INFO  c.a.n.c.a.r.i.CredentialWatcher - [loadCredential,165] - null No credential found
17:56:08.908 [main] INFO  c.a.n.c.c.i.LocalConfigInfoProcessor - [<clinit>,63] - LOCAL_SNAPSHOT_PATH:C:\Users\22129\nacos\config
17:56:08.911 [main] INFO  c.a.n.c.r.client - [lambda$createClient$0,108] - [RpcClientFactory] create a new rpc client of 3d0a54a3-45ed-4a0a-9e1a-5a0539d35cdd_config-0
17:56:08.922 [main] INFO  c.a.n.c.r.client - [printIfInfoEnabled,63] - [3d0a54a3-45ed-4a0a-9e1a-5a0539d35cdd_config-0] Register server push request handler:com.alibaba.nacos.client.config.impl.ClientWorker$ConfigRpcTransportClient$$Lambda$574/0x000002238136a150
17:56:08.922 [main] INFO  c.a.n.c.r.client - [printIfInfoEnabled,63] - [3d0a54a3-45ed-4a0a-9e1a-5a0539d35cdd_config-0] Register server push request handler:com.alibaba.nacos.client.config.impl.ClientWorker$ConfigRpcTransportClient$$Lambda$575/0x000002238136a570
17:56:08.923 [main] INFO  c.a.n.c.r.client - [printIfInfoEnabled,63] - [3d0a54a3-45ed-4a0a-9e1a-5a0539d35cdd_config-0] Registry connection listener to current client:com.alibaba.nacos.client.config.impl.ClientWorker$ConfigRpcTransportClient$1
17:56:08.923 [main] INFO  c.a.n.c.r.client - [printIfInfoEnabled,63] - [3d0a54a3-45ed-4a0a-9e1a-5a0539d35cdd_config-0] RpcClient init, ServerListFactory = com.alibaba.nacos.client.config.impl.ClientWorker$ConfigRpcTransportClient$2
17:56:08.930 [main] INFO  c.a.n.c.r.client - [printIfInfoEnabled,63] - [3d0a54a3-45ed-4a0a-9e1a-5a0539d35cdd_config-0] Try to connect to server on start up, server: {serverIp = '47.118.20.7', server main port = 8848}
17:56:08.957 [main] INFO  c.a.n.c.r.c.g.GrpcClient - [createNewManagedChannel,182] - grpc client connection server:47.118.20.7 ip,serverPort:9848,grpcTslConfig:{"sslProvider":"OPENSSL","enableTls":false,"mutualAuthEnable":false,"trustAll":false}
17:56:09.781 [main] INFO  c.a.n.c.r.client - [printIfInfoEnabled,63] - [3d0a54a3-45ed-4a0a-9e1a-5a0539d35cdd_config-0] Success to connect to server [47.118.20.7:8848] on start up, connectionId = 1772790968910_182.150.122.45_2653
17:56:09.781 [com.alibaba.nacos.client.remote.worker] INFO  c.a.n.c.r.client - [printIfInfoEnabled,63] - [3d0a54a3-45ed-4a0a-9e1a-5a0539d35cdd_config-0] Notify connected event to listeners.
17:56:09.781 [main] INFO  c.a.n.c.r.client - [printIfInfoEnabled,63] - [3d0a54a3-45ed-4a0a-9e1a-5a0539d35cdd_config-0] Register server push request handler:com.alibaba.nacos.common.remote.client.RpcClient$ConnectResetRequestHandler
17:56:09.781 [com.alibaba.nacos.client.remote.worker] INFO  c.a.n.c.c.i.ClientWorker - [onConnected,639] - [3d0a54a3-45ed-4a0a-9e1a-5a0539d35cdd_config-0] Connected,notify listen context...
17:56:09.781 [main] INFO  c.a.n.c.r.client - [printIfInfoEnabled,63] - [3d0a54a3-45ed-4a0a-9e1a-5a0539d35cdd_config-0] Register server push request handler:com.alibaba.nacos.common.remote.client.RpcClient$$Lambda$596/0x00000223814d18d8
17:56:09.801 [main] INFO  c.a.n.c.c.i.Limiter - [<clinit>,62] - limitTime:5.0
17:56:09.936 [main] INFO  c.a.n.c.c.u.JvmUtil - [<clinit>,54] - isMultiInstance:false
17:56:09.941 [main] INFO  o.s.c.b.c.PropertySourceBootstrapConfiguration - [initialize,108] - Located property source: [BootstrapPropertySource {name='bootstrapProperties-oj-gateway-local.yaml,DEFAULT_GROUP'}, BootstrapPropertySource {name='bootstrapProperties-oj-gateway.yaml,DEFAULT_GROUP'}, BootstrapPropertySource {name='bootstrapProperties-oj-gateway,DEFAULT_GROUP'}]
17:56:09.945 [main] INFO  c.e.g.OjGatewayApplication - [logStartupProfileInfo,636] - The following 1 profile is active: "local"
17:56:10.264 [main] INFO  o.s.d.r.c.RepositoryConfigurationDelegate - [multipleStoresDetected,294] - Multiple Spring Data modules found, entering strict repository configuration mode
17:56:10.265 [main] INFO  o.s.d.r.c.RepositoryConfigurationDelegate - [registerRepositoriesIn,138] - Bootstrapping Spring Data Redis repositories in DEFAULT mode.
17:56:10.279 [main] INFO  o.s.d.r.c.RepositoryConfigurationDelegate - [registerRepositoriesIn,208] - Finished Spring Data repository scanning in 5 ms. Found 0 Redis repository interfaces.
17:56:10.380 [main] INFO  o.s.c.c.s.GenericScope - [setSerializationId,282] - BeanFactory id=a2788962-74f2-3945-9f09-484e16f74f69
17:56:10.402 [main] INFO  o.s.c.s.PostProcessorRegistrationDelegate$BeanPostProcessorChecker - [postProcessAfterInitialization,409] - Bean 'org.springframework.cloud.client.loadbalancer.reactive.LoadBalancerBeanPostProcessorAutoConfiguration' of type [org.springframework.cloud.client.loadbalancer.reactive.LoadBalancerBeanPostProcessorAutoConfiguration] is not eligible for getting processed by all BeanPostProcessors (for example: not eligible for auto-proxying)
17:56:10.403 [main] INFO  o.s.c.s.PostProcessorRegistrationDelegate$BeanPostProcessorChecker - [postProcessAfterInitialization,409] - Bean 'org.springframework.cloud.client.loadbalancer.reactive.LoadBalancerBeanPostProcessorAutoConfiguration$ReactorDeferringLoadBalancerFilterConfig' of type [org.springframework.cloud.client.loadbalancer.reactive.LoadBalancerBeanPostProcessorAutoConfiguration$ReactorDeferringLoadBalancerFilterConfig] is not eligible for getting processed by all BeanPostProcessors (for example: not eligible for auto-proxying)
17:56:10.403 [main] INFO  o.s.c.s.PostProcessorRegistrationDelegate$BeanPostProcessorChecker - [postProcessAfterInitialization,409] - Bean 'reactorDeferringLoadBalancerExchangeFilterFunction' of type [org.springframework.cloud.client.loadbalancer.reactive.DeferringLoadBalancerExchangeFilterFunction] is not eligible for getting processed by all BeanPostProcessors (for example: not eligible for auto-proxying)
17:56:11.695 [main] INFO  o.s.c.g.r.RouteDefinitionRouteLocator - [lambda$initFactories$1,88] - Loaded RoutePredicateFactory [After]
17:56:11.696 [main] INFO  o.s.c.g.r.RouteDefinitionRouteLocator - [lambda$initFactories$1,88] - Loaded RoutePredicateFactory [Before]
17:56:11.696 [main] INFO  o.s.c.g.r.RouteDefinitionRouteLocator - [lambda$initFactories$1,88] - Loaded RoutePredicateFactory [Between]
17:56:11.696 [main] INFO  o.s.c.g.r.RouteDefinitionRouteLocator - [lambda$initFactories$1,88] - Loaded RoutePredicateFactory [Cookie]
17:56:11.696 [main] INFO  o.s.c.g.r.RouteDefinitionRouteLocator - [lambda$initFactories$1,88] - Loaded RoutePredicateFactory [Header]
17:56:11.696 [main] INFO  o.s.c.g.r.RouteDefinitionRouteLocator - [lambda$initFactories$1,88] - Loaded RoutePredicateFactory [Host]
17:56:11.696 [main] INFO  o.s.c.g.r.RouteDefinitionRouteLocator - [lambda$initFactories$1,88] - Loaded RoutePredicateFactory [Method]
17:56:11.696 [main] INFO  o.s.c.g.r.RouteDefinitionRouteLocator - [lambda$initFactories$1,88] - Loaded RoutePredicateFactory [Path]
17:56:11.696 [main] INFO  o.s.c.g.r.RouteDefinitionRouteLocator - [lambda$initFactories$1,88] - Loaded RoutePredicateFactory [Query]
17:56:11.696 [main] INFO  o.s.c.g.r.RouteDefinitionRouteLocator - [lambda$initFactories$1,88] - Loaded RoutePredicateFactory [ReadBody]
17:56:11.696 [main] INFO  o.s.c.g.r.RouteDefinitionRouteLocator - [lambda$initFactories$1,88] - Loaded RoutePredicateFactory [RemoteAddr]
17:56:11.697 [main] INFO  o.s.c.g.r.RouteDefinitionRouteLocator - [lambda$initFactories$1,88] - Loaded RoutePredicateFactory [XForwardedRemoteAddr]
17:56:11.697 [main] INFO  o.s.c.g.r.RouteDefinitionRouteLocator - [lambda$initFactories$1,88] - Loaded RoutePredicateFactory [Weight]
17:56:11.697 [main] INFO  o.s.c.g.r.RouteDefinitionRouteLocator - [lambda$initFactories$1,88] - Loaded RoutePredicateFactory [CloudFoundryRouteService]
17:56:12.226 [main] INFO  o.s.b.w.e.n.NettyWebServer - [start,111] - Netty started on port 19090
17:56:12.626 [main] INFO  c.a.n.client.naming - [initNamespaceForNaming,62] - initializer namespace from ans.namespace attribute : null
17:56:12.626 [main] INFO  c.a.n.client.naming - [lambda$initNamespaceForNaming$0,66] - initializer namespace from ALIBABA_ALIWARE_NAMESPACE attribute :null
17:56:12.626 [main] INFO  c.a.n.client.naming - [lambda$initNamespaceForNaming$1,73] - initializer namespace from namespace attribute :null
17:56:12.631 [main] INFO  c.a.n.p.a.s.c.ClientAuthPluginManager - [init,56] - [ClientAuthPluginManager] Load ClientAuthService com.alibaba.nacos.client.auth.impl.NacosClientAuthServiceImpl success.
17:56:12.632 [main] INFO  c.a.n.p.a.s.c.ClientAuthPluginManager - [init,56] - [ClientAuthPluginManager] Load ClientAuthService com.alibaba.nacos.client.auth.ram.RamClientAuthServiceImpl success.
17:56:12.635 [main] INFO  c.a.n.c.r.client - [lambda$createClient$0,108] - [RpcClientFactory] create a new rpc client of 16bface1-f3e2-4bc7-9b83-b2a4b696820d
17:56:12.636 [main] INFO  c.a.n.c.r.client - [printIfInfoEnabled,63] - [16bface1-f3e2-4bc7-9b83-b2a4b696820d] RpcClient init, ServerListFactory = com.alibaba.nacos.client.naming.core.ServerListManager
17:56:12.636 [main] INFO  c.a.n.c.r.client - [printIfInfoEnabled,63] - [16bface1-f3e2-4bc7-9b83-b2a4b696820d] Registry connection listener to current client:com.alibaba.nacos.client.naming.remote.gprc.redo.NamingGrpcRedoService
17:56:12.636 [main] INFO  c.a.n.c.r.client - [printIfInfoEnabled,63] - [16bface1-f3e2-4bc7-9b83-b2a4b696820d] Register server push request handler:com.alibaba.nacos.client.naming.remote.gprc.NamingPushRequestHandler
17:56:12.636 [main] INFO  c.a.n.c.r.client - [printIfInfoEnabled,63] - [16bface1-f3e2-4bc7-9b83-b2a4b696820d] Try to connect to server on start up, server: {serverIp = '47.118.20.7', server main port = 8848}
17:56:12.636 [main] INFO  c.a.n.c.r.c.g.GrpcClient - [createNewManagedChannel,182] - grpc client connection server:47.118.20.7 ip,serverPort:9848,grpcTslConfig:{"sslProvider":"OPENSSL","enableTls":false,"mutualAuthEnable":false,"trustAll":false}
17:56:12.877 [main] INFO  c.a.n.c.r.client - [printIfInfoEnabled,63] - [16bface1-f3e2-4bc7-9b83-b2a4b696820d] Success to connect to server [47.118.20.7:8848] on start up, connectionId = 1772790972050_182.150.122.45_2655
17:56:12.877 [main] INFO  c.a.n.c.r.client - [printIfInfoEnabled,63] - [16bface1-f3e2-4bc7-9b83-b2a4b696820d] Register server push request handler:com.alibaba.nacos.common.remote.client.RpcClient$ConnectResetRequestHandler
17:56:12.877 [com.alibaba.nacos.client.remote.worker] INFO  c.a.n.c.r.client - [printIfInfoEnabled,63] - [16bface1-f3e2-4bc7-9b83-b2a4b696820d] Notify connected event to listeners.
17:56:12.878 [main] INFO  c.a.n.c.r.client - [printIfInfoEnabled,63] - [16bface1-f3e2-4bc7-9b83-b2a4b696820d] Register server push request handler:com.alibaba.nacos.common.remote.client.RpcClient$$Lambda$596/0x00000223814d18d8
17:56:12.878 [com.alibaba.nacos.client.remote.worker] INFO  c.a.n.client.naming - [onConnected,78] - Grpc connection connect
17:56:12.879 [main] INFO  c.a.n.client.naming - [registerService,121] - [REGISTER-SERVICE] public registering service oj-gateway with instance Instance{instanceId='null', ip='192.168.81.1', port=19090, weight=1.0, healthy=true, enabled=true, ephemeral=true, clusterName='DEFAULT', serviceName='null', metadata={IPv6=null, preserved.register.source=SPRING_CLOUD}}
17:56:12.931 [main] INFO  c.a.c.n.r.NacosServiceRegistry - [register,76] - nacos registry, DEFAULT_GROUP oj-gateway 192.168.81.1:19090 register finished
17:56:12.965 [main] INFO  c.e.g.OjGatewayApplication - [logStarted,57] - Started OjGatewayApplication in 5.017 seconds (process running for 5.493)
17:56:12.967 [main] INFO  c.a.n.c.c.i.CacheData - [<clinit>,67] - nacos.cache.data.init.snapshot = true 
17:56:12.970 [main] INFO  c.a.n.c.c.i.ClientWorker - [addCacheDataIfAbsent,380] - [fixed-47.118.20.7_8848] [subscribe] oj-gateway-local.yaml+DEFAULT_GROUP
17:56:12.974 [main] INFO  c.a.n.c.c.i.CacheData - [addListener,197] - [fixed-47.118.20.7_8848] [add-listener] ok, tenant=, dataId=oj-gateway-local.yaml, group=DEFAULT_GROUP, cnt=1
17:56:12.974 [main] INFO  c.a.c.n.r.NacosContextRefresher - [registerNacosListener,129] - [Nacos Config] Listening config: dataId=oj-gateway-local.yaml, group=DEFAULT_GROUP
17:56:12.974 [main] INFO  c.a.n.c.c.i.ClientWorker - [addCacheDataIfAbsent,380] - [fixed-47.118.20.7_8848] [subscribe] oj-gateway+DEFAULT_GROUP
17:56:12.974 [main] INFO  c.a.n.c.c.i.CacheData - [addListener,197] - [fixed-47.118.20.7_8848] [add-listener] ok, tenant=, dataId=oj-gateway, group=DEFAULT_GROUP, cnt=1
17:56:12.975 [main] INFO  c.a.c.n.r.NacosContextRefresher - [registerNacosListener,129] - [Nacos Config] Listening config: dataId=oj-gateway, group=DEFAULT_GROUP
17:56:12.975 [main] INFO  c.a.n.c.c.i.ClientWorker - [addCacheDataIfAbsent,380] - [fixed-47.118.20.7_8848] [subscribe] oj-gateway.yaml+DEFAULT_GROUP
17:56:12.975 [main] INFO  c.a.n.c.c.i.CacheData - [addListener,197] - [fixed-47.118.20.7_8848] [add-listener] ok, tenant=, dataId=oj-gateway.yaml, group=DEFAULT_GROUP, cnt=1
17:56:12.975 [main] INFO  c.a.c.n.r.NacosContextRefresher - [registerNacosListener,129] - [Nacos Config] Listening config: dataId=oj-gateway.yaml, group=DEFAULT_GROUP
17:56:36.628 [boundedElastic-1] INFO  c.a.n.client.naming - [subscribe,167] - [SUBSCRIBE-SERVICE] service:oj-system, group:DEFAULT_GROUP, clusters: 
17:56:36.685 [boundedElastic-1] INFO  c.a.n.client.naming - [isChangedServiceInfo,184] - init new ips(1) service: DEFAULT_GROUP@@oj-system -> [{"instanceId":"192.168.81.1#9201#DEFAULT#DEFAULT_GROUP@@oj-system","ip":"192.168.81.1","port":9201,"weight":1.0,"healthy":true,"enabled":true,"ephemeral":true,"clusterName":"DEFAULT","serviceName":"DEFAULT_GROUP@@oj-system","metadata":{"preserved.register.source":"SPRING_CLOUD"},"instanceHeartBeatInterval":5000,"instanceHeartBeatTimeOut":15000,"ipDeleteTimeout":30000}]
17:56:36.690 [boundedElastic-1] INFO  c.a.n.client.naming - [processServiceInfo,169] - current ips:(1) service: DEFAULT_GROUP@@oj-system -> [{"instanceId":"192.168.81.1#9201#DEFAULT#DEFAULT_GROUP@@oj-system","ip":"192.168.81.1","port":9201,"weight":1.0,"healthy":true,"enabled":true,"ephemeral":true,"clusterName":"DEFAULT","serviceName":"DEFAULT_GROUP@@oj-system","metadata":{"preserved.register.source":"SPRING_CLOUD"},"instanceHeartBeatInterval":5000,"instanceHeartBeatTimeOut":15000,"ipDeleteTimeout":30000}]
17:56:37.220 [nacos-grpc-client-executor-47.118.20.7-16] INFO  c.a.n.c.r.client - [printIfInfoEnabled,63] - [16bface1-f3e2-4bc7-9b83-b2a4b696820d] Receive server push request, request = NotifySubscriberRequest, requestId = 34
17:56:37.221 [nacos-grpc-client-executor-47.118.20.7-16] INFO  c.a.n.c.r.client - [printIfInfoEnabled,63] - [16bface1-f3e2-4bc7-9b83-b2a4b696820d] Ack server push request, request = NotifySubscriberRequest, requestId = 34
18:00:46.414 [nacos-grpc-client-executor-47.118.20.7-73] INFO  c.a.n.c.r.client - [printIfInfoEnabled,63] - [3d0a54a3-45ed-4a0a-9e1a-5a0539d35cdd_config-0] Receive server push request, request = ConfigChangeNotifyRequest, requestId = 35
18:00:46.415 [nacos-grpc-client-executor-47.118.20.7-73] INFO  c.a.n.c.c.i.ClientWorker - [lambda$initRpcClientHandler$0,606] - [3d0a54a3-45ed-4a0a-9e1a-5a0539d35cdd_config-0] [server-push] config changed. dataId=oj-gateway-local.yaml, group=DEFAULT_GROUP,tenant=null
18:00:46.416 [nacos-grpc-client-executor-47.118.20.7-73] INFO  c.a.n.c.r.client - [printIfInfoEnabled,63] - [3d0a54a3-45ed-4a0a-9e1a-5a0539d35cdd_config-0] Ack server push request, request = ConfigChangeNotifyRequest, requestId = 35
18:00:46.510 [com.alibaba.nacos.client.Worker] INFO  c.a.n.c.c.i.ClientWorker - [refreshContentAndCheck,449] - [fixed-47.118.20.7_8848] [data-received] dataId=oj-gateway-local.yaml, group=DEFAULT_GROUP, tenant=, md5=a43cd1a3e0aac4996e1e7359bc97594f, content=server:
  port: 19090
spring:
  data:
    redis:
      host: 47.118.20.7
      password: "Lcx2004122..., type=yaml
18:00:46.514 [com.alibaba.nacos.client.Worker] INFO  c.a.n.c.c.i.CacheData - [safeNotifyListener,383] - [fixed-47.118.20.7_8848] [notify-listener] time cost=0ms in ClientWorker, dataId=oj-gateway-local.yaml, group=DEFAULT_GROUP, md5=a43cd1a3e0aac4996e1e7359bc97594f, listener=com.alibaba.cloud.nacos.refresh.NacosContextRefresher$1@a0c3ccf 
18:00:46.514 [nacos.client.cachedata.internal.notifier] INFO  c.a.n.c.c.i.CacheData - [lambda$safeNotifyListener$1,319] - [fixed-47.118.20.7_8848] [notify-context] dataId=oj-gateway-local.yaml, group=DEFAULT_GROUP, md5=a43cd1a3e0aac4996e1e7359bc97594f
18:00:47.823 [nacos.client.cachedata.internal.notifier] INFO  o.s.c.b.c.PropertySourceBootstrapConfiguration - [initialize,108] - Located property source: [BootstrapPropertySource {name='bootstrapProperties-oj-gateway-local.yaml,DEFAULT_GROUP'}, BootstrapPropertySource {name='bootstrapProperties-oj-gateway.yaml,DEFAULT_GROUP'}, BootstrapPropertySource {name='bootstrapProperties-oj-gateway,DEFAULT_GROUP'}]
18:00:47.832 [nacos.client.cachedata.internal.notifier] INFO  o.s.b.SpringApplication - [logStartupProfileInfo,636] - The following 1 profile is active: "local"
18:00:47.842 [nacos.client.cachedata.internal.notifier] INFO  o.s.b.SpringApplication - [logStarted,57] - Started application in 1.323 seconds (process running for 280.37)
18:00:47.955 [nacos.client.cachedata.internal.notifier] INFO  o.s.c.e.e.RefreshEventListener - [handle,73] - Refresh keys changed: [spring.cloud.gateway.routes[0].predicates[0]]
18:00:47.956 [nacos.client.cachedata.internal.notifier] INFO  c.a.n.c.c.i.CacheData - [lambda$safeNotifyListener$1,345] - [fixed-47.118.20.7_8848] [notify-ok] dataId=oj-gateway-local.yaml, group=DEFAULT_GROUP, md5=a43cd1a3e0aac4996e1e7359bc97594f, listener=com.alibaba.cloud.nacos.refresh.NacosContextRefresher$1@a0c3ccf ,cost=1442 millis.
20:21:38.106 [com.alibaba.nacos.client.remote.worker] INFO  c.a.n.c.r.client - [printIfInfoEnabled,63] - [3d0a54a3-45ed-4a0a-9e1a-5a0539d35cdd_config-0] Server healthy check fail, currentConnection = 1772790968910_182.150.122.45_2653
20:21:38.106 [com.alibaba.nacos.client.remote.worker] INFO  c.a.n.c.r.client - [printIfInfoEnabled,63] - [3d0a54a3-45ed-4a0a-9e1a-5a0539d35cdd_config-0] Try to reconnect to a new server, server is  not appointed, will choose a random server.
20:21:38.108 [com.alibaba.nacos.client.remote.worker] INFO  c.a.n.c.r.c.g.GrpcClient - [createNewManagedChannel,182] - grpc client connection server:47.118.20.7 ip,serverPort:9848,grpcTslConfig:{"sslProvider":"OPENSSL","enableTls":false,"mutualAuthEnable":false,"trustAll":false}
20:21:40.668 [com.alibaba.nacos.client.remote.worker] INFO  c.a.n.c.r.client - [printIfInfoEnabled,63] - [16bface1-f3e2-4bc7-9b83-b2a4b696820d] Server healthy check fail, currentConnection = 1772790972050_182.150.122.45_2655
20:21:40.669 [com.alibaba.nacos.client.remote.worker] INFO  c.a.n.c.r.client - [printIfInfoEnabled,63] - [16bface1-f3e2-4bc7-9b83-b2a4b696820d] Try to reconnect to a new server, server is  not appointed, will choose a random server.
20:21:40.669 [com.alibaba.nacos.client.remote.worker] INFO  c.a.n.c.r.c.g.GrpcClient - [createNewManagedChannel,182] - grpc client connection server:47.118.20.7 ip,serverPort:9848,grpcTslConfig:{"sslProvider":"OPENSSL","enableTls":false,"mutualAuthEnable":false,"trustAll":false}
20:21:41.257 [com.alibaba.nacos.client.remote.worker] INFO  c.a.n.c.r.c.g.GrpcClient - [createNewManagedChannel,182] - grpc client connection server:47.118.20.7 ip,serverPort:9848,grpcTslConfig:{"sslProvider":"OPENSSL","enableTls":false,"mutualAuthEnable":false,"trustAll":false}
20:21:43.780 [com.alibaba.nacos.client.remote.worker] INFO  c.a.n.c.r.c.g.GrpcClient - [createNewManagedChannel,182] - grpc client connection server:47.118.20.7 ip,serverPort:9848,grpcTslConfig:{"sslProvider":"OPENSSL","enableTls":false,"mutualAuthEnable":false,"trustAll":false}
20:21:44.273 [com.alibaba.nacos.client.remote.worker] INFO  c.a.n.c.r.client - [printIfInfoEnabled,63] - [3d0a54a3-45ed-4a0a-9e1a-5a0539d35cdd_config-0] Fail to connect server, after trying 1 times, last try server is {serverIp = '47.118.20.7', server main port = 8848}, error = unknown
20:21:44.474 [com.alibaba.nacos.client.remote.worker] INFO  c.a.n.c.r.c.g.GrpcClient - [createNewManagedChannel,182] - grpc client connection server:47.118.20.7 ip,serverPort:9848,grpcTslConfig:{"sslProvider":"OPENSSL","enableTls":false,"mutualAuthEnable":false,"trustAll":false}
20:21:46.796 [com.alibaba.nacos.client.remote.worker] INFO  c.a.n.c.r.client - [printIfInfoEnabled,63] - [16bface1-f3e2-4bc7-9b83-b2a4b696820d] Fail to connect server, after trying 1 times, last try server is {serverIp = '47.118.20.7', server main port = 8848}, error = unknown
20:21:47.000 [com.alibaba.nacos.client.remote.worker] INFO  c.a.n.c.r.c.g.GrpcClient - [createNewManagedChannel,182] - grpc client connection server:47.118.20.7 ip,serverPort:9848,grpcTslConfig:{"sslProvider":"OPENSSL","enableTls":false,"mutualAuthEnable":false,"trustAll":false}
20:21:47.477 [com.alibaba.nacos.client.remote.worker] INFO  c.a.n.c.r.client - [printIfInfoEnabled,63] - [3d0a54a3-45ed-4a0a-9e1a-5a0539d35cdd_config-0] Fail to connect server, after trying 2 times, last try server is {serverIp = '47.118.20.7', server main port = 8848}, error = unknown
20:21:47.788 [com.alibaba.nacos.client.remote.worker] INFO  c.a.n.c.r.c.g.GrpcClient - [createNewManagedChannel,182] - grpc client connection server:47.118.20.7 ip,serverPort:9848,grpcTslConfig:{"sslProvider":"OPENSSL","enableTls":false,"mutualAuthEnable":false,"trustAll":false}
20:21:50.015 [com.alibaba.nacos.client.remote.worker] INFO  c.a.n.c.r.client - [printIfInfoEnabled,63] - [16bface1-f3e2-4bc7-9b83-b2a4b696820d] Fail to connect server, after trying 2 times, last try server is {serverIp = '47.118.20.7', server main port = 8848}, error = unknown
20:21:50.327 [com.alibaba.nacos.client.remote.worker] INFO  c.a.n.c.r.c.g.GrpcClient - [createNewManagedChannel,182] - grpc client connection server:47.118.20.7 ip,serverPort:9848,grpcTslConfig:{"sslProvider":"OPENSSL","enableTls":false,"mutualAuthEnable":false,"trustAll":false}
20:21:50.791 [com.alibaba.nacos.client.remote.worker] INFO  c.a.n.c.r.client - [printIfInfoEnabled,63] - [3d0a54a3-45ed-4a0a-9e1a-5a0539d35cdd_config-0] Fail to connect server, after trying 3 times, last try server is {serverIp = '47.118.20.7', server main port = 8848}, error = unknown
20:21:51.192 [com.alibaba.nacos.client.remote.worker] INFO  c.a.n.c.r.c.g.GrpcClient - [createNewManagedChannel,182] - grpc client connection server:47.118.20.7 ip,serverPort:9848,grpcTslConfig:{"sslProvider":"OPENSSL","enableTls":false,"mutualAuthEnable":false,"trustAll":false}
20:21:53.343 [com.alibaba.nacos.client.remote.worker] INFO  c.a.n.c.r.client - [printIfInfoEnabled,63] - [16bface1-f3e2-4bc7-9b83-b2a4b696820d] Fail to connect server, after trying 3 times, last try server is {serverIp = '47.118.20.7', server main port = 8848}, error = unknown
20:21:53.760 [com.alibaba.nacos.client.remote.worker] INFO  c.a.n.c.r.c.g.GrpcClient - [createNewManagedChannel,182] - grpc client connection server:47.118.20.7 ip,serverPort:9848,grpcTslConfig:{"sslProvider":"OPENSSL","enableTls":false,"mutualAuthEnable":false,"trustAll":false}
20:21:54.194 [com.alibaba.nacos.client.remote.worker] INFO  c.a.n.c.r.client - [printIfInfoEnabled,63] - [3d0a54a3-45ed-4a0a-9e1a-5a0539d35cdd_config-0] Fail to connect server, after trying 4 times, last try server is {serverIp = '47.118.20.7', server main port = 8848}, error = unknown
20:21:54.705 [com.alibaba.nacos.client.remote.worker] INFO  c.a.n.c.r.c.g.GrpcClient - [createNewManagedChannel,182] - grpc client connection server:47.118.20.7 ip,serverPort:9848,grpcTslConfig:{"sslProvider":"OPENSSL","enableTls":false,"mutualAuthEnable":false,"trustAll":false}
20:21:56.775 [com.alibaba.nacos.client.remote.worker] INFO  c.a.n.c.r.client - [printIfInfoEnabled,63] - [16bface1-f3e2-4bc7-9b83-b2a4b696820d] Fail to connect server, after trying 4 times, last try server is {serverIp = '47.118.20.7', server main port = 8848}, error = unknown
20:21:57.288 [com.alibaba.nacos.client.remote.worker] INFO  c.a.n.c.r.c.g.GrpcClient - [createNewManagedChannel,182] - grpc client connection server:47.118.20.7 ip,serverPort:9848,grpcTslConfig:{"sslProvider":"OPENSSL","enableTls":false,"mutualAuthEnable":false,"trustAll":false}
20:21:57.709 [com.alibaba.nacos.client.remote.worker] INFO  c.a.n.c.r.client - [printIfInfoEnabled,63] - [3d0a54a3-45ed-4a0a-9e1a-5a0539d35cdd_config-0] Fail to connect server, after trying 5 times, last try server is {serverIp = '47.118.20.7', server main port = 8848}, error = unknown
20:21:58.314 [com.alibaba.nacos.client.remote.worker] INFO  c.a.n.c.r.c.g.GrpcClient - [createNewManagedChannel,182] - grpc client connection server:47.118.20.7 ip,serverPort:9848,grpcTslConfig:{"sslProvider":"OPENSSL","enableTls":false,"mutualAuthEnable":false,"trustAll":false}
20:22:00.304 [com.alibaba.nacos.client.remote.worker] INFO  c.a.n.c.r.client - [printIfInfoEnabled,63] - [16bface1-f3e2-4bc7-9b83-b2a4b696820d] Fail to connect server, after trying 5 times, last try server is {serverIp = '47.118.20.7', server main port = 8848}, error = unknown
20:22:00.911 [com.alibaba.nacos.client.remote.worker] INFO  c.a.n.c.r.c.g.GrpcClient - [createNewManagedChannel,182] - grpc client connection server:47.118.20.7 ip,serverPort:9848,grpcTslConfig:{"sslProvider":"OPENSSL","enableTls":false,"mutualAuthEnable":false,"trustAll":false}
20:22:01.332 [com.alibaba.nacos.client.remote.worker] INFO  c.a.n.c.r.client - [printIfInfoEnabled,63] - [3d0a54a3-45ed-4a0a-9e1a-5a0539d35cdd_config-0] Fail to connect server, after trying 6 times, last try server is {serverIp = '47.118.20.7', server main port = 8848}, error = unknown
20:22:02.047 [com.alibaba.nacos.client.remote.worker] INFO  c.a.n.c.r.c.g.GrpcClient - [createNewManagedChannel,182] - grpc client connection server:47.118.20.7 ip,serverPort:9848,grpcTslConfig:{"sslProvider":"OPENSSL","enableTls":false,"mutualAuthEnable":false,"trustAll":false}
20:22:03.924 [com.alibaba.nacos.client.remote.worker] INFO  c.a.n.c.r.client - [printIfInfoEnabled,63] - [16bface1-f3e2-4bc7-9b83-b2a4b696820d] Fail to connect server, after trying 6 times, last try server is {serverIp = '47.118.20.7', server main port = 8848}, error = unknown
20:22:04.636 [com.alibaba.nacos.client.remote.worker] INFO  c.a.n.c.r.c.g.GrpcClient - [createNewManagedChannel,182] - grpc client connection server:47.118.20.7 ip,serverPort:9848,grpcTslConfig:{"sslProvider":"OPENSSL","enableTls":false,"mutualAuthEnable":false,"trustAll":false}
20:22:05.056 [com.alibaba.nacos.client.remote.worker] INFO  c.a.n.c.r.client - [printIfInfoEnabled,63] - [3d0a54a3-45ed-4a0a-9e1a-5a0539d35cdd_config-0] Fail to connect server, after trying 7 times, last try server is {serverIp = '47.118.20.7', server main port = 8848}, error = unknown
20:22:05.858 [com.alibaba.nacos.client.remote.worker] INFO  c.a.n.c.r.c.g.GrpcClient - [createNewManagedChannel,182] - grpc client connection server:47.118.20.7 ip,serverPort:9848,grpcTslConfig:{"sslProvider":"OPENSSL","enableTls":false,"mutualAuthEnable":false,"trustAll":false}
20:22:07.039 [SpringApplicationShutdownHook] INFO  c.a.c.n.r.NacosServiceRegistry - [deregister,95] - De-registering from Nacos Server now...
20:22:07.040 [SpringApplicationShutdownHook] INFO  c.a.n.client.naming - [deregisterService,217] - [DEREGISTER-SERVICE] public deregistering service oj-gateway with instance: Instance{instanceId='null', ip='192.168.81.1', port=19090, weight=1.0, healthy=true, enabled=true, ephemeral=true, clusterName='DEFAULT', serviceName='null', metadata={}}
20:22:07.383 [SpringApplicationShutdownHook] INFO  c.a.c.n.r.NacosServiceRegistry - [deregister,115] - De-registration finished.
20:22:07.383 [SpringApplicationShutdownHook] INFO  c.a.n.client.naming - [shutdown,256] - com.alibaba.nacos.client.naming.cache.ServiceInfoHolder do shutdown begin
20:22:07.383 [SpringApplicationShutdownHook] INFO  c.a.n.client.naming - [shutdown,136] - com.alibaba.nacos.client.naming.backups.FailoverReactor do shutdown begin
20:22:07.383 [SpringApplicationShutdownHook] INFO  c.a.n.client.naming - [shutdown,138] - com.alibaba.nacos.client.naming.backups.FailoverReactor do shutdown stop
20:22:07.383 [SpringApplicationShutdownHook] INFO  c.a.n.client.naming - [shutdown,258] - com.alibaba.nacos.client.naming.cache.ServiceInfoHolder do shutdown stop
20:22:07.383 [SpringApplicationShutdownHook] INFO  c.a.n.client.naming - [shutdown,204] - com.alibaba.nacos.client.naming.remote.NamingClientProxyDelegate do shutdown begin
20:22:07.385 [SpringApplicationShutdownHook] INFO  c.a.n.client.naming - [shutdown,143] - com.alibaba.nacos.client.naming.core.ServiceInfoUpdateService do shutdown begin
20:22:07.385 [SpringApplicationShutdownHook] INFO  c.a.n.client.naming - [shutdown,145] - com.alibaba.nacos.client.naming.core.ServiceInfoUpdateService do shutdown stop
20:22:07.385 [SpringApplicationShutdownHook] INFO  c.a.n.client.naming - [shutdown,194] - com.alibaba.nacos.client.naming.core.ServerListManager do shutdown begin
20:22:07.385 [SpringApplicationShutdownHook] INFO  c.a.n.client.naming - [shutdown,199] - com.alibaba.nacos.client.naming.core.ServerListManager do shutdown stop
20:22:07.385 [SpringApplicationShutdownHook] INFO  c.a.n.client.naming - [shutdown,484] - com.alibaba.nacos.client.naming.remote.http.NamingHttpClientProxy do shutdown begin
20:22:07.385 [SpringApplicationShutdownHook] INFO  c.a.n.client.naming - [shutdown,486] - com.alibaba.nacos.client.naming.remote.http.NamingHttpClientProxy do shutdown stop
20:22:07.385 [SpringApplicationShutdownHook] INFO  c.a.n.c.r.client - [shutdown,429] - Shutdown rpc client, set status to shutdown
20:22:07.385 [SpringApplicationShutdownHook] INFO  c.a.n.c.r.client - [shutdown,431] - Shutdown client event executor java.util.concurrent.ScheduledThreadPoolExecutor@6c1ab2be[Running, pool size = 2, active threads = 2, queued tasks = 0, completed tasks = 0]
20:22:07.385 [SpringApplicationShutdownHook] INFO  c.a.n.c.r.client - [closeConnection,584] - Close current connection 1772790972050_182.150.122.45_2655
20:22:07.385 [SpringApplicationShutdownHook] INFO  c.a.n.c.r.c.g.GrpcClient - [shutdown,159] - Shutdown grpc executor java.util.concurrent.ThreadPoolExecutor@767ef63c[Running, pool size = 6, active threads = 0, queued tasks = 0, completed tasks = 1755]
20:22:07.385 [com.alibaba.nacos.client.remote.worker] INFO  c.a.n.c.r.client - [closeConnection,584] - Close current connection 1772790972050_182.150.122.45_2655
20:22:07.385 [SpringApplicationShutdownHook] INFO  c.a.n.client.naming - [shutdown,318] - Shutdown grpc redo service executor java.util.concurrent.ScheduledThreadPoolExecutor@182e962c[Running, pool size = 1, active threads = 0, queued tasks = 1, completed tasks = 2910]
20:22:07.386 [com.alibaba.nacos.client.remote.worker] INFO  c.a.n.c.r.client - [printIfInfoEnabled,63] - [16bface1-f3e2-4bc7-9b83-b2a4b696820d] Fail to connect server, after trying 7 times, last try server is {serverIp = '47.118.20.7', server main port = 8848}, error = unknown
20:22:07.386 [SpringApplicationShutdownHook] INFO  c.a.n.c.a.r.i.CredentialWatcher - [stop,106] - [null] CredentialWatcher is stopped
20:22:07.386 [SpringApplicationShutdownHook] INFO  c.a.n.c.a.r.i.CredentialService - [free,100] - [null] CredentialService is freed
20:22:07.386 [SpringApplicationShutdownHook] INFO  c.a.n.client.naming - [shutdown,211] - com.alibaba.nacos.client.naming.remote.NamingClientProxyDelegate do shutdown stop
20:22:08.197 [com.alibaba.nacos.client.remote.worker] INFO  c.a.n.c.r.client - [printIfInfoEnabled,63] - [16bface1-f3e2-4bc7-9b83-b2a4b696820d] Client is shutdown, stop reconnect to server
20:22:08.874 [com.alibaba.nacos.client.remote.worker] INFO  c.a.n.c.r.client - [printIfInfoEnabled,63] - [3d0a54a3-45ed-4a0a-9e1a-5a0539d35cdd_config-0] Fail to connect server, after trying 8 times, last try server is {serverIp = '47.118.20.7', server main port = 8848}, error = unknown
20:27:44.239 [background-preinit] INFO  o.h.v.i.util.Version - [<clinit>,21] - HV000001: Hibernate Validator 8.0.0.Final
20:27:44.456 [main] INFO  c.a.n.c.u.ParamUtil - [<clinit>,87] - [settings] [req-serv] nacos-server port:8848
20:27:44.456 [main] INFO  c.a.n.c.u.ParamUtil - [<clinit>,98] - [settings] [http-client] connect timeout:1000
20:27:44.458 [main] INFO  c.a.n.c.u.ParamUtil - [<clinit>,105] - PER_TASK_CONFIG_SIZE: 3000.0
20:27:44.477 [main] INFO  c.a.n.p.a.s.c.ClientAuthPluginManager - [init,56] - [ClientAuthPluginManager] Load ClientAuthService com.alibaba.nacos.client.auth.impl.NacosClientAuthServiceImpl success.
20:27:44.477 [main] INFO  c.a.n.p.a.s.c.ClientAuthPluginManager - [init,56] - [ClientAuthPluginManager] Load ClientAuthService com.alibaba.nacos.client.auth.ram.RamClientAuthServiceImpl success.
20:27:44.479 [main] INFO  c.a.n.c.a.r.i.CredentialWatcher - [loadCredential,165] - null No credential found
20:27:44.787 [main] INFO  c.a.n.c.c.i.LocalConfigInfoProcessor - [<clinit>,63] - LOCAL_SNAPSHOT_PATH:C:\Users\22129\nacos\config
20:27:44.790 [main] INFO  c.a.n.c.r.client - [lambda$createClient$0,108] - [RpcClientFactory] create a new rpc client of fc5ae2b8-fe40-4982-97ac-55000be6ea7c_config-0
20:27:44.800 [main] INFO  c.a.n.c.r.client - [printIfInfoEnabled,63] - [fc5ae2b8-fe40-4982-97ac-55000be6ea7c_config-0] Register server push request handler:com.alibaba.nacos.client.config.impl.ClientWorker$ConfigRpcTransportClient$$Lambda$574/0x000001f8cb369258
20:27:44.800 [main] INFO  c.a.n.c.r.client - [printIfInfoEnabled,63] - [fc5ae2b8-fe40-4982-97ac-55000be6ea7c_config-0] Register server push request handler:com.alibaba.nacos.client.config.impl.ClientWorker$ConfigRpcTransportClient$$Lambda$575/0x000001f8cb369678
20:27:44.800 [main] INFO  c.a.n.c.r.client - [printIfInfoEnabled,63] - [fc5ae2b8-fe40-4982-97ac-55000be6ea7c_config-0] Registry connection listener to current client:com.alibaba.nacos.client.config.impl.ClientWorker$ConfigRpcTransportClient$1
20:27:44.800 [main] INFO  c.a.n.c.r.client - [printIfInfoEnabled,63] - [fc5ae2b8-fe40-4982-97ac-55000be6ea7c_config-0] RpcClient init, ServerListFactory = com.alibaba.nacos.client.config.impl.ClientWorker$ConfigRpcTransportClient$2
20:27:44.805 [main] INFO  c.a.n.c.r.client - [printIfInfoEnabled,63] - [fc5ae2b8-fe40-4982-97ac-55000be6ea7c_config-0] Try to connect to server on start up, server: {serverIp = '47.118.20.7', server main port = 8848}
20:27:44.830 [main] INFO  c.a.n.c.r.c.g.GrpcClient - [createNewManagedChannel,182] - grpc client connection server:47.118.20.7 ip,serverPort:9848,grpcTslConfig:{"sslProvider":"OPENSSL","enableTls":false,"mutualAuthEnable":false,"trustAll":false}
20:27:48.513 [main] INFO  c.a.n.c.r.client - [printIfInfoEnabled,63] - [fc5ae2b8-fe40-4982-97ac-55000be6ea7c_config-0] Try to connect to server on start up, server: {serverIp = '47.118.20.7', server main port = 8848}
20:27:48.514 [main] INFO  c.a.n.c.r.c.g.GrpcClient - [createNewManagedChannel,182] - grpc client connection server:47.118.20.7 ip,serverPort:9848,grpcTslConfig:{"sslProvider":"OPENSSL","enableTls":false,"mutualAuthEnable":false,"trustAll":false}
20:27:51.529 [main] INFO  c.a.n.c.r.client - [printIfInfoEnabled,63] - [fc5ae2b8-fe40-4982-97ac-55000be6ea7c_config-0] Try to connect to server on start up, server: {serverIp = '47.118.20.7', server main port = 8848}
20:27:51.530 [main] INFO  c.a.n.c.r.c.g.GrpcClient - [createNewManagedChannel,182] - grpc client connection server:47.118.20.7 ip,serverPort:9848,grpcTslConfig:{"sslProvider":"OPENSSL","enableTls":false,"mutualAuthEnable":false,"trustAll":false}
20:27:54.534 [com.alibaba.nacos.client.remote.worker] INFO  c.a.n.c.r.client - [printIfInfoEnabled,63] - [fc5ae2b8-fe40-4982-97ac-55000be6ea7c_config-0] Try to reconnect to a new server, server is  not appointed, will choose a random server.
20:27:54.535 [main] INFO  c.a.n.c.r.client - [printIfInfoEnabled,63] - [fc5ae2b8-fe40-4982-97ac-55000be6ea7c_config-0] Register server push request handler:com.alibaba.nacos.common.remote.client.RpcClient$ConnectResetRequestHandler
20:27:54.535 [com.alibaba.nacos.client.remote.worker] INFO  c.a.n.c.r.c.g.GrpcClient - [createNewManagedChannel,182] - grpc client connection server:47.118.20.7 ip,serverPort:9848,grpcTslConfig:{"sslProvider":"OPENSSL","enableTls":false,"mutualAuthEnable":false,"trustAll":false}
20:27:54.535 [main] INFO  c.a.n.c.r.client - [printIfInfoEnabled,63] - [fc5ae2b8-fe40-4982-97ac-55000be6ea7c_config-0] Register server push request handler:com.alibaba.nacos.common.remote.client.RpcClient$$Lambda$595/0x000001f8cb4a0ef8
20:27:54.562 [main] INFO  c.a.n.c.c.i.Limiter - [<clinit>,62] - limitTime:5.0
20:27:55.538 [main] INFO  c.a.n.c.c.u.JvmUtil - [<clinit>,54] - isMultiInstance:false
20:27:55.544 [main] INFO  o.s.c.b.c.PropertySourceBootstrapConfiguration - [initialize,108] - Located property source: [BootstrapPropertySource {name='bootstrapProperties-oj-gateway-local.yaml,DEFAULT_GROUP'}, BootstrapPropertySource {name='bootstrapProperties-oj-gateway.yaml,DEFAULT_GROUP'}, BootstrapPropertySource {name='bootstrapProperties-oj-gateway,DEFAULT_GROUP'}]
20:27:55.548 [main] INFO  c.e.g.OjGatewayApplication - [logStartupProfileInfo,636] - The following 1 profile is active: "local"
20:27:55.854 [main] INFO  o.s.d.r.c.RepositoryConfigurationDelegate - [multipleStoresDetected,294] - Multiple Spring Data modules found, entering strict repository configuration mode
20:27:55.861 [main] INFO  o.s.d.r.c.RepositoryConfigurationDelegate - [registerRepositoriesIn,138] - Bootstrapping Spring Data Redis repositories in DEFAULT mode.
20:27:55.876 [main] INFO  o.s.d.r.c.RepositoryConfigurationDelegate - [registerRepositoriesIn,208] - Finished Spring Data repository scanning in 5 ms. Found 0 Redis repository interfaces.
20:27:55.971 [main] INFO  o.s.c.c.s.GenericScope - [setSerializationId,282] - BeanFactory id=a2788962-74f2-3945-9f09-484e16f74f69
20:27:55.999 [main] INFO  o.s.c.s.PostProcessorRegistrationDelegate$BeanPostProcessorChecker - [postProcessAfterInitialization,409] - Bean 'org.springframework.cloud.client.loadbalancer.reactive.LoadBalancerBeanPostProcessorAutoConfiguration' of type [org.springframework.cloud.client.loadbalancer.reactive.LoadBalancerBeanPostProcessorAutoConfiguration] is not eligible for getting processed by all BeanPostProcessors (for example: not eligible for auto-proxying)
20:27:55.999 [main] INFO  o.s.c.s.PostProcessorRegistrationDelegate$BeanPostProcessorChecker - [postProcessAfterInitialization,409] - Bean 'org.springframework.cloud.client.loadbalancer.reactive.LoadBalancerBeanPostProcessorAutoConfiguration$ReactorDeferringLoadBalancerFilterConfig' of type [org.springframework.cloud.client.loadbalancer.reactive.LoadBalancerBeanPostProcessorAutoConfiguration$ReactorDeferringLoadBalancerFilterConfig] is not eligible for getting processed by all BeanPostProcessors (for example: not eligible for auto-proxying)
20:27:56.000 [main] INFO  o.s.c.s.PostProcessorRegistrationDelegate$BeanPostProcessorChecker - [postProcessAfterInitialization,409] - Bean 'reactorDeferringLoadBalancerExchangeFilterFunction' of type [org.springframework.cloud.client.loadbalancer.reactive.DeferringLoadBalancerExchangeFilterFunction] is not eligible for getting processed by all BeanPostProcessors (for example: not eligible for auto-proxying)
20:27:57.431 [main] INFO  o.s.c.g.r.RouteDefinitionRouteLocator - [lambda$initFactories$1,88] - Loaded RoutePredicateFactory [After]
20:27:57.431 [main] INFO  o.s.c.g.r.RouteDefinitionRouteLocator - [lambda$initFactories$1,88] - Loaded RoutePredicateFactory [Before]
20:27:57.431 [main] INFO  o.s.c.g.r.RouteDefinitionRouteLocator - [lambda$initFactories$1,88] - Loaded RoutePredicateFactory [Between]
20:27:57.431 [main] INFO  o.s.c.g.r.RouteDefinitionRouteLocator - [lambda$initFactories$1,88] - Loaded RoutePredicateFactory [Cookie]
20:27:57.432 [main] INFO  o.s.c.g.r.RouteDefinitionRouteLocator - [lambda$initFactories$1,88] - Loaded RoutePredicateFactory [Header]
20:27:57.432 [main] INFO  o.s.c.g.r.RouteDefinitionRouteLocator - [lambda$initFactories$1,88] - Loaded RoutePredicateFactory [Host]
20:27:57.432 [main] INFO  o.s.c.g.r.RouteDefinitionRouteLocator - [lambda$initFactories$1,88] - Loaded RoutePredicateFactory [Method]
20:27:57.432 [main] INFO  o.s.c.g.r.RouteDefinitionRouteLocator - [lambda$initFactories$1,88] - Loaded RoutePredicateFactory [Path]
20:27:57.433 [main] INFO  o.s.c.g.r.RouteDefinitionRouteLocator - [lambda$initFactories$1,88] - Loaded RoutePredicateFactory [Query]
20:27:57.433 [main] INFO  o.s.c.g.r.RouteDefinitionRouteLocator - [lambda$initFactories$1,88] - Loaded RoutePredicateFactory [ReadBody]
20:27:57.433 [main] INFO  o.s.c.g.r.RouteDefinitionRouteLocator - [lambda$initFactories$1,88] - Loaded RoutePredicateFactory [RemoteAddr]
20:27:57.433 [main] INFO  o.s.c.g.r.RouteDefinitionRouteLocator - [lambda$initFactories$1,88] - Loaded RoutePredicateFactory [XForwardedRemoteAddr]
20:27:57.433 [main] INFO  o.s.c.g.r.RouteDefinitionRouteLocator - [lambda$initFactories$1,88] - Loaded RoutePredicateFactory [Weight]
20:27:57.434 [main] INFO  o.s.c.g.r.RouteDefinitionRouteLocator - [lambda$initFactories$1,88] - Loaded RoutePredicateFactory [CloudFoundryRouteService]
20:27:57.650 [com.alibaba.nacos.client.remote.worker] INFO  c.a.n.c.r.c.g.GrpcClient - [createNewManagedChannel,182] - grpc client connection server:47.118.20.7 ip,serverPort:9848,grpcTslConfig:{"sslProvider":"OPENSSL","enableTls":false,"mutualAuthEnable":false,"trustAll":false}
20:27:58.139 [main] INFO  o.s.b.w.e.n.NettyWebServer - [start,111] - Netty started on port 19090
20:27:58.591 [main] INFO  c.a.n.client.naming - [initNamespaceForNaming,62] - initializer namespace from ans.namespace attribute : null
20:27:58.591 [main] INFO  c.a.n.client.naming - [lambda$initNamespaceForNaming$0,66] - initializer namespace from ALIBABA_ALIWARE_NAMESPACE attribute :null
20:27:58.592 [main] INFO  c.a.n.client.naming - [lambda$initNamespaceForNaming$1,73] - initializer namespace from namespace attribute :null
20:27:58.597 [main] INFO  c.a.n.p.a.s.c.ClientAuthPluginManager - [init,56] - [ClientAuthPluginManager] Load ClientAuthService com.alibaba.nacos.client.auth.impl.NacosClientAuthServiceImpl success.
20:27:58.597 [main] INFO  c.a.n.p.a.s.c.ClientAuthPluginManager - [init,56] - [ClientAuthPluginManager] Load ClientAuthService com.alibaba.nacos.client.auth.ram.RamClientAuthServiceImpl success.
20:27:58.600 [main] INFO  c.a.n.c.r.client - [lambda$createClient$0,108] - [RpcClientFactory] create a new rpc client of dcf7dd49-aa4f-4d7d-8ebc-f724c8ab2f26
20:27:58.602 [main] INFO  c.a.n.c.r.client - [printIfInfoEnabled,63] - [dcf7dd49-aa4f-4d7d-8ebc-f724c8ab2f26] RpcClient init, ServerListFactory = com.alibaba.nacos.client.naming.core.ServerListManager
20:27:58.602 [main] INFO  c.a.n.c.r.client - [printIfInfoEnabled,63] - [dcf7dd49-aa4f-4d7d-8ebc-f724c8ab2f26] Registry connection listener to current client:com.alibaba.nacos.client.naming.remote.gprc.redo.NamingGrpcRedoService
20:27:58.602 [main] INFO  c.a.n.c.r.client - [printIfInfoEnabled,63] - [dcf7dd49-aa4f-4d7d-8ebc-f724c8ab2f26] Register server push request handler:com.alibaba.nacos.client.naming.remote.gprc.NamingPushRequestHandler
20:27:58.602 [main] INFO  c.a.n.c.r.client - [printIfInfoEnabled,63] - [dcf7dd49-aa4f-4d7d-8ebc-f724c8ab2f26] Try to connect to server on start up, server: {serverIp = '47.118.20.7', server main port = 8848}
20:27:58.602 [main] INFO  c.a.n.c.r.c.g.GrpcClient - [createNewManagedChannel,182] - grpc client connection server:47.118.20.7 ip,serverPort:9848,grpcTslConfig:{"sslProvider":"OPENSSL","enableTls":false,"mutualAuthEnable":false,"trustAll":false}
20:28:00.664 [com.alibaba.nacos.client.remote.worker] INFO  c.a.n.c.r.client - [printIfInfoEnabled,63] - [fc5ae2b8-fe40-4982-97ac-55000be6ea7c_config-0] Fail to connect server, after trying 1 times, last try server is {serverIp = '47.118.20.7', server main port = 8848}, error = unknown
20:28:00.866 [com.alibaba.nacos.client.remote.worker] INFO  c.a.n.c.r.c.g.GrpcClient - [createNewManagedChannel,182] - grpc client connection server:47.118.20.7 ip,serverPort:9848,grpcTslConfig:{"sslProvider":"OPENSSL","enableTls":false,"mutualAuthEnable":false,"trustAll":false}
20:28:01.611 [main] INFO  c.a.n.c.r.client - [printIfInfoEnabled,63] - [dcf7dd49-aa4f-4d7d-8ebc-f724c8ab2f26] Try to connect to server on start up, server: {serverIp = '47.118.20.7', server main port = 8848}
20:28:01.612 [main] INFO  c.a.n.c.r.c.g.GrpcClient - [createNewManagedChannel,182] - grpc client connection server:47.118.20.7 ip,serverPort:9848,grpcTslConfig:{"sslProvider":"OPENSSL","enableTls":false,"mutualAuthEnable":false,"trustAll":false}
20:28:03.869 [com.alibaba.nacos.client.remote.worker] INFO  c.a.n.c.r.client - [printIfInfoEnabled,63] - [fc5ae2b8-fe40-4982-97ac-55000be6ea7c_config-0] Fail to connect server, after trying 2 times, last try server is {serverIp = '47.118.20.7', server main port = 8848}, error = unknown
20:28:04.179 [com.alibaba.nacos.client.remote.worker] INFO  c.a.n.c.r.c.g.GrpcClient - [createNewManagedChannel,182] - grpc client connection server:47.118.20.7 ip,serverPort:9848,grpcTslConfig:{"sslProvider":"OPENSSL","enableTls":false,"mutualAuthEnable":false,"trustAll":false}
20:28:04.614 [main] INFO  c.a.n.c.r.client - [printIfInfoEnabled,63] - [dcf7dd49-aa4f-4d7d-8ebc-f724c8ab2f26] Try to connect to server on start up, server: {serverIp = '47.118.20.7', server main port = 8848}
20:28:04.615 [main] INFO  c.a.n.c.r.c.g.GrpcClient - [createNewManagedChannel,182] - grpc client connection server:47.118.20.7 ip,serverPort:9848,grpcTslConfig:{"sslProvider":"OPENSSL","enableTls":false,"mutualAuthEnable":false,"trustAll":false}
20:28:07.183 [com.alibaba.nacos.client.remote.worker] INFO  c.a.n.c.r.client - [printIfInfoEnabled,63] - [fc5ae2b8-fe40-4982-97ac-55000be6ea7c_config-0] Fail to connect server, after trying 3 times, last try server is {serverIp = '47.118.20.7', server main port = 8848}, error = unknown
20:28:07.587 [com.alibaba.nacos.client.remote.worker] INFO  c.a.n.c.r.c.g.GrpcClient - [createNewManagedChannel,182] - grpc client connection server:47.118.20.7 ip,serverPort:9848,grpcTslConfig:{"sslProvider":"OPENSSL","enableTls":false,"mutualAuthEnable":false,"trustAll":false}
20:28:07.619 [main] INFO  c.a.n.c.r.client - [printIfInfoEnabled,63] - [dcf7dd49-aa4f-4d7d-8ebc-f724c8ab2f26] Register server push request handler:com.alibaba.nacos.common.remote.client.RpcClient$ConnectResetRequestHandler
20:28:07.619 [com.alibaba.nacos.client.remote.worker] INFO  c.a.n.c.r.client - [printIfInfoEnabled,63] - [dcf7dd49-aa4f-4d7d-8ebc-f724c8ab2f26] Try to reconnect to a new server, server is  not appointed, will choose a random server.
20:28:07.619 [main] INFO  c.a.n.c.r.client - [printIfInfoEnabled,63] - [dcf7dd49-aa4f-4d7d-8ebc-f724c8ab2f26] Register server push request handler:com.alibaba.nacos.common.remote.client.RpcClient$$Lambda$595/0x000001f8cb4a0ef8
20:28:07.619 [com.alibaba.nacos.client.remote.worker] INFO  c.a.n.c.r.c.g.GrpcClient - [createNewManagedChannel,182] - grpc client connection server:47.118.20.7 ip,serverPort:9848,grpcTslConfig:{"sslProvider":"OPENSSL","enableTls":false,"mutualAuthEnable":false,"trustAll":false}
20:28:07.619 [main] INFO  c.a.n.client.naming - [registerService,121] - [REGISTER-SERVICE] public registering service oj-gateway with instance Instance{instanceId='null', ip='192.168.81.1', port=19090, weight=1.0, healthy=true, enabled=true, ephemeral=true, clusterName='DEFAULT', serviceName='null', metadata={IPv6=null, preserved.register.source=SPRING_CLOUD}}
20:28:07.958 [main] INFO  c.a.n.client.naming - [shutdown,256] - com.alibaba.nacos.client.naming.cache.ServiceInfoHolder do shutdown begin
20:28:07.958 [main] INFO  c.a.n.client.naming - [shutdown,136] - com.alibaba.nacos.client.naming.backups.FailoverReactor do shutdown begin
20:28:08.289 [main] INFO  c.a.n.client.naming - [shutdown,138] - com.alibaba.nacos.client.naming.backups.FailoverReactor do shutdown stop
20:28:08.289 [main] INFO  c.a.n.client.naming - [shutdown,258] - com.alibaba.nacos.client.naming.cache.ServiceInfoHolder do shutdown stop
20:28:08.289 [main] INFO  c.a.n.client.naming - [shutdown,204] - com.alibaba.nacos.client.naming.remote.NamingClientProxyDelegate do shutdown begin
20:28:08.289 [main] INFO  c.a.n.client.naming - [shutdown,143] - com.alibaba.nacos.client.naming.core.ServiceInfoUpdateService do shutdown begin
20:28:08.289 [main] INFO  c.a.n.client.naming - [shutdown,145] - com.alibaba.nacos.client.naming.core.ServiceInfoUpdateService do shutdown stop
20:28:08.289 [main] INFO  c.a.n.client.naming - [shutdown,194] - com.alibaba.nacos.client.naming.core.ServerListManager do shutdown begin
20:28:08.290 [main] INFO  c.a.n.client.naming - [shutdown,199] - com.alibaba.nacos.client.naming.core.ServerListManager do shutdown stop
20:28:08.290 [main] INFO  c.a.n.client.naming - [shutdown,484] - com.alibaba.nacos.client.naming.remote.http.NamingHttpClientProxy do shutdown begin
20:28:08.290 [main] INFO  c.a.n.client.naming - [shutdown,486] - com.alibaba.nacos.client.naming.remote.http.NamingHttpClientProxy do shutdown stop
20:28:08.290 [main] INFO  c.a.n.c.r.client - [shutdown,429] - Shutdown rpc client, set status to shutdown
20:28:08.290 [main] INFO  c.a.n.c.r.client - [shutdown,431] - Shutdown client event executor java.util.concurrent.ScheduledThreadPoolExecutor@fe09374[Running, pool size = 2, active threads = 2, queued tasks = 0, completed tasks = 0]
20:28:08.290 [main] INFO  c.a.n.c.r.c.g.GrpcClient - [shutdown,159] - Shutdown grpc executor java.util.concurrent.ThreadPoolExecutor@5e02fb23[Running, pool size = 11, active threads = 0, queued tasks = 0, completed tasks = 11]
20:28:08.291 [main] INFO  c.a.n.client.naming - [shutdown,318] - Shutdown grpc redo service executor java.util.concurrent.ScheduledThreadPoolExecutor@104392ba[Running, pool size = 1, active threads = 0, queued tasks = 1, completed tasks = 3]
20:28:08.291 [main] INFO  c.a.n.c.a.r.i.CredentialWatcher - [stop,106] - [null] CredentialWatcher is stopped
20:28:08.292 [main] INFO  c.a.n.c.a.r.i.CredentialService - [free,100] - [null] CredentialService is freed
20:28:08.293 [main] INFO  c.a.n.client.naming - [shutdown,211] - com.alibaba.nacos.client.naming.remote.NamingClientProxyDelegate do shutdown stop
20:28:08.399 [com.alibaba.nacos.client.remote.worker] INFO  c.a.n.c.r.client - [printIfInfoEnabled,63] - [dcf7dd49-aa4f-4d7d-8ebc-f724c8ab2f26] Client is shutdown, stop reconnect to server
20:28:09.515 [com.alibaba.nacos.client.Worker] INFO  c.a.n.c.a.r.i.CredentialWatcher - [loadCredential,165] - null No credential found
20:28:10.394 [main] INFO  o.s.b.a.l.ConditionEvaluationReportLogger - [logMessage,82] - 

Error starting ApplicationContext. To display the condition evaluation report re-run your application with 'debug' enabled.
20:30:06.008 [background-preinit] INFO  o.h.v.i.util.Version - [<clinit>,21] - HV000001: Hibernate Validator 8.0.0.Final
20:30:06.236 [main] INFO  c.a.n.c.u.ParamUtil - [<clinit>,87] - [settings] [req-serv] nacos-server port:8848
20:30:06.236 [main] INFO  c.a.n.c.u.ParamUtil - [<clinit>,98] - [settings] [http-client] connect timeout:1000
20:30:06.237 [main] INFO  c.a.n.c.u.ParamUtil - [<clinit>,105] - PER_TASK_CONFIG_SIZE: 3000.0
20:30:06.254 [main] INFO  c.a.n.p.a.s.c.ClientAuthPluginManager - [init,56] - [ClientAuthPluginManager] Load ClientAuthService com.alibaba.nacos.client.auth.impl.NacosClientAuthServiceImpl success.
20:30:06.255 [main] INFO  c.a.n.p.a.s.c.ClientAuthPluginManager - [init,56] - [ClientAuthPluginManager] Load ClientAuthService com.alibaba.nacos.client.auth.ram.RamClientAuthServiceImpl success.
20:30:06.257 [main] INFO  c.a.n.c.a.r.i.CredentialWatcher - [loadCredential,165] - null No credential found
20:30:06.594 [main] INFO  c.a.n.c.c.i.LocalConfigInfoProcessor - [<clinit>,63] - LOCAL_SNAPSHOT_PATH:C:\Users\22129\nacos\config
20:30:06.597 [main] INFO  c.a.n.c.r.client - [lambda$createClient$0,108] - [RpcClientFactory] create a new rpc client of a7aef744-67a7-4d0e-a8b1-849f35dd591d_config-0
20:30:06.612 [main] INFO  c.a.n.c.r.client - [printIfInfoEnabled,63] - [a7aef744-67a7-4d0e-a8b1-849f35dd591d_config-0] Register server push request handler:com.alibaba.nacos.client.config.impl.ClientWorker$ConfigRpcTransportClient$$Lambda$574/0x000002bd013688a0
20:30:06.612 [main] INFO  c.a.n.c.r.client - [printIfInfoEnabled,63] - [a7aef744-67a7-4d0e-a8b1-849f35dd591d_config-0] Register server push request handler:com.alibaba.nacos.client.config.impl.ClientWorker$ConfigRpcTransportClient$$Lambda$575/0x000002bd01368cc0
20:30:06.612 [main] INFO  c.a.n.c.r.client - [printIfInfoEnabled,63] - [a7aef744-67a7-4d0e-a8b1-849f35dd591d_config-0] Registry connection listener to current client:com.alibaba.nacos.client.config.impl.ClientWorker$ConfigRpcTransportClient$1
20:30:06.612 [main] INFO  c.a.n.c.r.client - [printIfInfoEnabled,63] - [a7aef744-67a7-4d0e-a8b1-849f35dd591d_config-0] RpcClient init, ServerListFactory = com.alibaba.nacos.client.config.impl.ClientWorker$ConfigRpcTransportClient$2
20:30:06.618 [main] INFO  c.a.n.c.r.client - [printIfInfoEnabled,63] - [a7aef744-67a7-4d0e-a8b1-849f35dd591d_config-0] Try to connect to server on start up, server: {serverIp = '47.118.20.7', server main port = 8848}
20:30:06.657 [main] INFO  c.a.n.c.r.c.g.GrpcClient - [createNewManagedChannel,182] - grpc client connection server:47.118.20.7 ip,serverPort:9848,grpcTslConfig:{"sslProvider":"OPENSSL","enableTls":false,"mutualAuthEnable":false,"trustAll":false}
20:30:10.162 [main] INFO  c.a.n.c.r.client - [printIfInfoEnabled,63] - [a7aef744-67a7-4d0e-a8b1-849f35dd591d_config-0] Try to connect to server on start up, server: {serverIp = '47.118.20.7', server main port = 8848}
20:30:10.163 [main] INFO  c.a.n.c.r.c.g.GrpcClient - [createNewManagedChannel,182] - grpc client connection server:47.118.20.7 ip,serverPort:9848,grpcTslConfig:{"sslProvider":"OPENSSL","enableTls":false,"mutualAuthEnable":false,"trustAll":false}
20:30:13.179 [main] INFO  c.a.n.c.r.client - [printIfInfoEnabled,63] - [a7aef744-67a7-4d0e-a8b1-849f35dd591d_config-0] Try to connect to server on start up, server: {serverIp = '47.118.20.7', server main port = 8848}
20:30:13.180 [main] INFO  c.a.n.c.r.c.g.GrpcClient - [createNewManagedChannel,182] - grpc client connection server:47.118.20.7 ip,serverPort:9848,grpcTslConfig:{"sslProvider":"OPENSSL","enableTls":false,"mutualAuthEnable":false,"trustAll":false}
20:30:16.190 [com.alibaba.nacos.client.remote.worker] INFO  c.a.n.c.r.client - [printIfInfoEnabled,63] - [a7aef744-67a7-4d0e-a8b1-849f35dd591d_config-0] Try to reconnect to a new server, server is  not appointed, will choose a random server.
20:30:16.191 [com.alibaba.nacos.client.remote.worker] INFO  c.a.n.c.r.c.g.GrpcClient - [createNewManagedChannel,182] - grpc client connection server:47.118.20.7 ip,serverPort:9848,grpcTslConfig:{"sslProvider":"OPENSSL","enableTls":false,"mutualAuthEnable":false,"trustAll":false}
20:30:16.192 [main] INFO  c.a.n.c.r.client - [printIfInfoEnabled,63] - [a7aef744-67a7-4d0e-a8b1-849f35dd591d_config-0] Register server push request handler:com.alibaba.nacos.common.remote.client.RpcClient$ConnectResetRequestHandler
20:30:16.192 [main] INFO  c.a.n.c.r.client - [printIfInfoEnabled,63] - [a7aef744-67a7-4d0e-a8b1-849f35dd591d_config-0] Register server push request handler:com.alibaba.nacos.common.remote.client.RpcClient$$Lambda$595/0x000002bd014a4430
20:30:16.227 [main] INFO  c.a.n.c.c.i.Limiter - [<clinit>,62] - limitTime:5.0
20:30:17.211 [main] INFO  c.a.n.c.c.u.JvmUtil - [<clinit>,54] - isMultiInstance:false
20:30:17.217 [main] INFO  o.s.c.b.c.PropertySourceBootstrapConfiguration - [initialize,108] - Located property source: [BootstrapPropertySource {name='bootstrapProperties-oj-gateway-local.yaml,DEFAULT_GROUP'}, BootstrapPropertySource {name='bootstrapProperties-oj-gateway.yaml,DEFAULT_GROUP'}, BootstrapPropertySource {name='bootstrapProperties-oj-gateway,DEFAULT_GROUP'}]
20:30:17.221 [main] INFO  c.e.g.OjGatewayApplication - [logStartupProfileInfo,636] - The following 1 profile is active: "local"
20:30:17.507 [main] INFO  o.s.d.r.c.RepositoryConfigurationDelegate - [multipleStoresDetected,294] - Multiple Spring Data modules found, entering strict repository configuration mode
20:30:17.509 [main] INFO  o.s.d.r.c.RepositoryConfigurationDelegate - [registerRepositoriesIn,138] - Bootstrapping Spring Data Redis repositories in DEFAULT mode.
20:30:17.524 [main] INFO  o.s.d.r.c.RepositoryConfigurationDelegate - [registerRepositoriesIn,208] - Finished Spring Data repository scanning in 6 ms. Found 0 Redis repository interfaces.
20:30:17.624 [main] INFO  o.s.c.c.s.GenericScope - [setSerializationId,282] - BeanFactory id=a2788962-74f2-3945-9f09-484e16f74f69
20:30:17.644 [main] INFO  o.s.c.s.PostProcessorRegistrationDelegate$BeanPostProcessorChecker - [postProcessAfterInitialization,409] - Bean 'org.springframework.cloud.client.loadbalancer.reactive.LoadBalancerBeanPostProcessorAutoConfiguration' of type [org.springframework.cloud.client.loadbalancer.reactive.LoadBalancerBeanPostProcessorAutoConfiguration] is not eligible for getting processed by all BeanPostProcessors (for example: not eligible for auto-proxying)
20:30:17.645 [main] INFO  o.s.c.s.PostProcessorRegistrationDelegate$BeanPostProcessorChecker - [postProcessAfterInitialization,409] - Bean 'org.springframework.cloud.client.loadbalancer.reactive.LoadBalancerBeanPostProcessorAutoConfiguration$ReactorDeferringLoadBalancerFilterConfig' of type [org.springframework.cloud.client.loadbalancer.reactive.LoadBalancerBeanPostProcessorAutoConfiguration$ReactorDeferringLoadBalancerFilterConfig] is not eligible for getting processed by all BeanPostProcessors (for example: not eligible for auto-proxying)
20:30:17.646 [main] INFO  o.s.c.s.PostProcessorRegistrationDelegate$BeanPostProcessorChecker - [postProcessAfterInitialization,409] - Bean 'reactorDeferringLoadBalancerExchangeFilterFunction' of type [org.springframework.cloud.client.loadbalancer.reactive.DeferringLoadBalancerExchangeFilterFunction] is not eligible for getting processed by all BeanPostProcessors (for example: not eligible for auto-proxying)
20:30:18.844 [main] INFO  o.s.c.g.r.RouteDefinitionRouteLocator - [lambda$initFactories$1,88] - Loaded RoutePredicateFactory [After]
20:30:18.844 [main] INFO  o.s.c.g.r.RouteDefinitionRouteLocator - [lambda$initFactories$1,88] - Loaded RoutePredicateFactory [Before]
20:30:18.844 [main] INFO  o.s.c.g.r.RouteDefinitionRouteLocator - [lambda$initFactories$1,88] - Loaded RoutePredicateFactory [Between]
20:30:18.844 [main] INFO  o.s.c.g.r.RouteDefinitionRouteLocator - [lambda$initFactories$1,88] - Loaded RoutePredicateFactory [Cookie]
20:30:18.844 [main] INFO  o.s.c.g.r.RouteDefinitionRouteLocator - [lambda$initFactories$1,88] - Loaded RoutePredicateFactory [Header]
20:30:18.844 [main] INFO  o.s.c.g.r.RouteDefinitionRouteLocator - [lambda$initFactories$1,88] - Loaded RoutePredicateFactory [Host]
20:30:18.844 [main] INFO  o.s.c.g.r.RouteDefinitionRouteLocator - [lambda$initFactories$1,88] - Loaded RoutePredicateFactory [Method]
20:30:18.844 [main] INFO  o.s.c.g.r.RouteDefinitionRouteLocator - [lambda$initFactories$1,88] - Loaded RoutePredicateFactory [Path]
20:30:18.844 [main] INFO  o.s.c.g.r.RouteDefinitionRouteLocator - [lambda$initFactories$1,88] - Loaded RoutePredicateFactory [Query]
20:30:18.844 [main] INFO  o.s.c.g.r.RouteDefinitionRouteLocator - [lambda$initFactories$1,88] - Loaded RoutePredicateFactory [ReadBody]
20:30:18.844 [main] INFO  o.s.c.g.r.RouteDefinitionRouteLocator - [lambda$initFactories$1,88] - Loaded RoutePredicateFactory [RemoteAddr]
20:30:18.844 [main] INFO  o.s.c.g.r.RouteDefinitionRouteLocator - [lambda$initFactories$1,88] - Loaded RoutePredicateFactory [XForwardedRemoteAddr]
20:30:18.846 [main] INFO  o.s.c.g.r.RouteDefinitionRouteLocator - [lambda$initFactories$1,88] - Loaded RoutePredicateFactory [Weight]
20:30:18.846 [main] INFO  o.s.c.g.r.RouteDefinitionRouteLocator - [lambda$initFactories$1,88] - Loaded RoutePredicateFactory [CloudFoundryRouteService]
20:30:19.303 [com.alibaba.nacos.client.remote.worker] INFO  c.a.n.c.r.c.g.GrpcClient - [createNewManagedChannel,182] - grpc client connection server:47.118.20.7 ip,serverPort:9848,grpcTslConfig:{"sslProvider":"OPENSSL","enableTls":false,"mutualAuthEnable":false,"trustAll":false}
20:30:19.366 [main] INFO  o.s.b.w.e.n.NettyWebServer - [start,111] - Netty started on port 19090
20:30:19.745 [main] INFO  c.a.n.client.naming - [initNamespaceForNaming,62] - initializer namespace from ans.namespace attribute : null
20:30:19.745 [main] INFO  c.a.n.client.naming - [lambda$initNamespaceForNaming$0,66] - initializer namespace from ALIBABA_ALIWARE_NAMESPACE attribute :null
20:30:19.745 [main] INFO  c.a.n.client.naming - [lambda$initNamespaceForNaming$1,73] - initializer namespace from namespace attribute :null
20:30:19.751 [main] INFO  c.a.n.p.a.s.c.ClientAuthPluginManager - [init,56] - [ClientAuthPluginManager] Load ClientAuthService com.alibaba.nacos.client.auth.impl.NacosClientAuthServiceImpl success.
20:30:19.751 [main] INFO  c.a.n.p.a.s.c.ClientAuthPluginManager - [init,56] - [ClientAuthPluginManager] Load ClientAuthService com.alibaba.nacos.client.auth.ram.RamClientAuthServiceImpl success.
20:30:19.756 [main] INFO  c.a.n.c.r.client - [lambda$createClient$0,108] - [RpcClientFactory] create a new rpc client of b4a5bbd3-ae65-43f1-a4f3-15eabedc4715
20:30:19.757 [main] INFO  c.a.n.c.r.client - [printIfInfoEnabled,63] - [b4a5bbd3-ae65-43f1-a4f3-15eabedc4715] RpcClient init, ServerListFactory = com.alibaba.nacos.client.naming.core.ServerListManager
20:30:19.757 [main] INFO  c.a.n.c.r.client - [printIfInfoEnabled,63] - [b4a5bbd3-ae65-43f1-a4f3-15eabedc4715] Registry connection listener to current client:com.alibaba.nacos.client.naming.remote.gprc.redo.NamingGrpcRedoService
20:30:19.758 [main] INFO  c.a.n.c.r.client - [printIfInfoEnabled,63] - [b4a5bbd3-ae65-43f1-a4f3-15eabedc4715] Register server push request handler:com.alibaba.nacos.client.naming.remote.gprc.NamingPushRequestHandler
20:30:19.758 [main] INFO  c.a.n.c.r.client - [printIfInfoEnabled,63] - [b4a5bbd3-ae65-43f1-a4f3-15eabedc4715] Try to connect to server on start up, server: {serverIp = '47.118.20.7', server main port = 8848}
20:30:19.758 [main] INFO  c.a.n.c.r.c.g.GrpcClient - [createNewManagedChannel,182] - grpc client connection server:47.118.20.7 ip,serverPort:9848,grpcTslConfig:{"sslProvider":"OPENSSL","enableTls":false,"mutualAuthEnable":false,"trustAll":false}
20:30:22.313 [com.alibaba.nacos.client.remote.worker] INFO  c.a.n.c.r.client - [printIfInfoEnabled,63] - [a7aef744-67a7-4d0e-a8b1-849f35dd591d_config-0] Fail to connect server, after trying 1 times, last try server is {serverIp = '47.118.20.7', server main port = 8848}, error = unknown
20:30:22.515 [com.alibaba.nacos.client.remote.worker] INFO  c.a.n.c.r.c.g.GrpcClient - [createNewManagedChannel,182] - grpc client connection server:47.118.20.7 ip,serverPort:9848,grpcTslConfig:{"sslProvider":"OPENSSL","enableTls":false,"mutualAuthEnable":false,"trustAll":false}
20:30:22.764 [main] INFO  c.a.n.c.r.client - [printIfInfoEnabled,63] - [b4a5bbd3-ae65-43f1-a4f3-15eabedc4715] Try to connect to server on start up, server: {serverIp = '47.118.20.7', server main port = 8848}
20:30:22.765 [main] INFO  c.a.n.c.r.c.g.GrpcClient - [createNewManagedChannel,182] - grpc client connection server:47.118.20.7 ip,serverPort:9848,grpcTslConfig:{"sslProvider":"OPENSSL","enableTls":false,"mutualAuthEnable":false,"trustAll":false}
20:30:25.517 [com.alibaba.nacos.client.remote.worker] INFO  c.a.n.c.r.client - [printIfInfoEnabled,63] - [a7aef744-67a7-4d0e-a8b1-849f35dd591d_config-0] Fail to connect server, after trying 2 times, last try server is {serverIp = '47.118.20.7', server main port = 8848}, error = unknown
20:30:25.767 [main] INFO  c.a.n.c.r.client - [printIfInfoEnabled,63] - [b4a5bbd3-ae65-43f1-a4f3-15eabedc4715] Try to connect to server on start up, server: {serverIp = '47.118.20.7', server main port = 8848}
20:30:25.767 [main] INFO  c.a.n.c.r.c.g.GrpcClient - [createNewManagedChannel,182] - grpc client connection server:47.118.20.7 ip,serverPort:9848,grpcTslConfig:{"sslProvider":"OPENSSL","enableTls":false,"mutualAuthEnable":false,"trustAll":false}
20:30:25.829 [com.alibaba.nacos.client.remote.worker] INFO  c.a.n.c.r.c.g.GrpcClient - [createNewManagedChannel,182] - grpc client connection server:47.118.20.7 ip,serverPort:9848,grpcTslConfig:{"sslProvider":"OPENSSL","enableTls":false,"mutualAuthEnable":false,"trustAll":false}
20:30:28.777 [com.alibaba.nacos.client.remote.worker] INFO  c.a.n.c.r.client - [printIfInfoEnabled,63] - [b4a5bbd3-ae65-43f1-a4f3-15eabedc4715] Try to reconnect to a new server, server is  not appointed, will choose a random server.
20:30:28.777 [main] INFO  c.a.n.c.r.client - [printIfInfoEnabled,63] - [b4a5bbd3-ae65-43f1-a4f3-15eabedc4715] Register server push request handler:com.alibaba.nacos.common.remote.client.RpcClient$ConnectResetRequestHandler
20:30:28.777 [main] INFO  c.a.n.c.r.client - [printIfInfoEnabled,63] - [b4a5bbd3-ae65-43f1-a4f3-15eabedc4715] Register server push request handler:com.alibaba.nacos.common.remote.client.RpcClient$$Lambda$595/0x000002bd014a4430
20:30:28.777 [com.alibaba.nacos.client.remote.worker] INFO  c.a.n.c.r.c.g.GrpcClient - [createNewManagedChannel,182] - grpc client connection server:47.118.20.7 ip,serverPort:9848,grpcTslConfig:{"sslProvider":"OPENSSL","enableTls":false,"mutualAuthEnable":false,"trustAll":false}
20:30:28.778 [main] INFO  c.a.n.client.naming - [registerService,121] - [REGISTER-SERVICE] public registering service oj-gateway with instance Instance{instanceId='null', ip='192.168.81.1', port=19090, weight=1.0, healthy=true, enabled=true, ephemeral=true, clusterName='DEFAULT', serviceName='null', metadata={IPv6=null, preserved.register.source=SPRING_CLOUD}}
20:30:28.838 [com.alibaba.nacos.client.remote.worker] INFO  c.a.n.c.r.client - [printIfInfoEnabled,63] - [a7aef744-67a7-4d0e-a8b1-849f35dd591d_config-0] Fail to connect server, after trying 3 times, last try server is {serverIp = '47.118.20.7', server main port = 8848}, error = unknown
20:30:29.113 [main] INFO  c.a.n.client.naming - [shutdown,256] - com.alibaba.nacos.client.naming.cache.ServiceInfoHolder do shutdown begin
20:30:29.113 [main] INFO  c.a.n.client.naming - [shutdown,136] - com.alibaba.nacos.client.naming.backups.FailoverReactor do shutdown begin
20:30:29.242 [com.alibaba.nacos.client.remote.worker] INFO  c.a.n.c.r.c.g.GrpcClient - [createNewManagedChannel,182] - grpc client connection server:47.118.20.7 ip,serverPort:9848,grpcTslConfig:{"sslProvider":"OPENSSL","enableTls":false,"mutualAuthEnable":false,"trustAll":false}
20:30:29.442 [main] INFO  c.a.n.client.naming - [shutdown,138] - com.alibaba.nacos.client.naming.backups.FailoverReactor do shutdown stop
20:30:29.442 [main] INFO  c.a.n.client.naming - [shutdown,258] - com.alibaba.nacos.client.naming.cache.ServiceInfoHolder do shutdown stop
20:30:29.442 [main] INFO  c.a.n.client.naming - [shutdown,204] - com.alibaba.nacos.client.naming.remote.NamingClientProxyDelegate do shutdown begin
20:30:29.442 [main] INFO  c.a.n.client.naming - [shutdown,143] - com.alibaba.nacos.client.naming.core.ServiceInfoUpdateService do shutdown begin
20:30:29.442 [main] INFO  c.a.n.client.naming - [shutdown,145] - com.alibaba.nacos.client.naming.core.ServiceInfoUpdateService do shutdown stop
20:30:29.442 [main] INFO  c.a.n.client.naming - [shutdown,194] - com.alibaba.nacos.client.naming.core.ServerListManager do shutdown begin
20:30:29.442 [main] INFO  c.a.n.client.naming - [shutdown,199] - com.alibaba.nacos.client.naming.core.ServerListManager do shutdown stop
20:30:29.442 [main] INFO  c.a.n.client.naming - [shutdown,484] - com.alibaba.nacos.client.naming.remote.http.NamingHttpClientProxy do shutdown begin
20:30:29.443 [main] INFO  c.a.n.client.naming - [shutdown,486] - com.alibaba.nacos.client.naming.remote.http.NamingHttpClientProxy do shutdown stop
20:30:29.443 [main] INFO  c.a.n.c.r.client - [shutdown,429] - Shutdown rpc client, set status to shutdown
20:30:29.443 [main] INFO  c.a.n.c.r.client - [shutdown,431] - Shutdown client event executor java.util.concurrent.ScheduledThreadPoolExecutor@7057dbda[Running, pool size = 2, active threads = 2, queued tasks = 0, completed tasks = 0]
20:30:29.443 [main] INFO  c.a.n.c.r.c.g.GrpcClient - [shutdown,159] - Shutdown grpc executor java.util.concurrent.ThreadPoolExecutor@36349e29[Running, pool size = 11, active threads = 0, queued tasks = 0, completed tasks = 11]
20:30:29.444 [main] INFO  c.a.n.client.naming - [shutdown,318] - Shutdown grpc redo service executor java.util.concurrent.ScheduledThreadPoolExecutor@183a508b[Running, pool size = 1, active threads = 0, queued tasks = 1, completed tasks = 3]
20:30:29.444 [main] INFO  c.a.n.c.a.r.i.CredentialWatcher - [stop,106] - [null] CredentialWatcher is stopped
20:30:29.444 [main] INFO  c.a.n.c.a.r.i.CredentialService - [free,100] - [null] CredentialService is freed
20:30:29.444 [main] INFO  c.a.n.client.naming - [shutdown,211] - com.alibaba.nacos.client.naming.remote.NamingClientProxyDelegate do shutdown stop
20:30:29.551 [com.alibaba.nacos.client.remote.worker] INFO  c.a.n.c.r.client - [printIfInfoEnabled,63] - [b4a5bbd3-ae65-43f1-a4f3-15eabedc4715] Client is shutdown, stop reconnect to server
20:30:31.308 [com.alibaba.nacos.client.Worker] INFO  c.a.n.c.a.r.i.CredentialWatcher - [loadCredential,165] - null No credential found
20:30:31.531 [main] INFO  o.s.b.a.l.ConditionEvaluationReportLogger - [logMessage,82] - 

Error starting ApplicationContext. To display the condition evaluation report re-run your application with 'debug' enabled.
20:32:19.354 [background-preinit] INFO  o.h.v.i.util.Version - [<clinit>,21] - HV000001: Hibernate Validator 8.0.0.Final
20:32:19.578 [main] INFO  c.a.n.c.u.ParamUtil - [<clinit>,87] - [settings] [req-serv] nacos-server port:8848
20:32:19.579 [main] INFO  c.a.n.c.u.ParamUtil - [<clinit>,98] - [settings] [http-client] connect timeout:1000
20:32:19.579 [main] INFO  c.a.n.c.u.ParamUtil - [<clinit>,105] - PER_TASK_CONFIG_SIZE: 3000.0
20:32:19.600 [main] INFO  c.a.n.p.a.s.c.ClientAuthPluginManager - [init,56] - [ClientAuthPluginManager] Load ClientAuthService com.alibaba.nacos.client.auth.impl.NacosClientAuthServiceImpl success.
20:32:19.601 [main] INFO  c.a.n.p.a.s.c.ClientAuthPluginManager - [init,56] - [ClientAuthPluginManager] Load ClientAuthService com.alibaba.nacos.client.auth.ram.RamClientAuthServiceImpl success.
20:32:19.603 [main] INFO  c.a.n.c.a.r.i.CredentialWatcher - [loadCredential,165] - null No credential found
20:32:20.005 [main] INFO  c.a.n.c.c.i.LocalConfigInfoProcessor - [<clinit>,63] - LOCAL_SNAPSHOT_PATH:C:\Users\22129\nacos\config
20:32:20.008 [main] INFO  c.a.n.c.r.client - [lambda$createClient$0,108] - [RpcClientFactory] create a new rpc client of c1c52a01-075d-4f34-881c-d1c5c1236c0b_config-0
20:32:20.018 [main] INFO  c.a.n.c.r.client - [printIfInfoEnabled,63] - [c1c52a01-075d-4f34-881c-d1c5c1236c0b_config-0] Register server push request handler:com.alibaba.nacos.client.config.impl.ClientWorker$ConfigRpcTransportClient$$Lambda$574/0x0000023bac36a150
20:32:20.019 [main] INFO  c.a.n.c.r.client - [printIfInfoEnabled,63] - [c1c52a01-075d-4f34-881c-d1c5c1236c0b_config-0] Register server push request handler:com.alibaba.nacos.client.config.impl.ClientWorker$ConfigRpcTransportClient$$Lambda$575/0x0000023bac36a570
20:32:20.019 [main] INFO  c.a.n.c.r.client - [printIfInfoEnabled,63] - [c1c52a01-075d-4f34-881c-d1c5c1236c0b_config-0] Registry connection listener to current client:com.alibaba.nacos.client.config.impl.ClientWorker$ConfigRpcTransportClient$1
20:32:20.020 [main] INFO  c.a.n.c.r.client - [printIfInfoEnabled,63] - [c1c52a01-075d-4f34-881c-d1c5c1236c0b_config-0] RpcClient init, ServerListFactory = com.alibaba.nacos.client.config.impl.ClientWorker$ConfigRpcTransportClient$2
20:32:20.028 [main] INFO  c.a.n.c.r.client - [printIfInfoEnabled,63] - [c1c52a01-075d-4f34-881c-d1c5c1236c0b_config-0] Try to connect to server on start up, server: {serverIp = '47.118.20.7', server main port = 8848}
20:32:20.064 [main] INFO  c.a.n.c.r.c.g.GrpcClient - [createNewManagedChannel,182] - grpc client connection server:47.118.20.7 ip,serverPort:9848,grpcTslConfig:{"sslProvider":"OPENSSL","enableTls":false,"mutualAuthEnable":false,"trustAll":false}
20:32:21.297 [main] INFO  c.a.n.c.r.client - [printIfInfoEnabled,63] - [c1c52a01-075d-4f34-881c-d1c5c1236c0b_config-0] Success to connect to server [47.118.20.7:8848] on start up, connectionId = 1772800340415_222.18.152.107_29277
20:32:21.297 [com.alibaba.nacos.client.remote.worker] INFO  c.a.n.c.r.client - [printIfInfoEnabled,63] - [c1c52a01-075d-4f34-881c-d1c5c1236c0b_config-0] Notify connected event to listeners.
20:32:21.298 [com.alibaba.nacos.client.remote.worker] INFO  c.a.n.c.c.i.ClientWorker - [onConnected,639] - [c1c52a01-075d-4f34-881c-d1c5c1236c0b_config-0] Connected,notify listen context...
20:32:21.297 [main] INFO  c.a.n.c.r.client - [printIfInfoEnabled,63] - [c1c52a01-075d-4f34-881c-d1c5c1236c0b_config-0] Register server push request handler:com.alibaba.nacos.common.remote.client.RpcClient$ConnectResetRequestHandler
20:32:21.298 [main] INFO  c.a.n.c.r.client - [printIfInfoEnabled,63] - [c1c52a01-075d-4f34-881c-d1c5c1236c0b_config-0] Register server push request handler:com.alibaba.nacos.common.remote.client.RpcClient$$Lambda$596/0x0000023bac4d11e8
20:32:21.321 [main] INFO  c.a.n.c.c.i.Limiter - [<clinit>,62] - limitTime:5.0
20:32:22.102 [main] INFO  c.a.n.c.c.u.JvmUtil - [<clinit>,54] - isMultiInstance:false
20:32:22.109 [main] INFO  o.s.c.b.c.PropertySourceBootstrapConfiguration - [initialize,108] - Located property source: [BootstrapPropertySource {name='bootstrapProperties-oj-gateway-local.yaml,DEFAULT_GROUP'}, BootstrapPropertySource {name='bootstrapProperties-oj-gateway.yaml,DEFAULT_GROUP'}, BootstrapPropertySource {name='bootstrapProperties-oj-gateway,DEFAULT_GROUP'}]
20:32:22.112 [main] INFO  c.e.g.OjGatewayApplication - [logStartupProfileInfo,636] - The following 1 profile is active: "local"
20:32:22.418 [main] INFO  o.s.d.r.c.RepositoryConfigurationDelegate - [multipleStoresDetected,294] - Multiple Spring Data modules found, entering strict repository configuration mode
20:32:22.422 [main] INFO  o.s.d.r.c.RepositoryConfigurationDelegate - [registerRepositoriesIn,138] - Bootstrapping Spring Data Redis repositories in DEFAULT mode.
20:32:22.436 [main] INFO  o.s.d.r.c.RepositoryConfigurationDelegate - [registerRepositoriesIn,208] - Finished Spring Data repository scanning in 4 ms. Found 0 Redis repository interfaces.
20:32:22.536 [main] INFO  o.s.c.c.s.GenericScope - [setSerializationId,282] - BeanFactory id=a2788962-74f2-3945-9f09-484e16f74f69
20:32:22.563 [main] INFO  o.s.c.s.PostProcessorRegistrationDelegate$BeanPostProcessorChecker - [postProcessAfterInitialization,409] - Bean 'org.springframework.cloud.client.loadbalancer.reactive.LoadBalancerBeanPostProcessorAutoConfiguration' of type [org.springframework.cloud.client.loadbalancer.reactive.LoadBalancerBeanPostProcessorAutoConfiguration] is not eligible for getting processed by all BeanPostProcessors (for example: not eligible for auto-proxying)
20:32:22.565 [main] INFO  o.s.c.s.PostProcessorRegistrationDelegate$BeanPostProcessorChecker - [postProcessAfterInitialization,409] - Bean 'org.springframework.cloud.client.loadbalancer.reactive.LoadBalancerBeanPostProcessorAutoConfiguration$ReactorDeferringLoadBalancerFilterConfig' of type [org.springframework.cloud.client.loadbalancer.reactive.LoadBalancerBeanPostProcessorAutoConfiguration$ReactorDeferringLoadBalancerFilterConfig] is not eligible for getting processed by all BeanPostProcessors (for example: not eligible for auto-proxying)
20:32:22.565 [main] INFO  o.s.c.s.PostProcessorRegistrationDelegate$BeanPostProcessorChecker - [postProcessAfterInitialization,409] - Bean 'reactorDeferringLoadBalancerExchangeFilterFunction' of type [org.springframework.cloud.client.loadbalancer.reactive.DeferringLoadBalancerExchangeFilterFunction] is not eligible for getting processed by all BeanPostProcessors (for example: not eligible for auto-proxying)
20:32:24.053 [main] INFO  o.s.c.g.r.RouteDefinitionRouteLocator - [lambda$initFactories$1,88] - Loaded RoutePredicateFactory [After]
20:32:24.054 [main] INFO  o.s.c.g.r.RouteDefinitionRouteLocator - [lambda$initFactories$1,88] - Loaded RoutePredicateFactory [Before]
20:32:24.054 [main] INFO  o.s.c.g.r.RouteDefinitionRouteLocator - [lambda$initFactories$1,88] - Loaded RoutePredicateFactory [Between]
20:32:24.054 [main] INFO  o.s.c.g.r.RouteDefinitionRouteLocator - [lambda$initFactories$1,88] - Loaded RoutePredicateFactory [Cookie]
20:32:24.054 [main] INFO  o.s.c.g.r.RouteDefinitionRouteLocator - [lambda$initFactories$1,88] - Loaded RoutePredicateFactory [Header]
20:32:24.054 [main] INFO  o.s.c.g.r.RouteDefinitionRouteLocator - [lambda$initFactories$1,88] - Loaded RoutePredicateFactory [Host]
20:32:24.054 [main] INFO  o.s.c.g.r.RouteDefinitionRouteLocator - [lambda$initFactories$1,88] - Loaded RoutePredicateFactory [Method]
20:32:24.055 [main] INFO  o.s.c.g.r.RouteDefinitionRouteLocator - [lambda$initFactories$1,88] - Loaded RoutePredicateFactory [Path]
20:32:24.055 [main] INFO  o.s.c.g.r.RouteDefinitionRouteLocator - [lambda$initFactories$1,88] - Loaded RoutePredicateFactory [Query]
20:32:24.058 [main] INFO  o.s.c.g.r.RouteDefinitionRouteLocator - [lambda$initFactories$1,88] - Loaded RoutePredicateFactory [ReadBody]
20:32:24.059 [main] INFO  o.s.c.g.r.RouteDefinitionRouteLocator - [lambda$initFactories$1,88] - Loaded RoutePredicateFactory [RemoteAddr]
20:32:24.059 [main] INFO  o.s.c.g.r.RouteDefinitionRouteLocator - [lambda$initFactories$1,88] - Loaded RoutePredicateFactory [XForwardedRemoteAddr]
20:32:24.059 [main] INFO  o.s.c.g.r.RouteDefinitionRouteLocator - [lambda$initFactories$1,88] - Loaded RoutePredicateFactory [Weight]
20:32:24.059 [main] INFO  o.s.c.g.r.RouteDefinitionRouteLocator - [lambda$initFactories$1,88] - Loaded RoutePredicateFactory [CloudFoundryRouteService]
20:32:24.579 [main] INFO  o.s.b.w.e.n.NettyWebServer - [start,111] - Netty started on port 19090
20:32:25.025 [main] INFO  c.a.n.client.naming - [initNamespaceForNaming,62] - initializer namespace from ans.namespace attribute : null
20:32:25.026 [main] INFO  c.a.n.client.naming - [lambda$initNamespaceForNaming$0,66] - initializer namespace from ALIBABA_ALIWARE_NAMESPACE attribute :null
20:32:25.027 [main] INFO  c.a.n.client.naming - [lambda$initNamespaceForNaming$1,73] - initializer namespace from namespace attribute :null
20:32:25.033 [main] INFO  c.a.n.p.a.s.c.ClientAuthPluginManager - [init,56] - [ClientAuthPluginManager] Load ClientAuthService com.alibaba.nacos.client.auth.impl.NacosClientAuthServiceImpl success.
20:32:25.033 [main] INFO  c.a.n.p.a.s.c.ClientAuthPluginManager - [init,56] - [ClientAuthPluginManager] Load ClientAuthService com.alibaba.nacos.client.auth.ram.RamClientAuthServiceImpl success.
20:32:25.036 [main] INFO  c.a.n.c.r.client - [lambda$createClient$0,108] - [RpcClientFactory] create a new rpc client of cf159a21-77ca-48c1-826b-1fe081b20871
20:32:25.037 [main] INFO  c.a.n.c.r.client - [printIfInfoEnabled,63] - [cf159a21-77ca-48c1-826b-1fe081b20871] RpcClient init, ServerListFactory = com.alibaba.nacos.client.naming.core.ServerListManager
20:32:25.037 [main] INFO  c.a.n.c.r.client - [printIfInfoEnabled,63] - [cf159a21-77ca-48c1-826b-1fe081b20871] Registry connection listener to current client:com.alibaba.nacos.client.naming.remote.gprc.redo.NamingGrpcRedoService
20:32:25.037 [main] INFO  c.a.n.c.r.client - [printIfInfoEnabled,63] - [cf159a21-77ca-48c1-826b-1fe081b20871] Register server push request handler:com.alibaba.nacos.client.naming.remote.gprc.NamingPushRequestHandler
20:32:25.037 [main] INFO  c.a.n.c.r.client - [printIfInfoEnabled,63] - [cf159a21-77ca-48c1-826b-1fe081b20871] Try to connect to server on start up, server: {serverIp = '47.118.20.7', server main port = 8848}
20:32:25.038 [main] INFO  c.a.n.c.r.c.g.GrpcClient - [createNewManagedChannel,182] - grpc client connection server:47.118.20.7 ip,serverPort:9848,grpcTslConfig:{"sslProvider":"OPENSSL","enableTls":false,"mutualAuthEnable":false,"trustAll":false}
20:32:25.414 [main] INFO  c.a.n.c.r.client - [printIfInfoEnabled,63] - [cf159a21-77ca-48c1-826b-1fe081b20871] Success to connect to server [47.118.20.7:8848] on start up, connectionId = 1772800344589_222.18.152.107_29296
20:32:25.414 [main] INFO  c.a.n.c.r.client - [printIfInfoEnabled,63] - [cf159a21-77ca-48c1-826b-1fe081b20871] Register server push request handler:com.alibaba.nacos.common.remote.client.RpcClient$ConnectResetRequestHandler
20:32:25.414 [com.alibaba.nacos.client.remote.worker] INFO  c.a.n.c.r.client - [printIfInfoEnabled,63] - [cf159a21-77ca-48c1-826b-1fe081b20871] Notify connected event to listeners.
20:32:25.414 [com.alibaba.nacos.client.remote.worker] INFO  c.a.n.client.naming - [onConnected,78] - Grpc connection connect
20:32:25.414 [main] INFO  c.a.n.c.r.client - [printIfInfoEnabled,63] - [cf159a21-77ca-48c1-826b-1fe081b20871] Register server push request handler:com.alibaba.nacos.common.remote.client.RpcClient$$Lambda$596/0x0000023bac4d11e8
20:32:25.417 [main] INFO  c.a.n.client.naming - [registerService,121] - [REGISTER-SERVICE] public registering service oj-gateway with instance Instance{instanceId='null', ip='192.168.81.1', port=19090, weight=1.0, healthy=true, enabled=true, ephemeral=true, clusterName='DEFAULT', serviceName='null', metadata={IPv6=null, preserved.register.source=SPRING_CLOUD}}
20:32:25.502 [main] INFO  c.a.c.n.r.NacosServiceRegistry - [register,76] - nacos registry, DEFAULT_GROUP oj-gateway 192.168.81.1:19090 register finished
20:32:25.537 [main] INFO  c.e.g.OjGatewayApplication - [logStarted,57] - Started OjGatewayApplication in 6.725 seconds (process running for 7.304)
20:32:25.540 [main] INFO  c.a.n.c.c.i.CacheData - [<clinit>,67] - nacos.cache.data.init.snapshot = true 
20:32:25.541 [main] INFO  c.a.n.c.c.i.ClientWorker - [addCacheDataIfAbsent,380] - [fixed-47.118.20.7_8848] [subscribe] oj-gateway-local.yaml+DEFAULT_GROUP
20:32:25.546 [main] INFO  c.a.n.c.c.i.CacheData - [addListener,197] - [fixed-47.118.20.7_8848] [add-listener] ok, tenant=, dataId=oj-gateway-local.yaml, group=DEFAULT_GROUP, cnt=1
20:32:25.546 [main] INFO  c.a.c.n.r.NacosContextRefresher - [registerNacosListener,129] - [Nacos Config] Listening config: dataId=oj-gateway-local.yaml, group=DEFAULT_GROUP
20:32:25.546 [main] INFO  c.a.n.c.c.i.ClientWorker - [addCacheDataIfAbsent,380] - [fixed-47.118.20.7_8848] [subscribe] oj-gateway+DEFAULT_GROUP
20:32:25.546 [main] INFO  c.a.n.c.c.i.CacheData - [addListener,197] - [fixed-47.118.20.7_8848] [add-listener] ok, tenant=, dataId=oj-gateway, group=DEFAULT_GROUP, cnt=1
20:32:25.546 [main] INFO  c.a.c.n.r.NacosContextRefresher - [registerNacosListener,129] - [Nacos Config] Listening config: dataId=oj-gateway, group=DEFAULT_GROUP
20:32:25.548 [main] INFO  c.a.n.c.c.i.ClientWorker - [addCacheDataIfAbsent,380] - [fixed-47.118.20.7_8848] [subscribe] oj-gateway.yaml+DEFAULT_GROUP
20:32:25.548 [main] INFO  c.a.n.c.c.i.CacheData - [addListener,197] - [fixed-47.118.20.7_8848] [add-listener] ok, tenant=, dataId=oj-gateway.yaml, group=DEFAULT_GROUP, cnt=1
20:32:25.548 [main] INFO  c.a.c.n.r.NacosContextRefresher - [registerNacosListener,129] - [Nacos Config] Listening config: dataId=oj-gateway.yaml, group=DEFAULT_GROUP
20:34:00.124 [com.alibaba.nacos.client.remote.worker] INFO  c.a.n.c.r.client - [printIfInfoEnabled,63] - [cf159a21-77ca-48c1-826b-1fe081b20871] Server healthy check fail, currentConnection = 1772800344589_222.18.152.107_29296
20:34:00.124 [com.alibaba.nacos.client.remote.worker] INFO  c.a.n.c.r.client - [printIfInfoEnabled,63] - [cf159a21-77ca-48c1-826b-1fe081b20871] Try to reconnect to a new server, server is  not appointed, will choose a random server.
20:34:00.125 [com.alibaba.nacos.client.remote.worker] INFO  c.a.n.c.r.c.g.GrpcClient - [createNewManagedChannel,182] - grpc client connection server:47.118.20.7 ip,serverPort:9848,grpcTslConfig:{"sslProvider":"OPENSSL","enableTls":false,"mutualAuthEnable":false,"trustAll":false}
20:34:03.242 [nacos-grpc-client-executor-47.118.20.7-25] INFO  c.a.n.c.r.client - [printIfInfoEnabled,63] - [cf159a21-77ca-48c1-826b-1fe081b20871] Receive server push request, request = ClientDetectionRequest, requestId = 40
20:34:03.243 [nacos-grpc-client-executor-47.118.20.7-25] INFO  c.a.n.c.r.client - [printIfInfoEnabled,63] - [cf159a21-77ca-48c1-826b-1fe081b20871] Ack server push request, request = ClientDetectionRequest, requestId = 40
20:34:03.247 [com.alibaba.nacos.client.remote.worker] INFO  c.a.n.c.r.c.g.GrpcClient - [createNewManagedChannel,182] - grpc client connection server:47.118.20.7 ip,serverPort:9848,grpcTslConfig:{"sslProvider":"OPENSSL","enableTls":false,"mutualAuthEnable":false,"trustAll":false}
20:34:04.202 [com.alibaba.nacos.client.remote.worker] INFO  c.a.n.c.r.client - [printIfInfoEnabled,63] - [c1c52a01-075d-4f34-881c-d1c5c1236c0b_config-0] Server healthy check fail, currentConnection = 1772800340415_222.18.152.107_29277
20:34:04.202 [com.alibaba.nacos.client.remote.worker] INFO  c.a.n.c.r.client - [printIfInfoEnabled,63] - [c1c52a01-075d-4f34-881c-d1c5c1236c0b_config-0] Try to reconnect to a new server, server is  not appointed, will choose a random server.
20:34:04.203 [com.alibaba.nacos.client.remote.worker] INFO  c.a.n.c.r.c.g.GrpcClient - [createNewManagedChannel,182] - grpc client connection server:47.118.20.7 ip,serverPort:9848,grpcTslConfig:{"sslProvider":"OPENSSL","enableTls":false,"mutualAuthEnable":false,"trustAll":false}
20:34:06.258 [com.alibaba.nacos.client.remote.worker] INFO  c.a.n.c.r.client - [printIfInfoEnabled,63] - [cf159a21-77ca-48c1-826b-1fe081b20871] Fail to connect server, after trying 1 times, last try server is {serverIp = '47.118.20.7', server main port = 8848}, error = unknown
20:34:06.459 [com.alibaba.nacos.client.remote.worker] INFO  c.a.n.c.r.c.g.GrpcClient - [createNewManagedChannel,182] - grpc client connection server:47.118.20.7 ip,serverPort:9848,grpcTslConfig:{"sslProvider":"OPENSSL","enableTls":false,"mutualAuthEnable":false,"trustAll":false}
20:34:07.313 [com.alibaba.nacos.client.remote.worker] INFO  c.a.n.c.r.c.g.GrpcClient - [createNewManagedChannel,182] - grpc client connection server:47.118.20.7 ip,serverPort:9848,grpcTslConfig:{"sslProvider":"OPENSSL","enableTls":false,"mutualAuthEnable":false,"trustAll":false}
20:34:09.466 [com.alibaba.nacos.client.remote.worker] INFO  c.a.n.c.r.client - [printIfInfoEnabled,63] - [cf159a21-77ca-48c1-826b-1fe081b20871] Fail to connect server, after trying 2 times, last try server is {serverIp = '47.118.20.7', server main port = 8848}, error = unknown
20:34:09.775 [com.alibaba.nacos.client.remote.worker] INFO  c.a.n.c.r.c.g.GrpcClient - [createNewManagedChannel,182] - grpc client connection server:47.118.20.7 ip,serverPort:9848,grpcTslConfig:{"sslProvider":"OPENSSL","enableTls":false,"mutualAuthEnable":false,"trustAll":false}
20:34:10.317 [com.alibaba.nacos.client.remote.worker] INFO  c.a.n.c.r.client - [printIfInfoEnabled,63] - [c1c52a01-075d-4f34-881c-d1c5c1236c0b_config-0] Fail to connect server, after trying 1 times, last try server is {serverIp = '47.118.20.7', server main port = 8848}, error = unknown
20:34:10.532 [com.alibaba.nacos.client.remote.worker] INFO  c.a.n.c.r.c.g.GrpcClient - [createNewManagedChannel,182] - grpc client connection server:47.118.20.7 ip,serverPort:9848,grpcTslConfig:{"sslProvider":"OPENSSL","enableTls":false,"mutualAuthEnable":false,"trustAll":false}
20:34:11.228 [nacos-grpc-client-executor-47.118.20.7-45] INFO  c.a.n.c.r.client - [printIfInfoEnabled,63] - [c1c52a01-075d-4f34-881c-d1c5c1236c0b_config-0] Receive server push request, request = ClientDetectionRequest, requestId = 41
20:34:11.229 [nacos-grpc-client-executor-47.118.20.7-45] INFO  c.a.n.c.r.client - [printIfInfoEnabled,63] - [c1c52a01-075d-4f34-881c-d1c5c1236c0b_config-0] Ack server push request, request = ClientDetectionRequest, requestId = 41
20:34:12.780 [com.alibaba.nacos.client.remote.worker] INFO  c.a.n.c.r.client - [printIfInfoEnabled,63] - [cf159a21-77ca-48c1-826b-1fe081b20871] Fail to connect server, after trying 3 times, last try server is {serverIp = '47.118.20.7', server main port = 8848}, error = unknown
20:34:13.184 [com.alibaba.nacos.client.remote.worker] INFO  c.a.n.c.r.c.g.GrpcClient - [createNewManagedChannel,182] - grpc client connection server:47.118.20.7 ip,serverPort:9848,grpcTslConfig:{"sslProvider":"OPENSSL","enableTls":false,"mutualAuthEnable":false,"trustAll":false}
20:34:13.539 [com.alibaba.nacos.client.remote.worker] INFO  c.a.n.c.r.client - [printIfInfoEnabled,63] - [c1c52a01-075d-4f34-881c-d1c5c1236c0b_config-0] Fail to connect server, after trying 2 times, last try server is {serverIp = '47.118.20.7', server main port = 8848}, error = unknown
20:34:13.849 [com.alibaba.nacos.client.remote.worker] INFO  c.a.n.c.r.c.g.GrpcClient - [createNewManagedChannel,182] - grpc client connection server:47.118.20.7 ip,serverPort:9848,grpcTslConfig:{"sslProvider":"OPENSSL","enableTls":false,"mutualAuthEnable":false,"trustAll":false}
20:34:16.191 [com.alibaba.nacos.client.remote.worker] INFO  c.a.n.c.r.client - [printIfInfoEnabled,63] - [cf159a21-77ca-48c1-826b-1fe081b20871] Fail to connect server, after trying 4 times, last try server is {serverIp = '47.118.20.7', server main port = 8848}, error = unknown
20:34:16.702 [com.alibaba.nacos.client.remote.worker] INFO  c.a.n.c.r.c.g.GrpcClient - [createNewManagedChannel,182] - grpc client connection server:47.118.20.7 ip,serverPort:9848,grpcTslConfig:{"sslProvider":"OPENSSL","enableTls":false,"mutualAuthEnable":false,"trustAll":false}
20:34:16.857 [com.alibaba.nacos.client.remote.worker] INFO  c.a.n.c.r.client - [printIfInfoEnabled,63] - [c1c52a01-075d-4f34-881c-d1c5c1236c0b_config-0] Fail to connect server, after trying 3 times, last try server is {serverIp = '47.118.20.7', server main port = 8848}, error = unknown
20:34:17.258 [com.alibaba.nacos.client.remote.worker] INFO  c.a.n.c.r.c.g.GrpcClient - [createNewManagedChannel,182] - grpc client connection server:47.118.20.7 ip,serverPort:9848,grpcTslConfig:{"sslProvider":"OPENSSL","enableTls":false,"mutualAuthEnable":false,"trustAll":false}
20:34:19.712 [com.alibaba.nacos.client.remote.worker] INFO  c.a.n.c.r.client - [printIfInfoEnabled,63] - [cf159a21-77ca-48c1-826b-1fe081b20871] Fail to connect server, after trying 5 times, last try server is {serverIp = '47.118.20.7', server main port = 8848}, error = unknown
20:34:20.269 [com.alibaba.nacos.client.remote.worker] INFO  c.a.n.c.r.client - [printIfInfoEnabled,63] - [c1c52a01-075d-4f34-881c-d1c5c1236c0b_config-0] Fail to connect server, after trying 4 times, last try server is {serverIp = '47.118.20.7', server main port = 8848}, error = unknown
20:34:20.315 [com.alibaba.nacos.client.remote.worker] INFO  c.a.n.c.r.c.g.GrpcClient - [createNewManagedChannel,182] - grpc client connection server:47.118.20.7 ip,serverPort:9848,grpcTslConfig:{"sslProvider":"OPENSSL","enableTls":false,"mutualAuthEnable":false,"trustAll":false}
20:34:20.778 [com.alibaba.nacos.client.remote.worker] INFO  c.a.n.c.r.c.g.GrpcClient - [createNewManagedChannel,182] - grpc client connection server:47.118.20.7 ip,serverPort:9848,grpcTslConfig:{"sslProvider":"OPENSSL","enableTls":false,"mutualAuthEnable":false,"trustAll":false}
20:34:23.331 [com.alibaba.nacos.client.remote.worker] INFO  c.a.n.c.r.client - [printIfInfoEnabled,63] - [cf159a21-77ca-48c1-826b-1fe081b20871] Fail to connect server, after trying 6 times, last try server is {serverIp = '47.118.20.7', server main port = 8848}, error = unknown
20:34:23.797 [com.alibaba.nacos.client.remote.worker] INFO  c.a.n.c.r.client - [printIfInfoEnabled,63] - [c1c52a01-075d-4f34-881c-d1c5c1236c0b_config-0] Fail to connect server, after trying 5 times, last try server is {serverIp = '47.118.20.7', server main port = 8848}, error = unknown
20:34:24.045 [com.alibaba.nacos.client.remote.worker] INFO  c.a.n.c.r.c.g.GrpcClient - [createNewManagedChannel,182] - grpc client connection server:47.118.20.7 ip,serverPort:9848,grpcTslConfig:{"sslProvider":"OPENSSL","enableTls":false,"mutualAuthEnable":false,"trustAll":false}
20:34:24.401 [com.alibaba.nacos.client.remote.worker] INFO  c.a.n.c.r.c.g.GrpcClient - [createNewManagedChannel,182] - grpc client connection server:47.118.20.7 ip,serverPort:9848,grpcTslConfig:{"sslProvider":"OPENSSL","enableTls":false,"mutualAuthEnable":false,"trustAll":false}
20:34:27.062 [com.alibaba.nacos.client.remote.worker] INFO  c.a.n.c.r.client - [printIfInfoEnabled,63] - [cf159a21-77ca-48c1-826b-1fe081b20871] Fail to connect server, after trying 7 times, last try server is {serverIp = '47.118.20.7', server main port = 8848}, error = unknown
20:34:27.415 [com.alibaba.nacos.client.remote.worker] INFO  c.a.n.c.r.client - [printIfInfoEnabled,63] - [c1c52a01-075d-4f34-881c-d1c5c1236c0b_config-0] Fail to connect server, after trying 6 times, last try server is {serverIp = '47.118.20.7', server main port = 8848}, error = unknown
20:34:27.878 [com.alibaba.nacos.client.remote.worker] INFO  c.a.n.c.r.c.g.GrpcClient - [createNewManagedChannel,182] - grpc client connection server:47.118.20.7 ip,serverPort:9848,grpcTslConfig:{"sslProvider":"OPENSSL","enableTls":false,"mutualAuthEnable":false,"trustAll":false}
20:34:28.124 [com.alibaba.nacos.client.remote.worker] INFO  c.a.n.c.r.c.g.GrpcClient - [createNewManagedChannel,182] - grpc client connection server:47.118.20.7 ip,serverPort:9848,grpcTslConfig:{"sslProvider":"OPENSSL","enableTls":false,"mutualAuthEnable":false,"trustAll":false}
20:34:30.885 [com.alibaba.nacos.client.remote.worker] INFO  c.a.n.c.r.client - [printIfInfoEnabled,63] - [cf159a21-77ca-48c1-826b-1fe081b20871] Fail to connect server, after trying 8 times, last try server is {serverIp = '47.118.20.7', server main port = 8848}, error = unknown
20:34:31.126 [com.alibaba.nacos.client.remote.worker] INFO  c.a.n.c.r.client - [printIfInfoEnabled,63] - [c1c52a01-075d-4f34-881c-d1c5c1236c0b_config-0] Fail to connect server, after trying 7 times, last try server is {serverIp = '47.118.20.7', server main port = 8848}, error = unknown
20:34:31.797 [com.alibaba.nacos.client.remote.worker] INFO  c.a.n.c.r.c.g.GrpcClient - [createNewManagedChannel,182] - grpc client connection server:47.118.20.7 ip,serverPort:9848,grpcTslConfig:{"sslProvider":"OPENSSL","enableTls":false,"mutualAuthEnable":false,"trustAll":false}
20:34:31.940 [com.alibaba.nacos.client.remote.worker] INFO  c.a.n.c.r.c.g.GrpcClient - [createNewManagedChannel,182] - grpc client connection server:47.118.20.7 ip,serverPort:9848,grpcTslConfig:{"sslProvider":"OPENSSL","enableTls":false,"mutualAuthEnable":false,"trustAll":false}
20:34:34.812 [com.alibaba.nacos.client.remote.worker] INFO  c.a.n.c.r.client - [printIfInfoEnabled,63] - [cf159a21-77ca-48c1-826b-1fe081b20871] Fail to connect server, after trying 9 times, last try server is {serverIp = '47.118.20.7', server main port = 8848}, error = unknown
20:34:34.951 [com.alibaba.nacos.client.remote.worker] INFO  c.a.n.c.r.client - [printIfInfoEnabled,63] - [c1c52a01-075d-4f34-881c-d1c5c1236c0b_config-0] Fail to connect server, after trying 8 times, last try server is {serverIp = '47.118.20.7', server main port = 8848}, error = unknown
20:34:35.817 [com.alibaba.nacos.client.remote.worker] INFO  c.a.n.c.r.c.g.GrpcClient - [createNewManagedChannel,182] - grpc client connection server:47.118.20.7 ip,serverPort:9848,grpcTslConfig:{"sslProvider":"OPENSSL","enableTls":false,"mutualAuthEnable":false,"trustAll":false}
20:34:35.862 [com.alibaba.nacos.client.remote.worker] INFO  c.a.n.c.r.c.g.GrpcClient - [createNewManagedChannel,182] - grpc client connection server:47.118.20.7 ip,serverPort:9848,grpcTslConfig:{"sslProvider":"OPENSSL","enableTls":false,"mutualAuthEnable":false,"trustAll":false}
20:34:38.833 [com.alibaba.nacos.client.remote.worker] INFO  c.a.n.c.r.client - [printIfInfoEnabled,63] - [cf159a21-77ca-48c1-826b-1fe081b20871] Fail to connect server, after trying 10 times, last try server is {serverIp = '47.118.20.7', server main port = 8848}, error = unknown
20:34:38.881 [com.alibaba.nacos.client.remote.worker] INFO  c.a.n.c.r.client - [printIfInfoEnabled,63] - [c1c52a01-075d-4f34-881c-d1c5c1236c0b_config-0] Fail to connect server, after trying 9 times, last try server is {serverIp = '47.118.20.7', server main port = 8848}, error = unknown
20:34:39.886 [com.alibaba.nacos.client.remote.worker] INFO  c.a.n.c.r.c.g.GrpcClient - [createNewManagedChannel,182] - grpc client connection server:47.118.20.7 ip,serverPort:9848,grpcTslConfig:{"sslProvider":"OPENSSL","enableTls":false,"mutualAuthEnable":false,"trustAll":false}
20:34:39.934 [com.alibaba.nacos.client.remote.worker] INFO  c.a.n.c.r.c.g.GrpcClient - [createNewManagedChannel,182] - grpc client connection server:47.118.20.7 ip,serverPort:9848,grpcTslConfig:{"sslProvider":"OPENSSL","enableTls":false,"mutualAuthEnable":false,"trustAll":false}
20:34:42.897 [com.alibaba.nacos.client.remote.worker] INFO  c.a.n.c.r.client - [printIfInfoEnabled,63] - [c1c52a01-075d-4f34-881c-d1c5c1236c0b_config-0] Fail to connect server, after trying 10 times, last try server is {serverIp = '47.118.20.7', server main port = 8848}, error = unknown
20:34:42.944 [com.alibaba.nacos.client.remote.worker] INFO  c.a.n.c.r.client - [printIfInfoEnabled,63] - [cf159a21-77ca-48c1-826b-1fe081b20871] Fail to connect server, after trying 11 times, last try server is {serverIp = '47.118.20.7', server main port = 8848}, error = unknown
20:34:44.002 [com.alibaba.nacos.client.remote.worker] INFO  c.a.n.c.r.c.g.GrpcClient - [createNewManagedChannel,182] - grpc client connection server:47.118.20.7 ip,serverPort:9848,grpcTslConfig:{"sslProvider":"OPENSSL","enableTls":false,"mutualAuthEnable":false,"trustAll":false}
20:34:44.157 [com.alibaba.nacos.client.remote.worker] INFO  c.a.n.c.r.c.g.GrpcClient - [createNewManagedChannel,182] - grpc client connection server:47.118.20.7 ip,serverPort:9848,grpcTslConfig:{"sslProvider":"OPENSSL","enableTls":false,"mutualAuthEnable":false,"trustAll":false}
20:34:47.012 [com.alibaba.nacos.client.remote.worker] INFO  c.a.n.c.r.client - [printIfInfoEnabled,63] - [c1c52a01-075d-4f34-881c-d1c5c1236c0b_config-0] Fail to connect server, after trying 11 times, last try server is {serverIp = '47.118.20.7', server main port = 8848}, error = unknown
20:34:47.169 [com.alibaba.nacos.client.remote.worker] INFO  c.a.n.c.r.client - [printIfInfoEnabled,63] - [cf159a21-77ca-48c1-826b-1fe081b20871] Fail to connect server, after trying 12 times, last try server is {serverIp = '47.118.20.7', server main port = 8848}, error = unknown
20:34:48.218 [com.alibaba.nacos.client.remote.worker] INFO  c.a.n.c.r.c.g.GrpcClient - [createNewManagedChannel,182] - grpc client connection server:47.118.20.7 ip,serverPort:9848,grpcTslConfig:{"sslProvider":"OPENSSL","enableTls":false,"mutualAuthEnable":false,"trustAll":false}
20:34:48.482 [com.alibaba.nacos.client.remote.worker] INFO  c.a.n.c.r.c.g.GrpcClient - [createNewManagedChannel,182] - grpc client connection server:47.118.20.7 ip,serverPort:9848,grpcTslConfig:{"sslProvider":"OPENSSL","enableTls":false,"mutualAuthEnable":false,"trustAll":false}
20:34:51.232 [com.alibaba.nacos.client.remote.worker] INFO  c.a.n.c.r.client - [printIfInfoEnabled,63] - [c1c52a01-075d-4f34-881c-d1c5c1236c0b_config-0] Fail to connect server, after trying 12 times, last try server is {serverIp = '47.118.20.7', server main port = 8848}, error = unknown
20:34:51.499 [com.alibaba.nacos.client.remote.worker] INFO  c.a.n.c.r.client - [printIfInfoEnabled,63] - [cf159a21-77ca-48c1-826b-1fe081b20871] Fail to connect server, after trying 13 times, last try server is {serverIp = '47.118.20.7', server main port = 8848}, error = unknown
20:34:52.534 [com.alibaba.nacos.client.remote.worker] INFO  c.a.n.c.r.c.g.GrpcClient - [createNewManagedChannel,182] - grpc client connection server:47.118.20.7 ip,serverPort:9848,grpcTslConfig:{"sslProvider":"OPENSSL","enableTls":false,"mutualAuthEnable":false,"trustAll":false}
20:34:52.906 [com.alibaba.nacos.client.remote.worker] INFO  c.a.n.c.r.c.g.GrpcClient - [createNewManagedChannel,182] - grpc client connection server:47.118.20.7 ip,serverPort:9848,grpcTslConfig:{"sslProvider":"OPENSSL","enableTls":false,"mutualAuthEnable":false,"trustAll":false}
20:34:55.545 [com.alibaba.nacos.client.remote.worker] INFO  c.a.n.c.r.client - [printIfInfoEnabled,63] - [c1c52a01-075d-4f34-881c-d1c5c1236c0b_config-0] Fail to connect server, after trying 13 times, last try server is {serverIp = '47.118.20.7', server main port = 8848}, error = unknown
20:34:55.914 [com.alibaba.nacos.client.remote.worker] INFO  c.a.n.c.r.client - [printIfInfoEnabled,63] - [cf159a21-77ca-48c1-826b-1fe081b20871] Fail to connect server, after trying 14 times, last try server is {serverIp = '47.118.20.7', server main port = 8848}, error = unknown
20:34:56.951 [com.alibaba.nacos.client.remote.worker] INFO  c.a.n.c.r.c.g.GrpcClient - [createNewManagedChannel,182] - grpc client connection server:47.118.20.7 ip,serverPort:9848,grpcTslConfig:{"sslProvider":"OPENSSL","enableTls":false,"mutualAuthEnable":false,"trustAll":false}
20:34:57.416 [com.alibaba.nacos.client.remote.worker] INFO  c.a.n.c.r.c.g.GrpcClient - [createNewManagedChannel,182] - grpc client connection server:47.118.20.7 ip,serverPort:9848,grpcTslConfig:{"sslProvider":"OPENSSL","enableTls":false,"mutualAuthEnable":false,"trustAll":false}
20:34:59.961 [com.alibaba.nacos.client.remote.worker] INFO  c.a.n.c.r.client - [printIfInfoEnabled,63] - [c1c52a01-075d-4f34-881c-d1c5c1236c0b_config-0] Fail to connect server, after trying 14 times, last try server is {serverIp = '47.118.20.7', server main port = 8848}, error = unknown
20:35:00.076 [SpringApplicationShutdownHook] INFO  c.a.c.n.r.NacosServiceRegistry - [deregister,95] - De-registering from Nacos Server now...
20:35:00.077 [SpringApplicationShutdownHook] INFO  c.a.n.client.naming - [deregisterService,217] - [DEREGISTER-SERVICE] public deregistering service oj-gateway with instance: Instance{instanceId='null', ip='192.168.81.1', port=19090, weight=1.0, healthy=true, enabled=true, ephemeral=true, clusterName='DEFAULT', serviceName='null', metadata={}}
20:35:00.416 [SpringApplicationShutdownHook] INFO  c.a.c.n.r.NacosServiceRegistry - [deregister,115] - De-registration finished.
20:35:00.416 [SpringApplicationShutdownHook] INFO  c.a.n.client.naming - [shutdown,256] - com.alibaba.nacos.client.naming.cache.ServiceInfoHolder do shutdown begin
20:35:00.416 [SpringApplicationShutdownHook] INFO  c.a.n.client.naming - [shutdown,136] - com.alibaba.nacos.client.naming.backups.FailoverReactor do shutdown begin
20:35:00.417 [SpringApplicationShutdownHook] INFO  c.a.n.client.naming - [shutdown,138] - com.alibaba.nacos.client.naming.backups.FailoverReactor do shutdown stop
20:35:00.417 [SpringApplicationShutdownHook] INFO  c.a.n.client.naming - [shutdown,258] - com.alibaba.nacos.client.naming.cache.ServiceInfoHolder do shutdown stop
20:35:00.417 [SpringApplicationShutdownHook] INFO  c.a.n.client.naming - [shutdown,204] - com.alibaba.nacos.client.naming.remote.NamingClientProxyDelegate do shutdown begin
20:35:00.417 [SpringApplicationShutdownHook] INFO  c.a.n.client.naming - [shutdown,143] - com.alibaba.nacos.client.naming.core.ServiceInfoUpdateService do shutdown begin
20:35:00.417 [SpringApplicationShutdownHook] INFO  c.a.n.client.naming - [shutdown,145] - com.alibaba.nacos.client.naming.core.ServiceInfoUpdateService do shutdown stop
20:35:00.417 [SpringApplicationShutdownHook] INFO  c.a.n.client.naming - [shutdown,194] - com.alibaba.nacos.client.naming.core.ServerListManager do shutdown begin
20:35:00.418 [SpringApplicationShutdownHook] INFO  c.a.n.client.naming - [shutdown,199] - com.alibaba.nacos.client.naming.core.ServerListManager do shutdown stop
20:35:00.419 [SpringApplicationShutdownHook] INFO  c.a.n.client.naming - [shutdown,484] - com.alibaba.nacos.client.naming.remote.http.NamingHttpClientProxy do shutdown begin
20:35:00.419 [SpringApplicationShutdownHook] INFO  c.a.n.client.naming - [shutdown,486] - com.alibaba.nacos.client.naming.remote.http.NamingHttpClientProxy do shutdown stop
20:35:00.419 [SpringApplicationShutdownHook] INFO  c.a.n.c.r.client - [shutdown,429] - Shutdown rpc client, set status to shutdown
20:35:00.419 [SpringApplicationShutdownHook] INFO  c.a.n.c.r.client - [shutdown,431] - Shutdown client event executor java.util.concurrent.ScheduledThreadPoolExecutor@4ceff02c[Running, pool size = 2, active threads = 2, queued tasks = 0, completed tasks = 0]
20:35:00.419 [SpringApplicationShutdownHook] INFO  c.a.n.c.r.client - [closeConnection,584] - Close current connection 1772800344589_222.18.152.107_29296
20:35:00.419 [SpringApplicationShutdownHook] INFO  c.a.n.c.r.c.g.GrpcClient - [shutdown,159] - Shutdown grpc executor java.util.concurrent.ThreadPoolExecutor@71259e8d[Running, pool size = 6, active threads = 0, queued tasks = 0, completed tasks = 75]
20:35:00.419 [SpringApplicationShutdownHook] INFO  c.a.n.client.naming - [shutdown,318] - Shutdown grpc redo service executor java.util.concurrent.ScheduledThreadPoolExecutor@5ac9cb0a[Running, pool size = 1, active threads = 0, queued tasks = 1, completed tasks = 51]
20:35:00.419 [SpringApplicationShutdownHook] INFO  c.a.n.c.a.r.i.CredentialWatcher - [stop,106] - [null] CredentialWatcher is stopped
20:35:00.420 [SpringApplicationShutdownHook] INFO  c.a.n.c.a.r.i.CredentialService - [free,100] - [null] CredentialService is freed
20:35:00.420 [SpringApplicationShutdownHook] INFO  c.a.n.client.naming - [shutdown,211] - com.alibaba.nacos.client.naming.remote.NamingClientProxyDelegate do shutdown stop
20:35:00.421 [com.alibaba.nacos.client.remote.worker] INFO  c.a.n.c.r.client - [closeConnection,584] - Close current connection 1772800344589_222.18.152.107_29296
20:35:00.421 [com.alibaba.nacos.client.remote.worker] INFO  c.a.n.c.r.client - [printIfInfoEnabled,63] - [cf159a21-77ca-48c1-826b-1fe081b20871] Fail to connect server, after trying 15 times, last try server is {serverIp = '47.118.20.7', server main port = 8848}, error = unknown
20:35:01.467 [com.alibaba.nacos.client.remote.worker] INFO  c.a.n.c.r.c.g.GrpcClient - [createNewManagedChannel,182] - grpc client connection server:47.118.20.7 ip,serverPort:9848,grpcTslConfig:{"sslProvider":"OPENSSL","enableTls":false,"mutualAuthEnable":false,"trustAll":false}
20:35:02.026 [com.alibaba.nacos.client.remote.worker] INFO  c.a.n.c.r.client - [printIfInfoEnabled,63] - [cf159a21-77ca-48c1-826b-1fe081b20871] Client is shutdown, stop reconnect to server
21:13:47.156 [background-preinit] INFO  o.h.v.i.util.Version - [<clinit>,21] - HV000001: Hibernate Validator 8.0.0.Final
21:13:47.369 [main] INFO  c.a.n.c.u.ParamUtil - [<clinit>,87] - [settings] [req-serv] nacos-server port:8848
21:13:47.369 [main] INFO  c.a.n.c.u.ParamUtil - [<clinit>,98] - [settings] [http-client] connect timeout:1000
21:13:47.369 [main] INFO  c.a.n.c.u.ParamUtil - [<clinit>,105] - PER_TASK_CONFIG_SIZE: 3000.0
21:13:47.386 [main] INFO  c.a.n.p.a.s.c.ClientAuthPluginManager - [init,56] - [ClientAuthPluginManager] Load ClientAuthService com.alibaba.nacos.client.auth.impl.NacosClientAuthServiceImpl success.
21:13:47.387 [main] INFO  c.a.n.p.a.s.c.ClientAuthPluginManager - [init,56] - [ClientAuthPluginManager] Load ClientAuthService com.alibaba.nacos.client.auth.ram.RamClientAuthServiceImpl success.
21:13:47.388 [main] INFO  c.a.n.c.a.r.i.CredentialWatcher - [loadCredential,165] - null No credential found
21:13:47.645 [main] INFO  c.a.n.c.c.i.LocalConfigInfoProcessor - [<clinit>,63] - LOCAL_SNAPSHOT_PATH:C:\Users\22129\nacos\config
21:13:47.648 [main] INFO  c.a.n.c.r.client - [lambda$createClient$0,108] - [RpcClientFactory] create a new rpc client of 2452b2f6-68d5-4ba1-b778-039a5c190a10_config-0
21:13:47.658 [main] INFO  c.a.n.c.r.client - [printIfInfoEnabled,63] - [2452b2f6-68d5-4ba1-b778-039a5c190a10_config-0] Register server push request handler:com.alibaba.nacos.client.config.impl.ClientWorker$ConfigRpcTransportClient$$Lambda$574/0x0000018f89369258
21:13:47.658 [main] INFO  c.a.n.c.r.client - [printIfInfoEnabled,63] - [2452b2f6-68d5-4ba1-b778-039a5c190a10_config-0] Register server push request handler:com.alibaba.nacos.client.config.impl.ClientWorker$ConfigRpcTransportClient$$Lambda$575/0x0000018f89369678
21:13:47.659 [main] INFO  c.a.n.c.r.client - [printIfInfoEnabled,63] - [2452b2f6-68d5-4ba1-b778-039a5c190a10_config-0] Registry connection listener to current client:com.alibaba.nacos.client.config.impl.ClientWorker$ConfigRpcTransportClient$1
21:13:47.659 [main] INFO  c.a.n.c.r.client - [printIfInfoEnabled,63] - [2452b2f6-68d5-4ba1-b778-039a5c190a10_config-0] RpcClient init, ServerListFactory = com.alibaba.nacos.client.config.impl.ClientWorker$ConfigRpcTransportClient$2
21:13:47.665 [main] INFO  c.a.n.c.r.client - [printIfInfoEnabled,63] - [2452b2f6-68d5-4ba1-b778-039a5c190a10_config-0] Try to connect to server on start up, server: {serverIp = '47.118.20.7', server main port = 8848}
21:13:47.688 [main] INFO  c.a.n.c.r.c.g.GrpcClient - [createNewManagedChannel,182] - grpc client connection server:47.118.20.7 ip,serverPort:9848,grpcTslConfig:{"sslProvider":"OPENSSL","enableTls":false,"mutualAuthEnable":false,"trustAll":false}
21:13:51.102 [main] INFO  c.a.n.c.r.client - [printIfInfoEnabled,63] - [2452b2f6-68d5-4ba1-b778-039a5c190a10_config-0] Try to connect to server on start up, server: {serverIp = '47.118.20.7', server main port = 8848}
21:13:51.102 [main] INFO  c.a.n.c.r.c.g.GrpcClient - [createNewManagedChannel,182] - grpc client connection server:47.118.20.7 ip,serverPort:9848,grpcTslConfig:{"sslProvider":"OPENSSL","enableTls":false,"mutualAuthEnable":false,"trustAll":false}
21:13:54.117 [main] INFO  c.a.n.c.r.client - [printIfInfoEnabled,63] - [2452b2f6-68d5-4ba1-b778-039a5c190a10_config-0] Try to connect to server on start up, server: {serverIp = '47.118.20.7', server main port = 8848}
21:13:54.118 [main] INFO  c.a.n.c.r.c.g.GrpcClient - [createNewManagedChannel,182] - grpc client connection server:47.118.20.7 ip,serverPort:9848,grpcTslConfig:{"sslProvider":"OPENSSL","enableTls":false,"mutualAuthEnable":false,"trustAll":false}
21:13:57.123 [com.alibaba.nacos.client.remote.worker] INFO  c.a.n.c.r.client - [printIfInfoEnabled,63] - [2452b2f6-68d5-4ba1-b778-039a5c190a10_config-0] Try to reconnect to a new server, server is  not appointed, will choose a random server.
21:13:57.124 [com.alibaba.nacos.client.remote.worker] INFO  c.a.n.c.r.c.g.GrpcClient - [createNewManagedChannel,182] - grpc client connection server:47.118.20.7 ip,serverPort:9848,grpcTslConfig:{"sslProvider":"OPENSSL","enableTls":false,"mutualAuthEnable":false,"trustAll":false}
21:13:57.124 [main] INFO  c.a.n.c.r.client - [printIfInfoEnabled,63] - [2452b2f6-68d5-4ba1-b778-039a5c190a10_config-0] Register server push request handler:com.alibaba.nacos.common.remote.client.RpcClient$ConnectResetRequestHandler
21:13:57.125 [main] INFO  c.a.n.c.r.client - [printIfInfoEnabled,63] - [2452b2f6-68d5-4ba1-b778-039a5c190a10_config-0] Register server push request handler:com.alibaba.nacos.common.remote.client.RpcClient$$Lambda$595/0x0000018f894a1360
21:13:57.153 [main] INFO  c.a.n.c.c.i.Limiter - [<clinit>,62] - limitTime:5.0
21:13:58.137 [main] INFO  c.a.n.c.c.u.JvmUtil - [<clinit>,54] - isMultiInstance:false
21:13:58.150 [main] INFO  o.s.c.b.c.PropertySourceBootstrapConfiguration - [initialize,108] - Located property source: [BootstrapPropertySource {name='bootstrapProperties-oj-gateway-local.yaml,DEFAULT_GROUP'}, BootstrapPropertySource {name='bootstrapProperties-oj-gateway.yaml,DEFAULT_GROUP'}, BootstrapPropertySource {name='bootstrapProperties-oj-gateway,DEFAULT_GROUP'}]
21:13:58.155 [main] INFO  c.e.g.OjGatewayApplication - [logStartupProfileInfo,636] - The following 1 profile is active: "local"
21:13:58.436 [main] INFO  o.s.d.r.c.RepositoryConfigurationDelegate - [multipleStoresDetected,294] - Multiple Spring Data modules found, entering strict repository configuration mode
21:13:58.438 [main] INFO  o.s.d.r.c.RepositoryConfigurationDelegate - [registerRepositoriesIn,138] - Bootstrapping Spring Data Redis repositories in DEFAULT mode.
21:13:58.452 [main] INFO  o.s.d.r.c.RepositoryConfigurationDelegate - [registerRepositoriesIn,208] - Finished Spring Data repository scanning in 4 ms. Found 0 Redis repository interfaces.
21:13:58.560 [main] INFO  o.s.c.c.s.GenericScope - [setSerializationId,282] - BeanFactory id=faf3b50e-6d39-3e08-a3c7-2e01ff11b6da
21:13:58.634 [main] INFO  o.s.c.s.PostProcessorRegistrationDelegate$BeanPostProcessorChecker - [postProcessAfterInitialization,409] - Bean 'org.springframework.cloud.client.loadbalancer.reactive.LoadBalancerBeanPostProcessorAutoConfiguration' of type [org.springframework.cloud.client.loadbalancer.reactive.LoadBalancerBeanPostProcessorAutoConfiguration] is not eligible for getting processed by all BeanPostProcessors (for example: not eligible for auto-proxying)
21:13:58.634 [main] INFO  o.s.c.s.PostProcessorRegistrationDelegate$BeanPostProcessorChecker - [postProcessAfterInitialization,409] - Bean 'org.springframework.cloud.client.loadbalancer.reactive.LoadBalancerBeanPostProcessorAutoConfiguration$ReactorDeferringLoadBalancerFilterConfig' of type [org.springframework.cloud.client.loadbalancer.reactive.LoadBalancerBeanPostProcessorAutoConfiguration$ReactorDeferringLoadBalancerFilterConfig] is not eligible for getting processed by all BeanPostProcessors (for example: not eligible for auto-proxying)
21:13:58.635 [main] INFO  o.s.c.s.PostProcessorRegistrationDelegate$BeanPostProcessorChecker - [postProcessAfterInitialization,409] - Bean 'reactorDeferringLoadBalancerExchangeFilterFunction' of type [org.springframework.cloud.client.loadbalancer.reactive.DeferringLoadBalancerExchangeFilterFunction] is not eligible for getting processed by all BeanPostProcessors (for example: not eligible for auto-proxying)
21:13:59.751 [main] INFO  o.s.c.g.r.RouteDefinitionRouteLocator - [lambda$initFactories$1,88] - Loaded RoutePredicateFactory [After]
21:13:59.751 [main] INFO  o.s.c.g.r.RouteDefinitionRouteLocator - [lambda$initFactories$1,88] - Loaded RoutePredicateFactory [Before]
21:13:59.752 [main] INFO  o.s.c.g.r.RouteDefinitionRouteLocator - [lambda$initFactories$1,88] - Loaded RoutePredicateFactory [Between]
21:13:59.752 [main] INFO  o.s.c.g.r.RouteDefinitionRouteLocator - [lambda$initFactories$1,88] - Loaded RoutePredicateFactory [Cookie]
21:13:59.752 [main] INFO  o.s.c.g.r.RouteDefinitionRouteLocator - [lambda$initFactories$1,88] - Loaded RoutePredicateFactory [Header]
21:13:59.752 [main] INFO  o.s.c.g.r.RouteDefinitionRouteLocator - [lambda$initFactories$1,88] - Loaded RoutePredicateFactory [Host]
21:13:59.752 [main] INFO  o.s.c.g.r.RouteDefinitionRouteLocator - [lambda$initFactories$1,88] - Loaded RoutePredicateFactory [Method]
21:13:59.752 [main] INFO  o.s.c.g.r.RouteDefinitionRouteLocator - [lambda$initFactories$1,88] - Loaded RoutePredicateFactory [Path]
21:13:59.752 [main] INFO  o.s.c.g.r.RouteDefinitionRouteLocator - [lambda$initFactories$1,88] - Loaded RoutePredicateFactory [Query]
21:13:59.752 [main] INFO  o.s.c.g.r.RouteDefinitionRouteLocator - [lambda$initFactories$1,88] - Loaded RoutePredicateFactory [ReadBody]
21:13:59.752 [main] INFO  o.s.c.g.r.RouteDefinitionRouteLocator - [lambda$initFactories$1,88] - Loaded RoutePredicateFactory [RemoteAddr]
21:13:59.753 [main] INFO  o.s.c.g.r.RouteDefinitionRouteLocator - [lambda$initFactories$1,88] - Loaded RoutePredicateFactory [XForwardedRemoteAddr]
21:13:59.753 [main] INFO  o.s.c.g.r.RouteDefinitionRouteLocator - [lambda$initFactories$1,88] - Loaded RoutePredicateFactory [Weight]
21:13:59.753 [main] INFO  o.s.c.g.r.RouteDefinitionRouteLocator - [lambda$initFactories$1,88] - Loaded RoutePredicateFactory [CloudFoundryRouteService]
21:14:00.080 [main] INFO  o.s.b.a.l.ConditionEvaluationReportLogger - [logMessage,82] - 

Error starting ApplicationContext. To display the condition evaluation report re-run your application with 'debug' enabled.
21:14:00.249 [com.alibaba.nacos.client.remote.worker] INFO  c.a.n.c.r.c.g.GrpcClient - [createNewManagedChannel,182] - grpc client connection server:47.118.20.7 ip,serverPort:9848,grpcTslConfig:{"sslProvider":"OPENSSL","enableTls":false,"mutualAuthEnable":false,"trustAll":false}
21:15:23.951 [background-preinit] INFO  o.h.v.i.util.Version - [<clinit>,21] - HV000001: Hibernate Validator 8.0.0.Final
21:15:24.153 [main] INFO  c.a.n.c.u.ParamUtil - [<clinit>,87] - [settings] [req-serv] nacos-server port:8848
21:15:24.153 [main] INFO  c.a.n.c.u.ParamUtil - [<clinit>,98] - [settings] [http-client] connect timeout:1000
21:15:24.154 [main] INFO  c.a.n.c.u.ParamUtil - [<clinit>,105] - PER_TASK_CONFIG_SIZE: 3000.0
21:15:24.170 [main] INFO  c.a.n.p.a.s.c.ClientAuthPluginManager - [init,56] - [ClientAuthPluginManager] Load ClientAuthService com.alibaba.nacos.client.auth.impl.NacosClientAuthServiceImpl success.
21:15:24.170 [main] INFO  c.a.n.p.a.s.c.ClientAuthPluginManager - [init,56] - [ClientAuthPluginManager] Load ClientAuthService com.alibaba.nacos.client.auth.ram.RamClientAuthServiceImpl success.
21:15:24.172 [main] INFO  c.a.n.c.a.r.i.CredentialWatcher - [loadCredential,165] - null No credential found
21:15:24.469 [main] INFO  c.a.n.c.c.i.LocalConfigInfoProcessor - [<clinit>,63] - LOCAL_SNAPSHOT_PATH:C:\Users\22129\nacos\config
21:15:24.472 [main] INFO  c.a.n.c.r.client - [lambda$createClient$0,108] - [RpcClientFactory] create a new rpc client of afcb36e8-ab81-47da-a17c-009d5c492d8a_config-0
21:15:24.484 [main] INFO  c.a.n.c.r.client - [printIfInfoEnabled,63] - [afcb36e8-ab81-47da-a17c-009d5c492d8a_config-0] Register server push request handler:com.alibaba.nacos.client.config.impl.ClientWorker$ConfigRpcTransportClient$$Lambda$574/0x0000029617369060
21:15:24.484 [main] INFO  c.a.n.c.r.client - [printIfInfoEnabled,63] - [afcb36e8-ab81-47da-a17c-009d5c492d8a_config-0] Register server push request handler:com.alibaba.nacos.client.config.impl.ClientWorker$ConfigRpcTransportClient$$Lambda$575/0x0000029617369480
21:15:24.484 [main] INFO  c.a.n.c.r.client - [printIfInfoEnabled,63] - [afcb36e8-ab81-47da-a17c-009d5c492d8a_config-0] Registry connection listener to current client:com.alibaba.nacos.client.config.impl.ClientWorker$ConfigRpcTransportClient$1
21:15:24.485 [main] INFO  c.a.n.c.r.client - [printIfInfoEnabled,63] - [afcb36e8-ab81-47da-a17c-009d5c492d8a_config-0] RpcClient init, ServerListFactory = com.alibaba.nacos.client.config.impl.ClientWorker$ConfigRpcTransportClient$2
21:15:24.490 [main] INFO  c.a.n.c.r.client - [printIfInfoEnabled,63] - [afcb36e8-ab81-47da-a17c-009d5c492d8a_config-0] Try to connect to server on start up, server: {serverIp = '47.118.20.7', server main port = 8848}
21:15:24.517 [main] INFO  c.a.n.c.r.c.g.GrpcClient - [createNewManagedChannel,182] - grpc client connection server:47.118.20.7 ip,serverPort:9848,grpcTslConfig:{"sslProvider":"OPENSSL","enableTls":false,"mutualAuthEnable":false,"trustAll":false}
21:15:25.433 [main] INFO  c.a.n.c.r.client - [printIfInfoEnabled,63] - [afcb36e8-ab81-47da-a17c-009d5c492d8a_config-0] Success to connect to server [47.118.20.7:8848] on start up, connectionId = 1772802924642_182.150.122.45_2254
21:15:25.434 [com.alibaba.nacos.client.remote.worker] INFO  c.a.n.c.r.client - [printIfInfoEnabled,63] - [afcb36e8-ab81-47da-a17c-009d5c492d8a_config-0] Notify connected event to listeners.
21:15:25.434 [main] INFO  c.a.n.c.r.client - [printIfInfoEnabled,63] - [afcb36e8-ab81-47da-a17c-009d5c492d8a_config-0] Register server push request handler:com.alibaba.nacos.common.remote.client.RpcClient$ConnectResetRequestHandler
21:15:25.434 [com.alibaba.nacos.client.remote.worker] INFO  c.a.n.c.c.i.ClientWorker - [onConnected,639] - [afcb36e8-ab81-47da-a17c-009d5c492d8a_config-0] Connected,notify listen context...
21:15:25.434 [main] INFO  c.a.n.c.r.client - [printIfInfoEnabled,63] - [afcb36e8-ab81-47da-a17c-009d5c492d8a_config-0] Register server push request handler:com.alibaba.nacos.common.remote.client.RpcClient$$Lambda$596/0x00000296174d0000
21:15:25.453 [main] INFO  c.a.n.c.c.i.Limiter - [<clinit>,62] - limitTime:5.0
21:15:25.905 [main] INFO  c.a.n.c.c.u.JvmUtil - [<clinit>,54] - isMultiInstance:false
21:15:25.912 [main] INFO  o.s.c.b.c.PropertySourceBootstrapConfiguration - [initialize,108] - Located property source: [BootstrapPropertySource {name='bootstrapProperties-oj-gateway-local.yaml,DEFAULT_GROUP'}, BootstrapPropertySource {name='bootstrapProperties-oj-gateway.yaml,DEFAULT_GROUP'}, BootstrapPropertySource {name='bootstrapProperties-oj-gateway,DEFAULT_GROUP'}]
21:15:25.916 [main] INFO  c.e.g.OjGatewayApplication - [logStartupProfileInfo,636] - The following 1 profile is active: "local"
21:15:26.241 [main] INFO  o.s.d.r.c.RepositoryConfigurationDelegate - [multipleStoresDetected,294] - Multiple Spring Data modules found, entering strict repository configuration mode
21:15:26.243 [main] INFO  o.s.d.r.c.RepositoryConfigurationDelegate - [registerRepositoriesIn,138] - Bootstrapping Spring Data Redis repositories in DEFAULT mode.
21:15:26.256 [main] INFO  o.s.d.r.c.RepositoryConfigurationDelegate - [registerRepositoriesIn,208] - Finished Spring Data repository scanning in 5 ms. Found 0 Redis repository interfaces.
21:15:26.372 [main] INFO  o.s.c.c.s.GenericScope - [setSerializationId,282] - BeanFactory id=faf3b50e-6d39-3e08-a3c7-2e01ff11b6da
21:15:26.449 [main] INFO  o.s.c.s.PostProcessorRegistrationDelegate$BeanPostProcessorChecker - [postProcessAfterInitialization,409] - Bean 'org.springframework.cloud.client.loadbalancer.reactive.LoadBalancerBeanPostProcessorAutoConfiguration' of type [org.springframework.cloud.client.loadbalancer.reactive.LoadBalancerBeanPostProcessorAutoConfiguration] is not eligible for getting processed by all BeanPostProcessors (for example: not eligible for auto-proxying)
21:15:26.450 [main] INFO  o.s.c.s.PostProcessorRegistrationDelegate$BeanPostProcessorChecker - [postProcessAfterInitialization,409] - Bean 'org.springframework.cloud.client.loadbalancer.reactive.LoadBalancerBeanPostProcessorAutoConfiguration$ReactorDeferringLoadBalancerFilterConfig' of type [org.springframework.cloud.client.loadbalancer.reactive.LoadBalancerBeanPostProcessorAutoConfiguration$ReactorDeferringLoadBalancerFilterConfig] is not eligible for getting processed by all BeanPostProcessors (for example: not eligible for auto-proxying)
21:15:26.451 [main] INFO  o.s.c.s.PostProcessorRegistrationDelegate$BeanPostProcessorChecker - [postProcessAfterInitialization,409] - Bean 'reactorDeferringLoadBalancerExchangeFilterFunction' of type [org.springframework.cloud.client.loadbalancer.reactive.DeferringLoadBalancerExchangeFilterFunction] is not eligible for getting processed by all BeanPostProcessors (for example: not eligible for auto-proxying)
21:15:27.691 [main] INFO  o.s.c.g.r.RouteDefinitionRouteLocator - [lambda$initFactories$1,88] - Loaded RoutePredicateFactory [After]
21:15:27.692 [main] INFO  o.s.c.g.r.RouteDefinitionRouteLocator - [lambda$initFactories$1,88] - Loaded RoutePredicateFactory [Before]
21:15:27.692 [main] INFO  o.s.c.g.r.RouteDefinitionRouteLocator - [lambda$initFactories$1,88] - Loaded RoutePredicateFactory [Between]
21:15:27.692 [main] INFO  o.s.c.g.r.RouteDefinitionRouteLocator - [lambda$initFactories$1,88] - Loaded RoutePredicateFactory [Cookie]
21:15:27.692 [main] INFO  o.s.c.g.r.RouteDefinitionRouteLocator - [lambda$initFactories$1,88] - Loaded RoutePredicateFactory [Header]
21:15:27.692 [main] INFO  o.s.c.g.r.RouteDefinitionRouteLocator - [lambda$initFactories$1,88] - Loaded RoutePredicateFactory [Host]
21:15:27.692 [main] INFO  o.s.c.g.r.RouteDefinitionRouteLocator - [lambda$initFactories$1,88] - Loaded RoutePredicateFactory [Method]
21:15:27.692 [main] INFO  o.s.c.g.r.RouteDefinitionRouteLocator - [lambda$initFactories$1,88] - Loaded RoutePredicateFactory [Path]
21:15:27.693 [main] INFO  o.s.c.g.r.RouteDefinitionRouteLocator - [lambda$initFactories$1,88] - Loaded RoutePredicateFactory [Query]
21:15:27.693 [main] INFO  o.s.c.g.r.RouteDefinitionRouteLocator - [lambda$initFactories$1,88] - Loaded RoutePredicateFactory [ReadBody]
21:15:27.693 [main] INFO  o.s.c.g.r.RouteDefinitionRouteLocator - [lambda$initFactories$1,88] - Loaded RoutePredicateFactory [RemoteAddr]
21:15:27.693 [main] INFO  o.s.c.g.r.RouteDefinitionRouteLocator - [lambda$initFactories$1,88] - Loaded RoutePredicateFactory [XForwardedRemoteAddr]
21:15:27.693 [main] INFO  o.s.c.g.r.RouteDefinitionRouteLocator - [lambda$initFactories$1,88] - Loaded RoutePredicateFactory [Weight]
21:15:27.693 [main] INFO  o.s.c.g.r.RouteDefinitionRouteLocator - [lambda$initFactories$1,88] - Loaded RoutePredicateFactory [CloudFoundryRouteService]
21:15:28.004 [main] INFO  o.s.b.a.l.ConditionEvaluationReportLogger - [logMessage,82] - 

Error starting ApplicationContext. To display the condition evaluation report re-run your application with 'debug' enabled.
21:16:08.729 [background-preinit] INFO  o.h.v.i.util.Version - [<clinit>,21] - HV000001: Hibernate Validator 8.0.0.Final
21:16:08.915 [main] INFO  c.a.n.c.u.ParamUtil - [<clinit>,87] - [settings] [req-serv] nacos-server port:8848
21:16:08.915 [main] INFO  c.a.n.c.u.ParamUtil - [<clinit>,98] - [settings] [http-client] connect timeout:1000
21:16:08.916 [main] INFO  c.a.n.c.u.ParamUtil - [<clinit>,105] - PER_TASK_CONFIG_SIZE: 3000.0
21:16:08.933 [main] INFO  c.a.n.p.a.s.c.ClientAuthPluginManager - [init,56] - [ClientAuthPluginManager] Load ClientAuthService com.alibaba.nacos.client.auth.impl.NacosClientAuthServiceImpl success.
21:16:08.933 [main] INFO  c.a.n.p.a.s.c.ClientAuthPluginManager - [init,56] - [ClientAuthPluginManager] Load ClientAuthService com.alibaba.nacos.client.auth.ram.RamClientAuthServiceImpl success.
21:16:08.935 [main] INFO  c.a.n.c.a.r.i.CredentialWatcher - [loadCredential,165] - null No credential found
21:16:09.185 [main] INFO  c.a.n.c.c.i.LocalConfigInfoProcessor - [<clinit>,63] - LOCAL_SNAPSHOT_PATH:C:\Users\22129\nacos\config
21:16:09.189 [main] INFO  c.a.n.c.r.client - [lambda$createClient$0,108] - [RpcClientFactory] create a new rpc client of 3aa1f0ae-90a7-4675-a5a3-cd6a111b9db6_config-0
21:16:09.199 [main] INFO  c.a.n.c.r.client - [printIfInfoEnabled,63] - [3aa1f0ae-90a7-4675-a5a3-cd6a111b9db6_config-0] Register server push request handler:com.alibaba.nacos.client.config.impl.ClientWorker$ConfigRpcTransportClient$$Lambda$574/0x0000024681369c90
21:16:09.200 [main] INFO  c.a.n.c.r.client - [printIfInfoEnabled,63] - [3aa1f0ae-90a7-4675-a5a3-cd6a111b9db6_config-0] Register server push request handler:com.alibaba.nacos.client.config.impl.ClientWorker$ConfigRpcTransportClient$$Lambda$575/0x000002468136a0b0
21:16:09.200 [main] INFO  c.a.n.c.r.client - [printIfInfoEnabled,63] - [3aa1f0ae-90a7-4675-a5a3-cd6a111b9db6_config-0] Registry connection listener to current client:com.alibaba.nacos.client.config.impl.ClientWorker$ConfigRpcTransportClient$1
21:16:09.201 [main] INFO  c.a.n.c.r.client - [printIfInfoEnabled,63] - [3aa1f0ae-90a7-4675-a5a3-cd6a111b9db6_config-0] RpcClient init, ServerListFactory = com.alibaba.nacos.client.config.impl.ClientWorker$ConfigRpcTransportClient$2
21:16:09.204 [main] INFO  c.a.n.c.r.client - [printIfInfoEnabled,63] - [3aa1f0ae-90a7-4675-a5a3-cd6a111b9db6_config-0] Try to connect to server on start up, server: {serverIp = '47.118.20.7', server main port = 8848}
21:16:09.225 [main] INFO  c.a.n.c.r.c.g.GrpcClient - [createNewManagedChannel,182] - grpc client connection server:47.118.20.7 ip,serverPort:9848,grpcTslConfig:{"sslProvider":"OPENSSL","enableTls":false,"mutualAuthEnable":false,"trustAll":false}
21:16:10.087 [main] INFO  c.a.n.c.r.client - [printIfInfoEnabled,63] - [3aa1f0ae-90a7-4675-a5a3-cd6a111b9db6_config-0] Success to connect to server [47.118.20.7:8848] on start up, connectionId = 1772802969290_182.150.122.45_2257
21:16:10.087 [com.alibaba.nacos.client.remote.worker] INFO  c.a.n.c.r.client - [printIfInfoEnabled,63] - [3aa1f0ae-90a7-4675-a5a3-cd6a111b9db6_config-0] Notify connected event to listeners.
21:16:10.088 [com.alibaba.nacos.client.remote.worker] INFO  c.a.n.c.c.i.ClientWorker - [onConnected,639] - [3aa1f0ae-90a7-4675-a5a3-cd6a111b9db6_config-0] Connected,notify listen context...
21:16:10.088 [main] INFO  c.a.n.c.r.client - [printIfInfoEnabled,63] - [3aa1f0ae-90a7-4675-a5a3-cd6a111b9db6_config-0] Register server push request handler:com.alibaba.nacos.common.remote.client.RpcClient$ConnectResetRequestHandler
21:16:10.090 [main] INFO  c.a.n.c.r.client - [printIfInfoEnabled,63] - [3aa1f0ae-90a7-4675-a5a3-cd6a111b9db6_config-0] Register server push request handler:com.alibaba.nacos.common.remote.client.RpcClient$$Lambda$596/0x00000246814d0668
21:16:10.114 [main] INFO  c.a.n.c.c.i.Limiter - [<clinit>,62] - limitTime:5.0
21:16:10.275 [main] INFO  c.a.n.c.c.u.JvmUtil - [<clinit>,54] - isMultiInstance:false
21:16:10.289 [main] INFO  o.s.c.b.c.PropertySourceBootstrapConfiguration - [initialize,108] - Located property source: [BootstrapPropertySource {name='bootstrapProperties-oj-gateway-local.yaml,DEFAULT_GROUP'}, BootstrapPropertySource {name='bootstrapProperties-oj-gateway.yaml,DEFAULT_GROUP'}, BootstrapPropertySource {name='bootstrapProperties-oj-gateway,DEFAULT_GROUP'}]
21:16:10.300 [main] INFO  c.e.g.OjGatewayApplication - [logStartupProfileInfo,636] - The following 1 profile is active: "local"
21:16:10.652 [main] INFO  o.s.d.r.c.RepositoryConfigurationDelegate - [multipleStoresDetected,294] - Multiple Spring Data modules found, entering strict repository configuration mode
21:16:10.654 [main] INFO  o.s.d.r.c.RepositoryConfigurationDelegate - [registerRepositoriesIn,138] - Bootstrapping Spring Data Redis repositories in DEFAULT mode.
21:16:10.666 [main] INFO  o.s.d.r.c.RepositoryConfigurationDelegate - [registerRepositoriesIn,208] - Finished Spring Data repository scanning in 4 ms. Found 0 Redis repository interfaces.
21:16:10.773 [main] INFO  o.s.c.c.s.GenericScope - [setSerializationId,282] - BeanFactory id=faf3b50e-6d39-3e08-a3c7-2e01ff11b6da
21:16:10.875 [main] INFO  o.s.c.s.PostProcessorRegistrationDelegate$BeanPostProcessorChecker - [postProcessAfterInitialization,409] - Bean 'org.springframework.cloud.client.loadbalancer.reactive.LoadBalancerBeanPostProcessorAutoConfiguration' of type [org.springframework.cloud.client.loadbalancer.reactive.LoadBalancerBeanPostProcessorAutoConfiguration] is not eligible for getting processed by all BeanPostProcessors (for example: not eligible for auto-proxying)
21:16:10.876 [main] INFO  o.s.c.s.PostProcessorRegistrationDelegate$BeanPostProcessorChecker - [postProcessAfterInitialization,409] - Bean 'org.springframework.cloud.client.loadbalancer.reactive.LoadBalancerBeanPostProcessorAutoConfiguration$ReactorDeferringLoadBalancerFilterConfig' of type [org.springframework.cloud.client.loadbalancer.reactive.LoadBalancerBeanPostProcessorAutoConfiguration$ReactorDeferringLoadBalancerFilterConfig] is not eligible for getting processed by all BeanPostProcessors (for example: not eligible for auto-proxying)
21:16:10.877 [main] INFO  o.s.c.s.PostProcessorRegistrationDelegate$BeanPostProcessorChecker - [postProcessAfterInitialization,409] - Bean 'reactorDeferringLoadBalancerExchangeFilterFunction' of type [org.springframework.cloud.client.loadbalancer.reactive.DeferringLoadBalancerExchangeFilterFunction] is not eligible for getting processed by all BeanPostProcessors (for example: not eligible for auto-proxying)
21:16:12.003 [main] INFO  o.s.c.g.r.RouteDefinitionRouteLocator - [lambda$initFactories$1,88] - Loaded RoutePredicateFactory [After]
21:16:12.003 [main] INFO  o.s.c.g.r.RouteDefinitionRouteLocator - [lambda$initFactories$1,88] - Loaded RoutePredicateFactory [Before]
21:16:12.003 [main] INFO  o.s.c.g.r.RouteDefinitionRouteLocator - [lambda$initFactories$1,88] - Loaded RoutePredicateFactory [Between]
21:16:12.003 [main] INFO  o.s.c.g.r.RouteDefinitionRouteLocator - [lambda$initFactories$1,88] - Loaded RoutePredicateFactory [Cookie]
21:16:12.003 [main] INFO  o.s.c.g.r.RouteDefinitionRouteLocator - [lambda$initFactories$1,88] - Loaded RoutePredicateFactory [Header]
21:16:12.003 [main] INFO  o.s.c.g.r.RouteDefinitionRouteLocator - [lambda$initFactories$1,88] - Loaded RoutePredicateFactory [Host]
21:16:12.003 [main] INFO  o.s.c.g.r.RouteDefinitionRouteLocator - [lambda$initFactories$1,88] - Loaded RoutePredicateFactory [Method]
21:16:12.003 [main] INFO  o.s.c.g.r.RouteDefinitionRouteLocator - [lambda$initFactories$1,88] - Loaded RoutePredicateFactory [Path]
21:16:12.003 [main] INFO  o.s.c.g.r.RouteDefinitionRouteLocator - [lambda$initFactories$1,88] - Loaded RoutePredicateFactory [Query]
21:16:12.003 [main] INFO  o.s.c.g.r.RouteDefinitionRouteLocator - [lambda$initFactories$1,88] - Loaded RoutePredicateFactory [ReadBody]
21:16:12.003 [main] INFO  o.s.c.g.r.RouteDefinitionRouteLocator - [lambda$initFactories$1,88] - Loaded RoutePredicateFactory [RemoteAddr]
21:16:12.004 [main] INFO  o.s.c.g.r.RouteDefinitionRouteLocator - [lambda$initFactories$1,88] - Loaded RoutePredicateFactory [XForwardedRemoteAddr]
21:16:12.004 [main] INFO  o.s.c.g.r.RouteDefinitionRouteLocator - [lambda$initFactories$1,88] - Loaded RoutePredicateFactory [Weight]
21:16:12.005 [main] INFO  o.s.c.g.r.RouteDefinitionRouteLocator - [lambda$initFactories$1,88] - Loaded RoutePredicateFactory [CloudFoundryRouteService]
21:16:12.288 [main] INFO  o.s.b.a.l.ConditionEvaluationReportLogger - [logMessage,82] - 

Error starting ApplicationContext. To display the condition evaluation report re-run your application with 'debug' enabled.
21:28:32.125 [background-preinit] INFO  o.h.v.i.util.Version - [<clinit>,21] - HV000001: Hibernate Validator 8.0.0.Final
21:28:32.297 [main] INFO  c.a.n.c.u.ParamUtil - [<clinit>,87] - [settings] [req-serv] nacos-server port:8848
21:28:32.297 [main] INFO  c.a.n.c.u.ParamUtil - [<clinit>,98] - [settings] [http-client] connect timeout:1000
21:28:32.298 [main] INFO  c.a.n.c.u.ParamUtil - [<clinit>,105] - PER_TASK_CONFIG_SIZE: 3000.0
21:28:32.315 [main] INFO  c.a.n.p.a.s.c.ClientAuthPluginManager - [init,56] - [ClientAuthPluginManager] Load ClientAuthService com.alibaba.nacos.client.auth.impl.NacosClientAuthServiceImpl success.
21:28:32.316 [main] INFO  c.a.n.p.a.s.c.ClientAuthPluginManager - [init,56] - [ClientAuthPluginManager] Load ClientAuthService com.alibaba.nacos.client.auth.ram.RamClientAuthServiceImpl success.
21:28:32.318 [main] INFO  c.a.n.c.a.r.i.CredentialWatcher - [loadCredential,165] - null No credential found
21:28:32.573 [main] INFO  c.a.n.c.c.i.LocalConfigInfoProcessor - [<clinit>,63] - LOCAL_SNAPSHOT_PATH:C:\Users\22129\nacos\config
21:28:32.575 [main] INFO  c.a.n.c.r.client - [lambda$createClient$0,108] - [RpcClientFactory] create a new rpc client of 1468b452-e636-4d39-938a-da44e7d855aa_config-0
21:28:32.584 [main] INFO  c.a.n.c.r.client - [printIfInfoEnabled,63] - [1468b452-e636-4d39-938a-da44e7d855aa_config-0] Register server push request handler:com.alibaba.nacos.client.config.impl.ClientWorker$ConfigRpcTransportClient$$Lambda$574/0x000001cd28369540
21:28:32.585 [main] INFO  c.a.n.c.r.client - [printIfInfoEnabled,63] - [1468b452-e636-4d39-938a-da44e7d855aa_config-0] Register server push request handler:com.alibaba.nacos.client.config.impl.ClientWorker$ConfigRpcTransportClient$$Lambda$575/0x000001cd28369960
21:28:32.585 [main] INFO  c.a.n.c.r.client - [printIfInfoEnabled,63] - [1468b452-e636-4d39-938a-da44e7d855aa_config-0] Registry connection listener to current client:com.alibaba.nacos.client.config.impl.ClientWorker$ConfigRpcTransportClient$1
21:28:32.585 [main] INFO  c.a.n.c.r.client - [printIfInfoEnabled,63] - [1468b452-e636-4d39-938a-da44e7d855aa_config-0] RpcClient init, ServerListFactory = com.alibaba.nacos.client.config.impl.ClientWorker$ConfigRpcTransportClient$2
21:28:32.590 [main] INFO  c.a.n.c.r.client - [printIfInfoEnabled,63] - [1468b452-e636-4d39-938a-da44e7d855aa_config-0] Try to connect to server on start up, server: {serverIp = '47.118.20.7', server main port = 8848}
21:28:32.611 [main] INFO  c.a.n.c.r.c.g.GrpcClient - [createNewManagedChannel,182] - grpc client connection server:47.118.20.7 ip,serverPort:9848,grpcTslConfig:{"sslProvider":"OPENSSL","enableTls":false,"mutualAuthEnable":false,"trustAll":false}
21:28:33.476 [main] INFO  c.a.n.c.r.client - [printIfInfoEnabled,63] - [1468b452-e636-4d39-938a-da44e7d855aa_config-0] Success to connect to server [47.118.20.7:8848] on start up, connectionId = 1772803712688_182.150.122.45_2260
21:28:33.478 [com.alibaba.nacos.client.remote.worker] INFO  c.a.n.c.r.client - [printIfInfoEnabled,63] - [1468b452-e636-4d39-938a-da44e7d855aa_config-0] Notify connected event to listeners.
21:28:33.479 [com.alibaba.nacos.client.remote.worker] INFO  c.a.n.c.c.i.ClientWorker - [onConnected,639] - [1468b452-e636-4d39-938a-da44e7d855aa_config-0] Connected,notify listen context...
21:28:33.479 [main] INFO  c.a.n.c.r.client - [printIfInfoEnabled,63] - [1468b452-e636-4d39-938a-da44e7d855aa_config-0] Register server push request handler:com.alibaba.nacos.common.remote.client.RpcClient$ConnectResetRequestHandler
21:28:33.482 [main] INFO  c.a.n.c.r.client - [printIfInfoEnabled,63] - [1468b452-e636-4d39-938a-da44e7d855aa_config-0] Register server push request handler:com.alibaba.nacos.common.remote.client.RpcClient$$Lambda$596/0x000001cd284d0440
21:28:33.509 [main] INFO  c.a.n.c.c.i.Limiter - [<clinit>,62] - limitTime:5.0
21:28:33.667 [main] INFO  c.a.n.c.c.u.JvmUtil - [<clinit>,54] - isMultiInstance:false
21:28:33.675 [main] INFO  o.s.c.b.c.PropertySourceBootstrapConfiguration - [initialize,108] - Located property source: [BootstrapPropertySource {name='bootstrapProperties-oj-gateway-local.yaml,DEFAULT_GROUP'}, BootstrapPropertySource {name='bootstrapProperties-oj-gateway.yaml,DEFAULT_GROUP'}, BootstrapPropertySource {name='bootstrapProperties-oj-gateway,DEFAULT_GROUP'}]
21:28:33.678 [main] INFO  c.e.g.OjGatewayApplication - [logStartupProfileInfo,636] - The following 1 profile is active: "local"
21:28:34.025 [main] INFO  o.s.d.r.c.RepositoryConfigurationDelegate - [multipleStoresDetected,294] - Multiple Spring Data modules found, entering strict repository configuration mode
21:28:34.028 [main] INFO  o.s.d.r.c.RepositoryConfigurationDelegate - [registerRepositoriesIn,138] - Bootstrapping Spring Data Redis repositories in DEFAULT mode.
21:28:34.041 [main] INFO  o.s.d.r.c.RepositoryConfigurationDelegate - [registerRepositoriesIn,208] - Finished Spring Data repository scanning in 5 ms. Found 0 Redis repository interfaces.
21:28:34.127 [main] INFO  o.s.c.c.s.GenericScope - [setSerializationId,282] - BeanFactory id=4deb0e78-4a84-39ad-9bdc-737115633eeb
21:28:34.149 [main] INFO  o.s.c.s.PostProcessorRegistrationDelegate$BeanPostProcessorChecker - [postProcessAfterInitialization,409] - Bean 'org.springframework.cloud.client.loadbalancer.reactive.LoadBalancerBeanPostProcessorAutoConfiguration' of type [org.springframework.cloud.client.loadbalancer.reactive.LoadBalancerBeanPostProcessorAutoConfiguration] is not eligible for getting processed by all BeanPostProcessors (for example: not eligible for auto-proxying)
21:28:34.150 [main] INFO  o.s.c.s.PostProcessorRegistrationDelegate$BeanPostProcessorChecker - [postProcessAfterInitialization,409] - Bean 'org.springframework.cloud.client.loadbalancer.reactive.LoadBalancerBeanPostProcessorAutoConfiguration$ReactorDeferringLoadBalancerFilterConfig' of type [org.springframework.cloud.client.loadbalancer.reactive.LoadBalancerBeanPostProcessorAutoConfiguration$ReactorDeferringLoadBalancerFilterConfig] is not eligible for getting processed by all BeanPostProcessors (for example: not eligible for auto-proxying)
21:28:34.151 [main] INFO  o.s.c.s.PostProcessorRegistrationDelegate$BeanPostProcessorChecker - [postProcessAfterInitialization,409] - Bean 'reactorDeferringLoadBalancerExchangeFilterFunction' of type [org.springframework.cloud.client.loadbalancer.reactive.DeferringLoadBalancerExchangeFilterFunction] is not eligible for getting processed by all BeanPostProcessors (for example: not eligible for auto-proxying)
21:28:35.351 [main] INFO  o.s.c.g.r.RouteDefinitionRouteLocator - [lambda$initFactories$1,88] - Loaded RoutePredicateFactory [After]
21:28:35.352 [main] INFO  o.s.c.g.r.RouteDefinitionRouteLocator - [lambda$initFactories$1,88] - Loaded RoutePredicateFactory [Before]
21:28:35.352 [main] INFO  o.s.c.g.r.RouteDefinitionRouteLocator - [lambda$initFactories$1,88] - Loaded RoutePredicateFactory [Between]
21:28:35.353 [main] INFO  o.s.c.g.r.RouteDefinitionRouteLocator - [lambda$initFactories$1,88] - Loaded RoutePredicateFactory [Cookie]
21:28:35.353 [main] INFO  o.s.c.g.r.RouteDefinitionRouteLocator - [lambda$initFactories$1,88] - Loaded RoutePredicateFactory [Header]
21:28:35.354 [main] INFO  o.s.c.g.r.RouteDefinitionRouteLocator - [lambda$initFactories$1,88] - Loaded RoutePredicateFactory [Host]
21:28:35.354 [main] INFO  o.s.c.g.r.RouteDefinitionRouteLocator - [lambda$initFactories$1,88] - Loaded RoutePredicateFactory [Method]
21:28:35.354 [main] INFO  o.s.c.g.r.RouteDefinitionRouteLocator - [lambda$initFactories$1,88] - Loaded RoutePredicateFactory [Path]
21:28:35.354 [main] INFO  o.s.c.g.r.RouteDefinitionRouteLocator - [lambda$initFactories$1,88] - Loaded RoutePredicateFactory [Query]
21:28:35.354 [main] INFO  o.s.c.g.r.RouteDefinitionRouteLocator - [lambda$initFactories$1,88] - Loaded RoutePredicateFactory [ReadBody]
21:28:35.355 [main] INFO  o.s.c.g.r.RouteDefinitionRouteLocator - [lambda$initFactories$1,88] - Loaded RoutePredicateFactory [RemoteAddr]
21:28:35.355 [main] INFO  o.s.c.g.r.RouteDefinitionRouteLocator - [lambda$initFactories$1,88] - Loaded RoutePredicateFactory [XForwardedRemoteAddr]
21:28:35.355 [main] INFO  o.s.c.g.r.RouteDefinitionRouteLocator - [lambda$initFactories$1,88] - Loaded RoutePredicateFactory [Weight]
21:28:35.355 [main] INFO  o.s.c.g.r.RouteDefinitionRouteLocator - [lambda$initFactories$1,88] - Loaded RoutePredicateFactory [CloudFoundryRouteService]
21:28:35.838 [main] INFO  o.s.b.w.e.n.NettyWebServer - [start,111] - Netty started on port 19090
21:28:36.220 [main] INFO  c.a.n.client.naming - [initNamespaceForNaming,62] - initializer namespace from ans.namespace attribute : null
21:28:36.221 [main] INFO  c.a.n.client.naming - [lambda$initNamespaceForNaming$0,66] - initializer namespace from ALIBABA_ALIWARE_NAMESPACE attribute :null
21:28:36.221 [main] INFO  c.a.n.client.naming - [lambda$initNamespaceForNaming$1,73] - initializer namespace from namespace attribute :null
21:28:36.226 [main] INFO  c.a.n.p.a.s.c.ClientAuthPluginManager - [init,56] - [ClientAuthPluginManager] Load ClientAuthService com.alibaba.nacos.client.auth.impl.NacosClientAuthServiceImpl success.
21:28:36.226 [main] INFO  c.a.n.p.a.s.c.ClientAuthPluginManager - [init,56] - [ClientAuthPluginManager] Load ClientAuthService com.alibaba.nacos.client.auth.ram.RamClientAuthServiceImpl success.
21:28:36.230 [main] INFO  c.a.n.c.r.client - [lambda$createClient$0,108] - [RpcClientFactory] create a new rpc client of 5f378a6b-8644-4566-843b-3883195fc72c
21:28:36.231 [main] INFO  c.a.n.c.r.client - [printIfInfoEnabled,63] - [5f378a6b-8644-4566-843b-3883195fc72c] RpcClient init, ServerListFactory = com.alibaba.nacos.client.naming.core.ServerListManager
21:28:36.231 [main] INFO  c.a.n.c.r.client - [printIfInfoEnabled,63] - [5f378a6b-8644-4566-843b-3883195fc72c] Registry connection listener to current client:com.alibaba.nacos.client.naming.remote.gprc.redo.NamingGrpcRedoService
21:28:36.232 [main] INFO  c.a.n.c.r.client - [printIfInfoEnabled,63] - [5f378a6b-8644-4566-843b-3883195fc72c] Register server push request handler:com.alibaba.nacos.client.naming.remote.gprc.NamingPushRequestHandler
21:28:36.232 [main] INFO  c.a.n.c.r.client - [printIfInfoEnabled,63] - [5f378a6b-8644-4566-843b-3883195fc72c] Try to connect to server on start up, server: {serverIp = '47.118.20.7', server main port = 8848}
21:28:36.233 [main] INFO  c.a.n.c.r.c.g.GrpcClient - [createNewManagedChannel,182] - grpc client connection server:47.118.20.7 ip,serverPort:9848,grpcTslConfig:{"sslProvider":"OPENSSL","enableTls":false,"mutualAuthEnable":false,"trustAll":false}
21:28:36.493 [main] INFO  c.a.n.c.r.client - [printIfInfoEnabled,63] - [5f378a6b-8644-4566-843b-3883195fc72c] Success to connect to server [47.118.20.7:8848] on start up, connectionId = 1772803715735_182.150.122.45_2261
21:28:36.493 [main] INFO  c.a.n.c.r.client - [printIfInfoEnabled,63] - [5f378a6b-8644-4566-843b-3883195fc72c] Register server push request handler:com.alibaba.nacos.common.remote.client.RpcClient$ConnectResetRequestHandler
21:28:36.493 [com.alibaba.nacos.client.remote.worker] INFO  c.a.n.c.r.client - [printIfInfoEnabled,63] - [5f378a6b-8644-4566-843b-3883195fc72c] Notify connected event to listeners.
21:28:36.493 [main] INFO  c.a.n.c.r.client - [printIfInfoEnabled,63] - [5f378a6b-8644-4566-843b-3883195fc72c] Register server push request handler:com.alibaba.nacos.common.remote.client.RpcClient$$Lambda$596/0x000001cd284d0440
21:28:36.493 [com.alibaba.nacos.client.remote.worker] INFO  c.a.n.client.naming - [onConnected,78] - Grpc connection connect
21:28:36.495 [main] INFO  c.a.n.client.naming - [registerService,121] - [REGISTER-SERVICE] public registering service oj-gateway with instance Instance{instanceId='null', ip='192.168.81.1', port=19090, weight=1.0, healthy=true, enabled=true, ephemeral=true, clusterName='DEFAULT', serviceName='null', metadata={IPv6=null, preserved.register.source=SPRING_CLOUD}}
21:28:36.545 [main] INFO  c.a.c.n.r.NacosServiceRegistry - [register,76] - nacos registry, DEFAULT_GROUP oj-gateway 192.168.81.1:19090 register finished
21:28:36.581 [main] INFO  c.e.g.OjGatewayApplication - [logStarted,57] - Started OjGatewayApplication in 4.862 seconds (process running for 5.332)
21:28:36.584 [main] INFO  c.a.n.c.c.i.CacheData - [<clinit>,67] - nacos.cache.data.init.snapshot = true 
21:28:36.585 [main] INFO  c.a.n.c.c.i.ClientWorker - [addCacheDataIfAbsent,380] - [fixed-47.118.20.7_8848] [subscribe] oj-gateway-local.yaml+DEFAULT_GROUP
21:28:36.590 [main] INFO  c.a.n.c.c.i.CacheData - [addListener,197] - [fixed-47.118.20.7_8848] [add-listener] ok, tenant=, dataId=oj-gateway-local.yaml, group=DEFAULT_GROUP, cnt=1
21:28:36.590 [main] INFO  c.a.c.n.r.NacosContextRefresher - [registerNacosListener,129] - [Nacos Config] Listening config: dataId=oj-gateway-local.yaml, group=DEFAULT_GROUP
21:28:36.590 [main] INFO  c.a.n.c.c.i.ClientWorker - [addCacheDataIfAbsent,380] - [fixed-47.118.20.7_8848] [subscribe] oj-gateway+DEFAULT_GROUP
21:28:36.590 [main] INFO  c.a.n.c.c.i.CacheData - [addListener,197] - [fixed-47.118.20.7_8848] [add-listener] ok, tenant=, dataId=oj-gateway, group=DEFAULT_GROUP, cnt=1
21:28:36.590 [main] INFO  c.a.c.n.r.NacosContextRefresher - [registerNacosListener,129] - [Nacos Config] Listening config: dataId=oj-gateway, group=DEFAULT_GROUP
21:28:36.591 [main] INFO  c.a.n.c.c.i.ClientWorker - [addCacheDataIfAbsent,380] - [fixed-47.118.20.7_8848] [subscribe] oj-gateway.yaml+DEFAULT_GROUP
21:28:36.591 [main] INFO  c.a.n.c.c.i.CacheData - [addListener,197] - [fixed-47.118.20.7_8848] [add-listener] ok, tenant=, dataId=oj-gateway.yaml, group=DEFAULT_GROUP, cnt=1
21:28:36.591 [main] INFO  c.a.c.n.r.NacosContextRefresher - [registerNacosListener,129] - [Nacos Config] Listening config: dataId=oj-gateway.yaml, group=DEFAULT_GROUP
21:33:11.386 [boundedElastic-1] INFO  c.a.n.client.naming - [subscribe,167] - [SUBSCRIBE-SERVICE] service:oj-system, group:DEFAULT_GROUP, clusters: 
21:33:11.445 [boundedElastic-1] INFO  c.a.n.client.naming - [isChangedServiceInfo,184] - init new ips(1) service: DEFAULT_GROUP@@oj-system -> [{"instanceId":"192.168.81.1#9201#DEFAULT#DEFAULT_GROUP@@oj-system","ip":"192.168.81.1","port":9201,"weight":1.0,"healthy":true,"enabled":true,"ephemeral":true,"clusterName":"DEFAULT","serviceName":"DEFAULT_GROUP@@oj-system","metadata":{"preserved.register.source":"SPRING_CLOUD"},"ipDeleteTimeout":30000,"instanceHeartBeatTimeOut":15000,"instanceHeartBeatInterval":5000}]
21:33:11.449 [boundedElastic-1] INFO  c.a.n.client.naming - [processServiceInfo,169] - current ips:(1) service: DEFAULT_GROUP@@oj-system -> [{"instanceId":"192.168.81.1#9201#DEFAULT#DEFAULT_GROUP@@oj-system","ip":"192.168.81.1","port":9201,"weight":1.0,"healthy":true,"enabled":true,"ephemeral":true,"clusterName":"DEFAULT","serviceName":"DEFAULT_GROUP@@oj-system","metadata":{"preserved.register.source":"SPRING_CLOUD"},"ipDeleteTimeout":30000,"instanceHeartBeatTimeOut":15000,"instanceHeartBeatInterval":5000}]
21:33:11.998 [nacos-grpc-client-executor-47.118.20.7-63] INFO  c.a.n.c.r.client - [printIfInfoEnabled,63] - [5f378a6b-8644-4566-843b-3883195fc72c] Receive server push request, request = NotifySubscriberRequest, requestId = 44
21:33:12.000 [nacos-grpc-client-executor-47.118.20.7-63] INFO  c.a.n.c.r.client - [printIfInfoEnabled,63] - [5f378a6b-8644-4566-843b-3883195fc72c] Ack server push request, request = NotifySubscriberRequest, requestId = 44
22:11:38.518 [nacos-grpc-client-executor-47.118.20.7-517] INFO  c.a.n.c.r.client - [printIfInfoEnabled,63] - [1468b452-e636-4d39-938a-da44e7d855aa_config-0] Receive server push request, request = ClientDetectionRequest, requestId = 45
22:11:38.517 [nacos-grpc-client-executor-47.118.20.7-510] INFO  c.a.n.c.r.client - [printIfInfoEnabled,63] - [5f378a6b-8644-4566-843b-3883195fc72c] Receive server push request, request = ClientDetectionRequest, requestId = 46
22:11:38.520 [nacos-grpc-client-executor-47.118.20.7-517] INFO  c.a.n.c.r.client - [printIfInfoEnabled,63] - [1468b452-e636-4d39-938a-da44e7d855aa_config-0] Ack server push request, request = ClientDetectionRequest, requestId = 45
22:11:38.595 [nacos-grpc-client-executor-47.118.20.7-510] INFO  c.a.n.c.r.client - [printIfInfoEnabled,63] - [5f378a6b-8644-4566-843b-3883195fc72c] Ack server push request, request = ClientDetectionRequest, requestId = 46
22:35:30.956 [lettuce-nioEventLoop-5-1] INFO  i.l.c.p.CommandHandler - [log,217] - null Unexpected exception during request: java.net.SocketException: Connection reset
java.net.SocketException: Connection reset
	at java.base/sun.nio.ch.SocketChannelImpl.throwConnectionReset(SocketChannelImpl.java:394)
	at java.base/sun.nio.ch.SocketChannelImpl.read(SocketChannelImpl.java:426)
	at io.netty.buffer.PooledByteBuf.setBytes(PooledByteBuf.java:259)
	at io.netty.buffer.AbstractByteBuf.writeBytes(AbstractByteBuf.java:1132)
	at io.netty.channel.socket.nio.NioSocketChannel.doReadBytes(NioSocketChannel.java:357)
	at io.netty.channel.nio.AbstractNioByteChannel$NioByteUnsafe.read(AbstractNioByteChannel.java:151)
	at io.netty.channel.nio.NioEventLoop.processSelectedKey(NioEventLoop.java:788)
	at io.netty.channel.nio.NioEventLoop.processSelectedKeysOptimized(NioEventLoop.java:724)
	at io.netty.channel.nio.NioEventLoop.processSelectedKeys(NioEventLoop.java:650)
	at io.netty.channel.nio.NioEventLoop.run(NioEventLoop.java:562)
	at io.netty.util.concurrent.SingleThreadEventExecutor$4.run(SingleThreadEventExecutor.java:997)
	at io.netty.util.internal.ThreadExecutorMap$2.run(ThreadExecutorMap.java:74)
	at io.netty.util.concurrent.FastThreadLocalRunnable.run(FastThreadLocalRunnable.java:30)
	at java.base/java.lang.Thread.run(Thread.java:840)
22:35:31.109 [com.alibaba.nacos.client.remote.worker] INFO  c.a.n.c.r.client - [printIfInfoEnabled,63] - [1468b452-e636-4d39-938a-da44e7d855aa_config-0] Try to reconnect to a new server, server is  not appointed, will choose a random server.
22:35:31.109 [com.alibaba.nacos.client.remote.worker] INFO  c.a.n.c.r.client - [printIfInfoEnabled,63] - [5f378a6b-8644-4566-843b-3883195fc72c] Try to reconnect to a new server, server is  not appointed, will choose a random server.
22:35:31.109 [com.alibaba.nacos.client.remote.worker] INFO  c.a.n.c.r.c.g.GrpcClient - [createNewManagedChannel,182] - grpc client connection server:47.118.20.7 ip,serverPort:9848,grpcTslConfig:{"sslProvider":"OPENSSL","enableTls":false,"mutualAuthEnable":false,"trustAll":false}
22:35:31.109 [com.alibaba.nacos.client.remote.worker] INFO  c.a.n.c.r.c.g.GrpcClient - [createNewManagedChannel,182] - grpc client connection server:47.118.20.7 ip,serverPort:9848,grpcTslConfig:{"sslProvider":"OPENSSL","enableTls":false,"mutualAuthEnable":false,"trustAll":false}
22:35:31.110 [lettuce-eventExecutorLoop-3-3] INFO  i.l.c.p.ConnectionWatchdog - [log,171] - Reconnecting, last destination was /47.118.20.7:6379
22:35:31.480 [com.alibaba.nacos.client.remote.worker] INFO  c.a.n.c.r.c.g.GrpcClient - [createNewManagedChannel,182] - grpc client connection server:47.118.20.7 ip,serverPort:9848,grpcTslConfig:{"sslProvider":"OPENSSL","enableTls":false,"mutualAuthEnable":false,"trustAll":false}
22:35:31.568 [com.alibaba.nacos.client.remote.worker] INFO  c.a.n.c.r.c.g.GrpcClient - [createNewManagedChannel,182] - grpc client connection server:47.118.20.7 ip,serverPort:9848,grpcTslConfig:{"sslProvider":"OPENSSL","enableTls":false,"mutualAuthEnable":false,"trustAll":false}
22:35:31.672 [com.alibaba.nacos.client.remote.worker] INFO  c.a.n.c.r.client - [printIfInfoEnabled,63] - [5f378a6b-8644-4566-843b-3883195fc72c] Fail to connect server, after trying 1 times, last try server is {serverIp = '47.118.20.7', server main port = 8848}, error = unknown
22:35:31.703 [com.alibaba.nacos.client.remote.worker] INFO  c.a.n.c.r.client - [printIfInfoEnabled,63] - [1468b452-e636-4d39-938a-da44e7d855aa_config-0] Fail to connect server, after trying 1 times, last try server is {serverIp = '47.118.20.7', server main port = 8848}, error = unknown
22:35:31.876 [com.alibaba.nacos.client.remote.worker] INFO  c.a.n.c.r.c.g.GrpcClient - [createNewManagedChannel,182] - grpc client connection server:47.118.20.7 ip,serverPort:9848,grpcTslConfig:{"sslProvider":"OPENSSL","enableTls":false,"mutualAuthEnable":false,"trustAll":false}
22:35:31.899 [com.alibaba.nacos.client.remote.worker] INFO  c.a.n.c.r.client - [printIfInfoEnabled,63] - [5f378a6b-8644-4566-843b-3883195fc72c] Fail to connect server, after trying 2 times, last try server is {serverIp = '47.118.20.7', server main port = 8848}, error = unknown
22:35:31.907 [com.alibaba.nacos.client.remote.worker] INFO  c.a.n.c.r.c.g.GrpcClient - [createNewManagedChannel,182] - grpc client connection server:47.118.20.7 ip,serverPort:9848,grpcTslConfig:{"sslProvider":"OPENSSL","enableTls":false,"mutualAuthEnable":false,"trustAll":false}
22:35:31.927 [com.alibaba.nacos.client.remote.worker] INFO  c.a.n.c.r.client - [printIfInfoEnabled,63] - [1468b452-e636-4d39-938a-da44e7d855aa_config-0] Fail to connect server, after trying 2 times, last try server is {serverIp = '47.118.20.7', server main port = 8848}, error = unknown
22:35:32.205 [com.alibaba.nacos.client.remote.worker] INFO  c.a.n.c.r.c.g.GrpcClient - [createNewManagedChannel,182] - grpc client connection server:47.118.20.7 ip,serverPort:9848,grpcTslConfig:{"sslProvider":"OPENSSL","enableTls":false,"mutualAuthEnable":false,"trustAll":false}
22:35:32.215 [com.alibaba.nacos.client.remote.worker] INFO  c.a.n.c.r.client - [printIfInfoEnabled,63] - [5f378a6b-8644-4566-843b-3883195fc72c] Fail to connect server, after trying 3 times, last try server is {serverIp = '47.118.20.7', server main port = 8848}, error = unknown
22:35:32.237 [com.alibaba.nacos.client.remote.worker] INFO  c.a.n.c.r.c.g.GrpcClient - [createNewManagedChannel,182] - grpc client connection server:47.118.20.7 ip,serverPort:9848,grpcTslConfig:{"sslProvider":"OPENSSL","enableTls":false,"mutualAuthEnable":false,"trustAll":false}
22:35:32.242 [com.alibaba.nacos.client.remote.worker] INFO  c.a.n.c.r.client - [printIfInfoEnabled,63] - [1468b452-e636-4d39-938a-da44e7d855aa_config-0] Fail to connect server, after trying 3 times, last try server is {serverIp = '47.118.20.7', server main port = 8848}, error = unknown
22:35:32.629 [com.alibaba.nacos.client.remote.worker] INFO  c.a.n.c.r.c.g.GrpcClient - [createNewManagedChannel,182] - grpc client connection server:47.118.20.7 ip,serverPort:9848,grpcTslConfig:{"sslProvider":"OPENSSL","enableTls":false,"mutualAuthEnable":false,"trustAll":false}
22:35:32.651 [com.alibaba.nacos.client.remote.worker] INFO  c.a.n.c.r.client - [printIfInfoEnabled,63] - [5f378a6b-8644-4566-843b-3883195fc72c] Fail to connect server, after trying 4 times, last try server is {serverIp = '47.118.20.7', server main port = 8848}, error = unknown
22:35:32.658 [com.alibaba.nacos.client.remote.worker] INFO  c.a.n.c.r.c.g.GrpcClient - [createNewManagedChannel,182] - grpc client connection server:47.118.20.7 ip,serverPort:9848,grpcTslConfig:{"sslProvider":"OPENSSL","enableTls":false,"mutualAuthEnable":false,"trustAll":false}
22:35:32.683 [com.alibaba.nacos.client.remote.worker] INFO  c.a.n.c.r.client - [printIfInfoEnabled,63] - [1468b452-e636-4d39-938a-da44e7d855aa_config-0] Fail to connect server, after trying 4 times, last try server is {serverIp = '47.118.20.7', server main port = 8848}, error = unknown
22:35:33.154 [com.alibaba.nacos.client.remote.worker] INFO  c.a.n.c.r.c.g.GrpcClient - [createNewManagedChannel,182] - grpc client connection server:47.118.20.7 ip,serverPort:9848,grpcTslConfig:{"sslProvider":"OPENSSL","enableTls":false,"mutualAuthEnable":false,"trustAll":false}
22:35:33.161 [com.alibaba.nacos.client.remote.worker] INFO  c.a.n.c.r.client - [printIfInfoEnabled,63] - [5f378a6b-8644-4566-843b-3883195fc72c] Fail to connect server, after trying 5 times, last try server is {serverIp = '47.118.20.7', server main port = 8848}, error = unknown
22:35:33.185 [com.alibaba.nacos.client.remote.worker] INFO  c.a.n.c.r.c.g.GrpcClient - [createNewManagedChannel,182] - grpc client connection server:47.118.20.7 ip,serverPort:9848,grpcTslConfig:{"sslProvider":"OPENSSL","enableTls":false,"mutualAuthEnable":false,"trustAll":false}
22:35:33.194 [com.alibaba.nacos.client.remote.worker] INFO  c.a.n.c.r.client - [printIfInfoEnabled,63] - [1468b452-e636-4d39-938a-da44e7d855aa_config-0] Fail to connect server, after trying 5 times, last try server is {serverIp = '47.118.20.7', server main port = 8848}, error = unknown
22:35:33.766 [com.alibaba.nacos.client.remote.worker] INFO  c.a.n.c.r.c.g.GrpcClient - [createNewManagedChannel,182] - grpc client connection server:47.118.20.7 ip,serverPort:9848,grpcTslConfig:{"sslProvider":"OPENSSL","enableTls":false,"mutualAuthEnable":false,"trustAll":false}
22:35:33.770 [com.alibaba.nacos.client.remote.worker] INFO  c.a.n.c.r.client - [printIfInfoEnabled,63] - [5f378a6b-8644-4566-843b-3883195fc72c] Fail to connect server, after trying 6 times, last try server is {serverIp = '47.118.20.7', server main port = 8848}, error = unknown
22:35:33.797 [com.alibaba.nacos.client.remote.worker] INFO  c.a.n.c.r.c.g.GrpcClient - [createNewManagedChannel,182] - grpc client connection server:47.118.20.7 ip,serverPort:9848,grpcTslConfig:{"sslProvider":"OPENSSL","enableTls":false,"mutualAuthEnable":false,"trustAll":false}
22:35:33.803 [com.alibaba.nacos.client.remote.worker] INFO  c.a.n.c.r.client - [printIfInfoEnabled,63] - [1468b452-e636-4d39-938a-da44e7d855aa_config-0] Fail to connect server, after trying 6 times, last try server is {serverIp = '47.118.20.7', server main port = 8848}, error = unknown
22:35:34.478 [com.alibaba.nacos.client.remote.worker] INFO  c.a.n.c.r.c.g.GrpcClient - [createNewManagedChannel,182] - grpc client connection server:47.118.20.7 ip,serverPort:9848,grpcTslConfig:{"sslProvider":"OPENSSL","enableTls":false,"mutualAuthEnable":false,"trustAll":false}
22:35:34.482 [com.alibaba.nacos.client.remote.worker] INFO  c.a.n.c.r.client - [printIfInfoEnabled,63] - [5f378a6b-8644-4566-843b-3883195fc72c] Fail to connect server, after trying 7 times, last try server is {serverIp = '47.118.20.7', server main port = 8848}, error = unknown
22:35:34.509 [com.alibaba.nacos.client.remote.worker] INFO  c.a.n.c.r.c.g.GrpcClient - [createNewManagedChannel,182] - grpc client connection server:47.118.20.7 ip,serverPort:9848,grpcTslConfig:{"sslProvider":"OPENSSL","enableTls":false,"mutualAuthEnable":false,"trustAll":false}
22:35:34.515 [com.alibaba.nacos.client.remote.worker] INFO  c.a.n.c.r.client - [printIfInfoEnabled,63] - [1468b452-e636-4d39-938a-da44e7d855aa_config-0] Fail to connect server, after trying 7 times, last try server is {serverIp = '47.118.20.7', server main port = 8848}, error = unknown
22:35:35.286 [com.alibaba.nacos.client.remote.worker] INFO  c.a.n.c.r.c.g.GrpcClient - [createNewManagedChannel,182] - grpc client connection server:47.118.20.7 ip,serverPort:9848,grpcTslConfig:{"sslProvider":"OPENSSL","enableTls":false,"mutualAuthEnable":false,"trustAll":false}
22:35:35.293 [com.alibaba.nacos.client.remote.worker] INFO  c.a.n.c.r.client - [printIfInfoEnabled,63] - [5f378a6b-8644-4566-843b-3883195fc72c] Fail to connect server, after trying 8 times, last try server is {serverIp = '47.118.20.7', server main port = 8848}, error = unknown
22:35:35.316 [com.alibaba.nacos.client.remote.worker] INFO  c.a.n.c.r.c.g.GrpcClient - [createNewManagedChannel,182] - grpc client connection server:47.118.20.7 ip,serverPort:9848,grpcTslConfig:{"sslProvider":"OPENSSL","enableTls":false,"mutualAuthEnable":false,"trustAll":false}
22:35:35.324 [com.alibaba.nacos.client.remote.worker] INFO  c.a.n.c.r.client - [printIfInfoEnabled,63] - [1468b452-e636-4d39-938a-da44e7d855aa_config-0] Fail to connect server, after trying 8 times, last try server is {serverIp = '47.118.20.7', server main port = 8848}, error = unknown
22:35:36.208 [com.alibaba.nacos.client.remote.worker] INFO  c.a.n.c.r.c.g.GrpcClient - [createNewManagedChannel,182] - grpc client connection server:47.118.20.7 ip,serverPort:9848,grpcTslConfig:{"sslProvider":"OPENSSL","enableTls":false,"mutualAuthEnable":false,"trustAll":false}
22:35:36.215 [com.alibaba.nacos.client.remote.worker] INFO  c.a.n.c.r.client - [printIfInfoEnabled,63] - [5f378a6b-8644-4566-843b-3883195fc72c] Fail to connect server, after trying 9 times, last try server is {serverIp = '47.118.20.7', server main port = 8848}, error = unknown
22:35:36.238 [com.alibaba.nacos.client.remote.worker] INFO  c.a.n.c.r.c.g.GrpcClient - [createNewManagedChannel,182] - grpc client connection server:47.118.20.7 ip,serverPort:9848,grpcTslConfig:{"sslProvider":"OPENSSL","enableTls":false,"mutualAuthEnable":false,"trustAll":false}
22:35:36.240 [lettuce-eventExecutorLoop-3-15] INFO  i.l.c.p.ConnectionWatchdog - [log,171] - Reconnecting, last destination was 47.118.20.7/<unresolved>:6379
22:35:36.273 [com.alibaba.nacos.client.remote.worker] INFO  c.a.n.c.r.client - [printIfInfoEnabled,63] - [1468b452-e636-4d39-938a-da44e7d855aa_config-0] Fail to connect server, after trying 9 times, last try server is {serverIp = '47.118.20.7', server main port = 8848}, error = unknown
22:35:37.215 [com.alibaba.nacos.client.remote.worker] INFO  c.a.n.c.r.c.g.GrpcClient - [createNewManagedChannel,182] - grpc client connection server:47.118.20.7 ip,serverPort:9848,grpcTslConfig:{"sslProvider":"OPENSSL","enableTls":false,"mutualAuthEnable":false,"trustAll":false}
22:35:37.227 [com.alibaba.nacos.client.remote.worker] INFO  c.a.n.c.r.client - [printIfInfoEnabled,63] - [5f378a6b-8644-4566-843b-3883195fc72c] Fail to connect server, after trying 10 times, last try server is {serverIp = '47.118.20.7', server main port = 8848}, error = unknown
22:35:37.281 [com.alibaba.nacos.client.remote.worker] INFO  c.a.n.c.r.c.g.GrpcClient - [createNewManagedChannel,182] - grpc client connection server:47.118.20.7 ip,serverPort:9848,grpcTslConfig:{"sslProvider":"OPENSSL","enableTls":false,"mutualAuthEnable":false,"trustAll":false}
22:35:37.299 [com.alibaba.nacos.client.remote.worker] INFO  c.a.n.c.r.client - [printIfInfoEnabled,63] - [1468b452-e636-4d39-938a-da44e7d855aa_config-0] Fail to connect server, after trying 10 times, last try server is {serverIp = '47.118.20.7', server main port = 8848}, error = unknown
22:35:38.335 [com.alibaba.nacos.client.remote.worker] INFO  c.a.n.c.r.c.g.GrpcClient - [createNewManagedChannel,182] - grpc client connection server:47.118.20.7 ip,serverPort:9848,grpcTslConfig:{"sslProvider":"OPENSSL","enableTls":false,"mutualAuthEnable":false,"trustAll":false}
22:35:38.361 [com.alibaba.nacos.client.remote.worker] INFO  c.a.n.c.r.client - [printIfInfoEnabled,63] - [5f378a6b-8644-4566-843b-3883195fc72c] Fail to connect server, after trying 11 times, last try server is {serverIp = '47.118.20.7', server main port = 8848}, error = unknown
22:35:38.414 [com.alibaba.nacos.client.remote.worker] INFO  c.a.n.c.r.c.g.GrpcClient - [createNewManagedChannel,182] - grpc client connection server:47.118.20.7 ip,serverPort:9848,grpcTslConfig:{"sslProvider":"OPENSSL","enableTls":false,"mutualAuthEnable":false,"trustAll":false}
22:35:38.420 [com.alibaba.nacos.client.remote.worker] INFO  c.a.n.c.r.client - [printIfInfoEnabled,63] - [1468b452-e636-4d39-938a-da44e7d855aa_config-0] Fail to connect server, after trying 11 times, last try server is {serverIp = '47.118.20.7', server main port = 8848}, error = unknown
22:35:39.570 [com.alibaba.nacos.client.remote.worker] INFO  c.a.n.c.r.c.g.GrpcClient - [createNewManagedChannel,182] - grpc client connection server:47.118.20.7 ip,serverPort:9848,grpcTslConfig:{"sslProvider":"OPENSSL","enableTls":false,"mutualAuthEnable":false,"trustAll":false}
22:35:39.586 [com.alibaba.nacos.client.remote.worker] INFO  c.a.n.c.r.client - [printIfInfoEnabled,63] - [5f378a6b-8644-4566-843b-3883195fc72c] Fail to connect server, after trying 12 times, last try server is {serverIp = '47.118.20.7', server main port = 8848}, error = unknown
22:35:39.631 [com.alibaba.nacos.client.remote.worker] INFO  c.a.n.c.r.c.g.GrpcClient - [createNewManagedChannel,182] - grpc client connection server:47.118.20.7 ip,serverPort:9848,grpcTslConfig:{"sslProvider":"OPENSSL","enableTls":false,"mutualAuthEnable":false,"trustAll":false}
22:35:39.639 [com.alibaba.nacos.client.remote.worker] INFO  c.a.n.c.r.client - [printIfInfoEnabled,63] - [1468b452-e636-4d39-938a-da44e7d855aa_config-0] Fail to connect server, after trying 12 times, last try server is {serverIp = '47.118.20.7', server main port = 8848}, error = unknown
22:35:40.894 [com.alibaba.nacos.client.remote.worker] INFO  c.a.n.c.r.c.g.GrpcClient - [createNewManagedChannel,182] - grpc client connection server:47.118.20.7 ip,serverPort:9848,grpcTslConfig:{"sslProvider":"OPENSSL","enableTls":false,"mutualAuthEnable":false,"trustAll":false}
22:35:40.905 [com.alibaba.nacos.client.remote.worker] INFO  c.a.n.c.r.client - [printIfInfoEnabled,63] - [5f378a6b-8644-4566-843b-3883195fc72c] Fail to connect server, after trying 13 times, last try server is {serverIp = '47.118.20.7', server main port = 8848}, error = unknown
22:35:40.941 [com.alibaba.nacos.client.remote.worker] INFO  c.a.n.c.r.c.g.GrpcClient - [createNewManagedChannel,182] - grpc client connection server:47.118.20.7 ip,serverPort:9848,grpcTslConfig:{"sslProvider":"OPENSSL","enableTls":false,"mutualAuthEnable":false,"trustAll":false}
22:35:40.947 [com.alibaba.nacos.client.remote.worker] INFO  c.a.n.c.r.client - [printIfInfoEnabled,63] - [1468b452-e636-4d39-938a-da44e7d855aa_config-0] Fail to connect server, after trying 13 times, last try server is {serverIp = '47.118.20.7', server main port = 8848}, error = unknown
22:35:42.315 [com.alibaba.nacos.client.remote.worker] INFO  c.a.n.c.r.c.g.GrpcClient - [createNewManagedChannel,182] - grpc client connection server:47.118.20.7 ip,serverPort:9848,grpcTslConfig:{"sslProvider":"OPENSSL","enableTls":false,"mutualAuthEnable":false,"trustAll":false}
22:35:42.326 [com.alibaba.nacos.client.remote.worker] INFO  c.a.n.c.r.client - [printIfInfoEnabled,63] - [5f378a6b-8644-4566-843b-3883195fc72c] Fail to connect server, after trying 14 times, last try server is {serverIp = '47.118.20.7', server main port = 8848}, error = unknown
22:35:42.363 [com.alibaba.nacos.client.remote.worker] INFO  c.a.n.c.r.c.g.GrpcClient - [createNewManagedChannel,182] - grpc client connection server:47.118.20.7 ip,serverPort:9848,grpcTslConfig:{"sslProvider":"OPENSSL","enableTls":false,"mutualAuthEnable":false,"trustAll":false}
22:35:42.375 [com.alibaba.nacos.client.remote.worker] INFO  c.a.n.c.r.client - [printIfInfoEnabled,63] - [1468b452-e636-4d39-938a-da44e7d855aa_config-0] Fail to connect server, after trying 14 times, last try server is {serverIp = '47.118.20.7', server main port = 8848}, error = unknown
22:35:43.846 [com.alibaba.nacos.client.remote.worker] INFO  c.a.n.c.r.c.g.GrpcClient - [createNewManagedChannel,182] - grpc client connection server:47.118.20.7 ip,serverPort:9848,grpcTslConfig:{"sslProvider":"OPENSSL","enableTls":false,"mutualAuthEnable":false,"trustAll":false}
22:35:43.892 [com.alibaba.nacos.client.remote.worker] INFO  c.a.n.c.r.c.g.GrpcClient - [createNewManagedChannel,182] - grpc client connection server:47.118.20.7 ip,serverPort:9848,grpcTslConfig:{"sslProvider":"OPENSSL","enableTls":false,"mutualAuthEnable":false,"trustAll":false}
22:35:43.900 [com.alibaba.nacos.client.remote.worker] INFO  c.a.n.c.r.client - [printIfInfoEnabled,63] - [5f378a6b-8644-4566-843b-3883195fc72c] Fail to connect server, after trying 15 times, last try server is {serverIp = '47.118.20.7', server main port = 8848}, error = unknown
22:35:43.937 [com.alibaba.nacos.client.remote.worker] INFO  c.a.n.c.r.client - [printIfInfoEnabled,63] - [1468b452-e636-4d39-938a-da44e7d855aa_config-0] Fail to connect server, after trying 15 times, last try server is {serverIp = '47.118.20.7', server main port = 8848}, error = unknown
22:35:45.515 [com.alibaba.nacos.client.remote.worker] INFO  c.a.n.c.r.c.g.GrpcClient - [createNewManagedChannel,182] - grpc client connection server:47.118.20.7 ip,serverPort:9848,grpcTslConfig:{"sslProvider":"OPENSSL","enableTls":false,"mutualAuthEnable":false,"trustAll":false}
22:35:45.543 [com.alibaba.nacos.client.remote.worker] INFO  c.a.n.c.r.client - [printIfInfoEnabled,63] - [5f378a6b-8644-4566-843b-3883195fc72c] Fail to connect server, after trying 16 times, last try server is {serverIp = '47.118.20.7', server main port = 8848}, error = unknown
22:35:45.559 [com.alibaba.nacos.client.remote.worker] INFO  c.a.n.c.r.c.g.GrpcClient - [createNewManagedChannel,182] - grpc client connection server:47.118.20.7 ip,serverPort:9848,grpcTslConfig:{"sslProvider":"OPENSSL","enableTls":false,"mutualAuthEnable":false,"trustAll":false}
22:35:45.569 [com.alibaba.nacos.client.remote.worker] INFO  c.a.n.c.r.client - [printIfInfoEnabled,63] - [1468b452-e636-4d39-938a-da44e7d855aa_config-0] Fail to connect server, after trying 16 times, last try server is {serverIp = '47.118.20.7', server main port = 8848}, error = unknown
22:35:47.262 [com.alibaba.nacos.client.remote.worker] INFO  c.a.n.c.r.c.g.GrpcClient - [createNewManagedChannel,182] - grpc client connection server:47.118.20.7 ip,serverPort:9848,grpcTslConfig:{"sslProvider":"OPENSSL","enableTls":false,"mutualAuthEnable":false,"trustAll":false}
22:35:47.279 [com.alibaba.nacos.client.remote.worker] INFO  c.a.n.c.r.c.g.GrpcClient - [createNewManagedChannel,182] - grpc client connection server:47.118.20.7 ip,serverPort:9848,grpcTslConfig:{"sslProvider":"OPENSSL","enableTls":false,"mutualAuthEnable":false,"trustAll":false}
22:35:47.340 [com.alibaba.nacos.client.remote.worker] INFO  c.a.n.c.r.client - [printIfInfoEnabled,63] - [5f378a6b-8644-4566-843b-3883195fc72c] Fail to connect server, after trying 17 times, last try server is {serverIp = '47.118.20.7', server main port = 8848}, error = unknown
22:35:47.354 [com.alibaba.nacos.client.remote.worker] INFO  c.a.n.c.r.client - [printIfInfoEnabled,63] - [1468b452-e636-4d39-938a-da44e7d855aa_config-0] Fail to connect server, after trying 17 times, last try server is {serverIp = '47.118.20.7', server main port = 8848}, error = unknown
22:35:48.724 [lettuce-eventExecutorLoop-3-9] INFO  i.l.c.p.ConnectionWatchdog - [log,171] - Reconnecting, last destination was 47.118.20.7/<unresolved>:6379
22:35:49.144 [com.alibaba.nacos.client.remote.worker] INFO  c.a.n.c.r.c.g.GrpcClient - [createNewManagedChannel,182] - grpc client connection server:47.118.20.7 ip,serverPort:9848,grpcTslConfig:{"sslProvider":"OPENSSL","enableTls":false,"mutualAuthEnable":false,"trustAll":false}
22:35:49.151 [com.alibaba.nacos.client.remote.worker] INFO  c.a.n.c.r.client - [printIfInfoEnabled,63] - [5f378a6b-8644-4566-843b-3883195fc72c] Fail to connect server, after trying 18 times, last try server is {serverIp = '47.118.20.7', server main port = 8848}, error = unknown
22:35:49.165 [com.alibaba.nacos.client.remote.worker] INFO  c.a.n.c.r.c.g.GrpcClient - [createNewManagedChannel,182] - grpc client connection server:47.118.20.7 ip,serverPort:9848,grpcTslConfig:{"sslProvider":"OPENSSL","enableTls":false,"mutualAuthEnable":false,"trustAll":false}
22:35:49.173 [com.alibaba.nacos.client.remote.worker] INFO  c.a.n.c.r.client - [printIfInfoEnabled,63] - [1468b452-e636-4d39-938a-da44e7d855aa_config-0] Fail to connect server, after trying 18 times, last try server is {serverIp = '47.118.20.7', server main port = 8848}, error = unknown
22:35:51.052 [com.alibaba.nacos.client.remote.worker] INFO  c.a.n.c.r.c.g.GrpcClient - [createNewManagedChannel,182] - grpc client connection server:47.118.20.7 ip,serverPort:9848,grpcTslConfig:{"sslProvider":"OPENSSL","enableTls":false,"mutualAuthEnable":false,"trustAll":false}
22:35:51.061 [com.alibaba.nacos.client.remote.worker] INFO  c.a.n.c.r.client - [printIfInfoEnabled,63] - [5f378a6b-8644-4566-843b-3883195fc72c] Fail to connect server, after trying 19 times, last try server is {serverIp = '47.118.20.7', server main port = 8848}, error = unknown
22:35:51.084 [com.alibaba.nacos.client.remote.worker] INFO  c.a.n.c.r.c.g.GrpcClient - [createNewManagedChannel,182] - grpc client connection server:47.118.20.7 ip,serverPort:9848,grpcTslConfig:{"sslProvider":"OPENSSL","enableTls":false,"mutualAuthEnable":false,"trustAll":false}
22:35:51.094 [com.alibaba.nacos.client.remote.worker] INFO  c.a.n.c.r.client - [printIfInfoEnabled,63] - [1468b452-e636-4d39-938a-da44e7d855aa_config-0] Fail to connect server, after trying 19 times, last try server is {serverIp = '47.118.20.7', server main port = 8848}, error = unknown
22:35:53.064 [com.alibaba.nacos.client.remote.worker] INFO  c.a.n.c.r.c.g.GrpcClient - [createNewManagedChannel,182] - grpc client connection server:47.118.20.7 ip,serverPort:9848,grpcTslConfig:{"sslProvider":"OPENSSL","enableTls":false,"mutualAuthEnable":false,"trustAll":false}
22:35:53.075 [com.alibaba.nacos.client.remote.worker] INFO  c.a.n.c.r.client - [printIfInfoEnabled,63] - [5f378a6b-8644-4566-843b-3883195fc72c] Fail to connect server, after trying 20 times, last try server is {serverIp = '47.118.20.7', server main port = 8848}, error = unknown
22:35:53.104 [com.alibaba.nacos.client.remote.worker] INFO  c.a.n.c.r.c.g.GrpcClient - [createNewManagedChannel,182] - grpc client connection server:47.118.20.7 ip,serverPort:9848,grpcTslConfig:{"sslProvider":"OPENSSL","enableTls":false,"mutualAuthEnable":false,"trustAll":false}
22:35:53.129 [com.alibaba.nacos.client.remote.worker] INFO  c.a.n.c.r.client - [printIfInfoEnabled,63] - [1468b452-e636-4d39-938a-da44e7d855aa_config-0] Fail to connect server, after trying 20 times, last try server is {serverIp = '47.118.20.7', server main port = 8848}, error = unknown
22:35:55.187 [com.alibaba.nacos.client.remote.worker] INFO  c.a.n.c.r.c.g.GrpcClient - [createNewManagedChannel,182] - grpc client connection server:47.118.20.7 ip,serverPort:9848,grpcTslConfig:{"sslProvider":"OPENSSL","enableTls":false,"mutualAuthEnable":false,"trustAll":false}
22:35:55.209 [com.alibaba.nacos.client.remote.worker] INFO  c.a.n.c.r.client - [printIfInfoEnabled,63] - [5f378a6b-8644-4566-843b-3883195fc72c] Fail to connect server, after trying 21 times, last try server is {serverIp = '47.118.20.7', server main port = 8848}, error = unknown
22:35:55.233 [com.alibaba.nacos.client.remote.worker] INFO  c.a.n.c.r.c.g.GrpcClient - [createNewManagedChannel,182] - grpc client connection server:47.118.20.7 ip,serverPort:9848,grpcTslConfig:{"sslProvider":"OPENSSL","enableTls":false,"mutualAuthEnable":false,"trustAll":false}
22:35:55.241 [com.alibaba.nacos.client.remote.worker] INFO  c.a.n.c.r.client - [printIfInfoEnabled,63] - [1468b452-e636-4d39-938a-da44e7d855aa_config-0] Fail to connect server, after trying 21 times, last try server is {serverIp = '47.118.20.7', server main port = 8848}, error = unknown
22:35:57.409 [com.alibaba.nacos.client.remote.worker] INFO  c.a.n.c.r.c.g.GrpcClient - [createNewManagedChannel,182] - grpc client connection server:47.118.20.7 ip,serverPort:9848,grpcTslConfig:{"sslProvider":"OPENSSL","enableTls":false,"mutualAuthEnable":false,"trustAll":false}
22:35:57.418 [com.alibaba.nacos.client.remote.worker] INFO  c.a.n.c.r.client - [printIfInfoEnabled,63] - [5f378a6b-8644-4566-843b-3883195fc72c] Fail to connect server, after trying 22 times, last try server is {serverIp = '47.118.20.7', server main port = 8848}, error = unknown
22:35:57.456 [com.alibaba.nacos.client.remote.worker] INFO  c.a.n.c.r.c.g.GrpcClient - [createNewManagedChannel,182] - grpc client connection server:47.118.20.7 ip,serverPort:9848,grpcTslConfig:{"sslProvider":"OPENSSL","enableTls":false,"mutualAuthEnable":false,"trustAll":false}
22:35:57.465 [com.alibaba.nacos.client.remote.worker] INFO  c.a.n.c.r.client - [printIfInfoEnabled,63] - [1468b452-e636-4d39-938a-da44e7d855aa_config-0] Fail to connect server, after trying 22 times, last try server is {serverIp = '47.118.20.7', server main port = 8848}, error = unknown
22:35:59.730 [com.alibaba.nacos.client.remote.worker] INFO  c.a.n.c.r.c.g.GrpcClient - [createNewManagedChannel,182] - grpc client connection server:47.118.20.7 ip,serverPort:9848,grpcTslConfig:{"sslProvider":"OPENSSL","enableTls":false,"mutualAuthEnable":false,"trustAll":false}
22:35:59.737 [com.alibaba.nacos.client.remote.worker] INFO  c.a.n.c.r.client - [printIfInfoEnabled,63] - [5f378a6b-8644-4566-843b-3883195fc72c] Fail to connect server, after trying 23 times, last try server is {serverIp = '47.118.20.7', server main port = 8848}, error = unknown
22:35:59.776 [com.alibaba.nacos.client.remote.worker] INFO  c.a.n.c.r.c.g.GrpcClient - [createNewManagedChannel,182] - grpc client connection server:47.118.20.7 ip,serverPort:9848,grpcTslConfig:{"sslProvider":"OPENSSL","enableTls":false,"mutualAuthEnable":false,"trustAll":false}
22:35:59.783 [com.alibaba.nacos.client.remote.worker] INFO  c.a.n.c.r.client - [printIfInfoEnabled,63] - [1468b452-e636-4d39-938a-da44e7d855aa_config-0] Fail to connect server, after trying 23 times, last try server is {serverIp = '47.118.20.7', server main port = 8848}, error = unknown
22:36:02.145 [com.alibaba.nacos.client.remote.worker] INFO  c.a.n.c.r.c.g.GrpcClient - [createNewManagedChannel,182] - grpc client connection server:47.118.20.7 ip,serverPort:9848,grpcTslConfig:{"sslProvider":"OPENSSL","enableTls":false,"mutualAuthEnable":false,"trustAll":false}
22:36:02.158 [com.alibaba.nacos.client.remote.worker] INFO  c.a.n.c.r.client - [printIfInfoEnabled,63] - [5f378a6b-8644-4566-843b-3883195fc72c] Fail to connect server, after trying 24 times, last try server is {serverIp = '47.118.20.7', server main port = 8848}, error = unknown
22:36:02.191 [com.alibaba.nacos.client.remote.worker] INFO  c.a.n.c.r.c.g.GrpcClient - [createNewManagedChannel,182] - grpc client connection server:47.118.20.7 ip,serverPort:9848,grpcTslConfig:{"sslProvider":"OPENSSL","enableTls":false,"mutualAuthEnable":false,"trustAll":false}
22:36:02.197 [com.alibaba.nacos.client.remote.worker] INFO  c.a.n.c.r.client - [printIfInfoEnabled,63] - [1468b452-e636-4d39-938a-da44e7d855aa_config-0] Fail to connect server, after trying 24 times, last try server is {serverIp = '47.118.20.7', server main port = 8848}, error = unknown
22:36:04.667 [com.alibaba.nacos.client.remote.worker] INFO  c.a.n.c.r.c.g.GrpcClient - [createNewManagedChannel,182] - grpc client connection server:47.118.20.7 ip,serverPort:9848,grpcTslConfig:{"sslProvider":"OPENSSL","enableTls":false,"mutualAuthEnable":false,"trustAll":false}
22:36:04.677 [com.alibaba.nacos.client.remote.worker] INFO  c.a.n.c.r.client - [printIfInfoEnabled,63] - [5f378a6b-8644-4566-843b-3883195fc72c] Fail to connect server, after trying 25 times, last try server is {serverIp = '47.118.20.7', server main port = 8848}, error = unknown
22:36:04.699 [com.alibaba.nacos.client.remote.worker] INFO  c.a.n.c.r.c.g.GrpcClient - [createNewManagedChannel,182] - grpc client connection server:47.118.20.7 ip,serverPort:9848,grpcTslConfig:{"sslProvider":"OPENSSL","enableTls":false,"mutualAuthEnable":false,"trustAll":false}
22:36:04.710 [com.alibaba.nacos.client.remote.worker] INFO  c.a.n.c.r.client - [printIfInfoEnabled,63] - [1468b452-e636-4d39-938a-da44e7d855aa_config-0] Fail to connect server, after trying 25 times, last try server is {serverIp = '47.118.20.7', server main port = 8848}, error = unknown
22:36:05.136 [lettuce-eventExecutorLoop-3-11] INFO  i.l.c.p.ConnectionWatchdog - [log,171] - Reconnecting, last destination was 47.118.20.7/<unresolved>:6379
22:36:07.287 [com.alibaba.nacos.client.remote.worker] INFO  c.a.n.c.r.c.g.GrpcClient - [createNewManagedChannel,182] - grpc client connection server:47.118.20.7 ip,serverPort:9848,grpcTslConfig:{"sslProvider":"OPENSSL","enableTls":false,"mutualAuthEnable":false,"trustAll":false}
22:36:07.296 [com.alibaba.nacos.client.remote.worker] INFO  c.a.n.c.r.client - [printIfInfoEnabled,63] - [5f378a6b-8644-4566-843b-3883195fc72c] Fail to connect server, after trying 26 times, last try server is {serverIp = '47.118.20.7', server main port = 8848}, error = unknown
22:36:07.320 [com.alibaba.nacos.client.remote.worker] INFO  c.a.n.c.r.c.g.GrpcClient - [createNewManagedChannel,182] - grpc client connection server:47.118.20.7 ip,serverPort:9848,grpcTslConfig:{"sslProvider":"OPENSSL","enableTls":false,"mutualAuthEnable":false,"trustAll":false}
22:36:07.331 [com.alibaba.nacos.client.remote.worker] INFO  c.a.n.c.r.client - [printIfInfoEnabled,63] - [1468b452-e636-4d39-938a-da44e7d855aa_config-0] Fail to connect server, after trying 26 times, last try server is {serverIp = '47.118.20.7', server main port = 8848}, error = unknown
22:36:10.007 [com.alibaba.nacos.client.remote.worker] INFO  c.a.n.c.r.c.g.GrpcClient - [createNewManagedChannel,182] - grpc client connection server:47.118.20.7 ip,serverPort:9848,grpcTslConfig:{"sslProvider":"OPENSSL","enableTls":false,"mutualAuthEnable":false,"trustAll":false}
22:36:10.016 [com.alibaba.nacos.client.remote.worker] INFO  c.a.n.c.r.client - [printIfInfoEnabled,63] - [5f378a6b-8644-4566-843b-3883195fc72c] Fail to connect server, after trying 27 times, last try server is {serverIp = '47.118.20.7', server main port = 8848}, error = unknown
22:36:10.037 [com.alibaba.nacos.client.remote.worker] INFO  c.a.n.c.r.c.g.GrpcClient - [createNewManagedChannel,182] - grpc client connection server:47.118.20.7 ip,serverPort:9848,grpcTslConfig:{"sslProvider":"OPENSSL","enableTls":false,"mutualAuthEnable":false,"trustAll":false}
22:36:10.045 [com.alibaba.nacos.client.remote.worker] INFO  c.a.n.c.r.client - [printIfInfoEnabled,63] - [1468b452-e636-4d39-938a-da44e7d855aa_config-0] Fail to connect server, after trying 27 times, last try server is {serverIp = '47.118.20.7', server main port = 8848}, error = unknown
22:36:12.822 [com.alibaba.nacos.client.remote.worker] INFO  c.a.n.c.r.c.g.GrpcClient - [createNewManagedChannel,182] - grpc client connection server:47.118.20.7 ip,serverPort:9848,grpcTslConfig:{"sslProvider":"OPENSSL","enableTls":false,"mutualAuthEnable":false,"trustAll":false}
22:36:12.831 [com.alibaba.nacos.client.remote.worker] INFO  c.a.n.c.r.client - [printIfInfoEnabled,63] - [5f378a6b-8644-4566-843b-3883195fc72c] Fail to connect server, after trying 28 times, last try server is {serverIp = '47.118.20.7', server main port = 8848}, error = unknown
22:36:12.853 [com.alibaba.nacos.client.remote.worker] INFO  c.a.n.c.r.c.g.GrpcClient - [createNewManagedChannel,182] - grpc client connection server:47.118.20.7 ip,serverPort:9848,grpcTslConfig:{"sslProvider":"OPENSSL","enableTls":false,"mutualAuthEnable":false,"trustAll":false}
22:36:12.865 [com.alibaba.nacos.client.remote.worker] INFO  c.a.n.c.r.client - [printIfInfoEnabled,63] - [1468b452-e636-4d39-938a-da44e7d855aa_config-0] Fail to connect server, after trying 28 times, last try server is {serverIp = '47.118.20.7', server main port = 8848}, error = unknown
22:36:15.733 [com.alibaba.nacos.client.remote.worker] INFO  c.a.n.c.r.c.g.GrpcClient - [createNewManagedChannel,182] - grpc client connection server:47.118.20.7 ip,serverPort:9848,grpcTslConfig:{"sslProvider":"OPENSSL","enableTls":false,"mutualAuthEnable":false,"trustAll":false}
22:36:15.742 [com.alibaba.nacos.client.remote.worker] INFO  c.a.n.c.r.client - [printIfInfoEnabled,63] - [5f378a6b-8644-4566-843b-3883195fc72c] Fail to connect server, after trying 29 times, last try server is {serverIp = '47.118.20.7', server main port = 8848}, error = unknown
22:36:15.781 [com.alibaba.nacos.client.remote.worker] INFO  c.a.n.c.r.c.g.GrpcClient - [createNewManagedChannel,182] - grpc client connection server:47.118.20.7 ip,serverPort:9848,grpcTslConfig:{"sslProvider":"OPENSSL","enableTls":false,"mutualAuthEnable":false,"trustAll":false}
22:36:15.790 [com.alibaba.nacos.client.remote.worker] INFO  c.a.n.c.r.client - [printIfInfoEnabled,63] - [1468b452-e636-4d39-938a-da44e7d855aa_config-0] Fail to connect server, after trying 29 times, last try server is {serverIp = '47.118.20.7', server main port = 8848}, error = unknown
22:36:18.755 [com.alibaba.nacos.client.remote.worker] INFO  c.a.n.c.r.c.g.GrpcClient - [createNewManagedChannel,182] - grpc client connection server:47.118.20.7 ip,serverPort:9848,grpcTslConfig:{"sslProvider":"OPENSSL","enableTls":false,"mutualAuthEnable":false,"trustAll":false}
22:36:18.765 [com.alibaba.nacos.client.remote.worker] INFO  c.a.n.c.r.client - [printIfInfoEnabled,63] - [5f378a6b-8644-4566-843b-3883195fc72c] Fail to connect server, after trying 30 times, last try server is {serverIp = '47.118.20.7', server main port = 8848}, error = unknown
22:36:18.801 [com.alibaba.nacos.client.remote.worker] INFO  c.a.n.c.r.c.g.GrpcClient - [createNewManagedChannel,182] - grpc client connection server:47.118.20.7 ip,serverPort:9848,grpcTslConfig:{"sslProvider":"OPENSSL","enableTls":false,"mutualAuthEnable":false,"trustAll":false}
22:36:18.810 [com.alibaba.nacos.client.remote.worker] INFO  c.a.n.c.r.client - [printIfInfoEnabled,63] - [1468b452-e636-4d39-938a-da44e7d855aa_config-0] Fail to connect server, after trying 30 times, last try server is {serverIp = '47.118.20.7', server main port = 8848}, error = unknown
22:36:21.876 [com.alibaba.nacos.client.remote.worker] INFO  c.a.n.c.r.c.g.GrpcClient - [createNewManagedChannel,182] - grpc client connection server:47.118.20.7 ip,serverPort:9848,grpcTslConfig:{"sslProvider":"OPENSSL","enableTls":false,"mutualAuthEnable":false,"trustAll":false}
22:36:21.887 [com.alibaba.nacos.client.remote.worker] INFO  c.a.n.c.r.client - [printIfInfoEnabled,63] - [5f378a6b-8644-4566-843b-3883195fc72c] Fail to connect server, after trying 31 times, last try server is {serverIp = '47.118.20.7', server main port = 8848}, error = unknown
22:36:21.924 [com.alibaba.nacos.client.remote.worker] INFO  c.a.n.c.r.c.g.GrpcClient - [createNewManagedChannel,182] - grpc client connection server:47.118.20.7 ip,serverPort:9848,grpcTslConfig:{"sslProvider":"OPENSSL","enableTls":false,"mutualAuthEnable":false,"trustAll":false}
22:36:21.936 [com.alibaba.nacos.client.remote.worker] INFO  c.a.n.c.r.client - [printIfInfoEnabled,63] - [1468b452-e636-4d39-938a-da44e7d855aa_config-0] Fail to connect server, after trying 31 times, last try server is {serverIp = '47.118.20.7', server main port = 8848}, error = unknown
22:36:25.093 [com.alibaba.nacos.client.remote.worker] INFO  c.a.n.c.r.c.g.GrpcClient - [createNewManagedChannel,182] - grpc client connection server:47.118.20.7 ip,serverPort:9848,grpcTslConfig:{"sslProvider":"OPENSSL","enableTls":false,"mutualAuthEnable":false,"trustAll":false}
22:36:25.103 [com.alibaba.nacos.client.remote.worker] INFO  c.a.n.c.r.client - [printIfInfoEnabled,63] - [5f378a6b-8644-4566-843b-3883195fc72c] Fail to connect server, after trying 32 times, last try server is {serverIp = '47.118.20.7', server main port = 8848}, error = unknown
22:36:25.141 [com.alibaba.nacos.client.remote.worker] INFO  c.a.n.c.r.c.g.GrpcClient - [createNewManagedChannel,182] - grpc client connection server:47.118.20.7 ip,serverPort:9848,grpcTslConfig:{"sslProvider":"OPENSSL","enableTls":false,"mutualAuthEnable":false,"trustAll":false}
22:36:25.153 [com.alibaba.nacos.client.remote.worker] INFO  c.a.n.c.r.client - [printIfInfoEnabled,63] - [1468b452-e636-4d39-938a-da44e7d855aa_config-0] Fail to connect server, after trying 32 times, last try server is {serverIp = '47.118.20.7', server main port = 8848}, error = unknown
22:36:28.413 [com.alibaba.nacos.client.remote.worker] INFO  c.a.n.c.r.c.g.GrpcClient - [createNewManagedChannel,182] - grpc client connection server:47.118.20.7 ip,serverPort:9848,grpcTslConfig:{"sslProvider":"OPENSSL","enableTls":false,"mutualAuthEnable":false,"trustAll":false}
22:36:28.421 [com.alibaba.nacos.client.remote.worker] INFO  c.a.n.c.r.client - [printIfInfoEnabled,63] - [5f378a6b-8644-4566-843b-3883195fc72c] Fail to connect server, after trying 33 times, last try server is {serverIp = '47.118.20.7', server main port = 8848}, error = unknown
22:36:28.462 [com.alibaba.nacos.client.remote.worker] INFO  c.a.n.c.r.c.g.GrpcClient - [createNewManagedChannel,182] - grpc client connection server:47.118.20.7 ip,serverPort:9848,grpcTslConfig:{"sslProvider":"OPENSSL","enableTls":false,"mutualAuthEnable":false,"trustAll":false}
22:36:28.471 [com.alibaba.nacos.client.remote.worker] INFO  c.a.n.c.r.client - [printIfInfoEnabled,63] - [1468b452-e636-4d39-938a-da44e7d855aa_config-0] Fail to connect server, after trying 33 times, last try server is {serverIp = '47.118.20.7', server main port = 8848}, error = unknown
22:36:31.879 [com.alibaba.nacos.client.remote.worker] INFO  c.a.n.c.r.c.g.GrpcClient - [createNewManagedChannel,182] - grpc client connection server:47.118.20.7 ip,serverPort:9848,grpcTslConfig:{"sslProvider":"OPENSSL","enableTls":false,"mutualAuthEnable":false,"trustAll":false}
22:36:31.881 [com.alibaba.nacos.client.remote.worker] INFO  c.a.n.c.r.c.g.GrpcClient - [createNewManagedChannel,182] - grpc client connection server:47.118.20.7 ip,serverPort:9848,grpcTslConfig:{"sslProvider":"OPENSSL","enableTls":false,"mutualAuthEnable":false,"trustAll":false}
22:36:34.993 [com.alibaba.nacos.client.remote.worker] INFO  c.a.n.c.r.client - [printIfInfoEnabled,63] - [1468b452-e636-4d39-938a-da44e7d855aa_config-0] Fail to connect server, after trying 34 times, last try server is {serverIp = '47.118.20.7', server main port = 8848}, error = unknown
22:36:35.229 [lettuce-eventExecutorLoop-3-13] INFO  i.l.c.p.ConnectionWatchdog - [log,171] - Reconnecting, last destination was 47.118.20.7/<unresolved>:6379
22:36:35.272 [com.alibaba.nacos.client.remote.worker] INFO  c.a.n.c.r.client - [printIfInfoEnabled,63] - [5f378a6b-8644-4566-843b-3883195fc72c] Fail to connect server, after trying 34 times, last try server is {serverIp = '47.118.20.7', server main port = 8848}, error = unknown
22:36:38.508 [com.alibaba.nacos.client.remote.worker] INFO  c.a.n.c.r.c.g.GrpcClient - [createNewManagedChannel,182] - grpc client connection server:47.118.20.7 ip,serverPort:9848,grpcTslConfig:{"sslProvider":"OPENSSL","enableTls":false,"mutualAuthEnable":false,"trustAll":false}
22:36:38.802 [com.alibaba.nacos.client.remote.worker] INFO  c.a.n.c.r.c.g.GrpcClient - [createNewManagedChannel,182] - grpc client connection server:47.118.20.7 ip,serverPort:9848,grpcTslConfig:{"sslProvider":"OPENSSL","enableTls":false,"mutualAuthEnable":false,"trustAll":false}
22:36:41.533 [com.alibaba.nacos.client.remote.worker] INFO  c.a.n.c.r.client - [printIfInfoEnabled,63] - [1468b452-e636-4d39-938a-da44e7d855aa_config-0] Fail to connect server, after trying 35 times, last try server is {serverIp = '47.118.20.7', server main port = 8848}, error = unknown
22:36:42.084 [com.alibaba.nacos.client.remote.worker] INFO  c.a.n.c.r.client - [printIfInfoEnabled,63] - [5f378a6b-8644-4566-843b-3883195fc72c] Fail to connect server, after trying 35 times, last try server is {serverIp = '47.118.20.7', server main port = 8848}, error = unknown
22:36:45.325 [com.alibaba.nacos.client.remote.worker] INFO  c.a.n.c.r.c.g.GrpcClient - [createNewManagedChannel,182] - grpc client connection server:47.118.20.7 ip,serverPort:9848,grpcTslConfig:{"sslProvider":"OPENSSL","enableTls":false,"mutualAuthEnable":false,"trustAll":false}
22:36:45.747 [com.alibaba.nacos.client.remote.worker] INFO  c.a.n.c.r.c.g.GrpcClient - [createNewManagedChannel,182] - grpc client connection server:47.118.20.7 ip,serverPort:9848,grpcTslConfig:{"sslProvider":"OPENSSL","enableTls":false,"mutualAuthEnable":false,"trustAll":false}
22:36:48.390 [com.alibaba.nacos.client.remote.worker] INFO  c.a.n.c.r.client - [printIfInfoEnabled,63] - [1468b452-e636-4d39-938a-da44e7d855aa_config-0] Fail to connect server, after trying 36 times, last try server is {serverIp = '47.118.20.7', server main port = 8848}, error = unknown
22:36:48.757 [com.alibaba.nacos.client.remote.worker] INFO  c.a.n.c.r.client - [printIfInfoEnabled,63] - [5f378a6b-8644-4566-843b-3883195fc72c] Fail to connect server, after trying 36 times, last try server is {serverIp = '47.118.20.7', server main port = 8848}, error = unknown
22:36:52.105 [com.alibaba.nacos.client.remote.worker] INFO  c.a.n.c.r.c.g.GrpcClient - [createNewManagedChannel,182] - grpc client connection server:47.118.20.7 ip,serverPort:9848,grpcTslConfig:{"sslProvider":"OPENSSL","enableTls":false,"mutualAuthEnable":false,"trustAll":false}
22:36:52.462 [com.alibaba.nacos.client.remote.worker] INFO  c.a.n.c.r.c.g.GrpcClient - [createNewManagedChannel,182] - grpc client connection server:47.118.20.7 ip,serverPort:9848,grpcTslConfig:{"sslProvider":"OPENSSL","enableTls":false,"mutualAuthEnable":false,"trustAll":false}
22:36:55.116 [com.alibaba.nacos.client.remote.worker] INFO  c.a.n.c.r.client - [printIfInfoEnabled,63] - [1468b452-e636-4d39-938a-da44e7d855aa_config-0] Fail to connect server, after trying 37 times, last try server is {serverIp = '47.118.20.7', server main port = 8848}, error = unknown
22:36:55.479 [com.alibaba.nacos.client.remote.worker] INFO  c.a.n.c.r.client - [printIfInfoEnabled,63] - [5f378a6b-8644-4566-843b-3883195fc72c] Fail to connect server, after trying 37 times, last try server is {serverIp = '47.118.20.7', server main port = 8848}, error = unknown
22:36:58.923 [com.alibaba.nacos.client.remote.worker] INFO  c.a.n.c.r.c.g.GrpcClient - [createNewManagedChannel,182] - grpc client connection server:47.118.20.7 ip,serverPort:9848,grpcTslConfig:{"sslProvider":"OPENSSL","enableTls":false,"mutualAuthEnable":false,"trustAll":false}
22:36:59.281 [com.alibaba.nacos.client.remote.worker] INFO  c.a.n.c.r.c.g.GrpcClient - [createNewManagedChannel,182] - grpc client connection server:47.118.20.7 ip,serverPort:9848,grpcTslConfig:{"sslProvider":"OPENSSL","enableTls":false,"mutualAuthEnable":false,"trustAll":false}
22:37:01.934 [com.alibaba.nacos.client.remote.worker] INFO  c.a.n.c.r.client - [printIfInfoEnabled,63] - [1468b452-e636-4d39-938a-da44e7d855aa_config-0] Fail to connect server, after trying 38 times, last try server is {serverIp = '47.118.20.7', server main port = 8848}, error = unknown
22:37:02.294 [com.alibaba.nacos.client.remote.worker] INFO  c.a.n.c.r.client - [printIfInfoEnabled,63] - [5f378a6b-8644-4566-843b-3883195fc72c] Fail to connect server, after trying 38 times, last try server is {serverIp = '47.118.20.7', server main port = 8848}, error = unknown
22:37:05.849 [com.alibaba.nacos.client.remote.worker] INFO  c.a.n.c.r.c.g.GrpcClient - [createNewManagedChannel,182] - grpc client connection server:47.118.20.7 ip,serverPort:9848,grpcTslConfig:{"sslProvider":"OPENSSL","enableTls":false,"mutualAuthEnable":false,"trustAll":false}
22:37:06.213 [com.alibaba.nacos.client.remote.worker] INFO  c.a.n.c.r.c.g.GrpcClient - [createNewManagedChannel,182] - grpc client connection server:47.118.20.7 ip,serverPort:9848,grpcTslConfig:{"sslProvider":"OPENSSL","enableTls":false,"mutualAuthEnable":false,"trustAll":false}
22:37:08.860 [com.alibaba.nacos.client.remote.worker] INFO  c.a.n.c.r.client - [printIfInfoEnabled,63] - [1468b452-e636-4d39-938a-da44e7d855aa_config-0] Fail to connect server, after trying 39 times, last try server is {serverIp = '47.118.20.7', server main port = 8848}, error = unknown
22:37:09.235 [com.alibaba.nacos.client.remote.worker] INFO  c.a.n.c.r.client - [printIfInfoEnabled,63] - [5f378a6b-8644-4566-843b-3883195fc72c] Fail to connect server, after trying 39 times, last try server is {serverIp = '47.118.20.7', server main port = 8848}, error = unknown
22:37:10.529 [lettuce-eventExecutorLoop-3-15] INFO  i.l.c.p.ConnectionWatchdog - [log,171] - Reconnecting, last destination was 47.118.20.7/<unresolved>:6379
22:37:12.869 [com.alibaba.nacos.client.remote.worker] INFO  c.a.n.c.r.c.g.GrpcClient - [createNewManagedChannel,182] - grpc client connection server:47.118.20.7 ip,serverPort:9848,grpcTslConfig:{"sslProvider":"OPENSSL","enableTls":false,"mutualAuthEnable":false,"trustAll":false}
22:37:13.242 [com.alibaba.nacos.client.remote.worker] INFO  c.a.n.c.r.c.g.GrpcClient - [createNewManagedChannel,182] - grpc client connection server:47.118.20.7 ip,serverPort:9848,grpcTslConfig:{"sslProvider":"OPENSSL","enableTls":false,"mutualAuthEnable":false,"trustAll":false}
22:37:15.880 [com.alibaba.nacos.client.remote.worker] INFO  c.a.n.c.r.client - [printIfInfoEnabled,63] - [1468b452-e636-4d39-938a-da44e7d855aa_config-0] Fail to connect server, after trying 40 times, last try server is {serverIp = '47.118.20.7', server main port = 8848}, error = unknown
22:37:16.253 [com.alibaba.nacos.client.remote.worker] INFO  c.a.n.c.r.client - [printIfInfoEnabled,63] - [5f378a6b-8644-4566-843b-3883195fc72c] Fail to connect server, after trying 40 times, last try server is {serverIp = '47.118.20.7', server main port = 8848}, error = unknown
22:37:19.991 [com.alibaba.nacos.client.remote.worker] INFO  c.a.n.c.r.c.g.GrpcClient - [createNewManagedChannel,182] - grpc client connection server:47.118.20.7 ip,serverPort:9848,grpcTslConfig:{"sslProvider":"OPENSSL","enableTls":false,"mutualAuthEnable":false,"trustAll":false}
22:37:20.364 [com.alibaba.nacos.client.remote.worker] INFO  c.a.n.c.r.c.g.GrpcClient - [createNewManagedChannel,182] - grpc client connection server:47.118.20.7 ip,serverPort:9848,grpcTslConfig:{"sslProvider":"OPENSSL","enableTls":false,"mutualAuthEnable":false,"trustAll":false}
22:37:23.005 [com.alibaba.nacos.client.remote.worker] INFO  c.a.n.c.r.client - [printIfInfoEnabled,63] - [1468b452-e636-4d39-938a-da44e7d855aa_config-0] Fail to connect server, after trying 41 times, last try server is {serverIp = '47.118.20.7', server main port = 8848}, error = unknown
22:37:23.377 [com.alibaba.nacos.client.remote.worker] INFO  c.a.n.c.r.client - [printIfInfoEnabled,63] - [5f378a6b-8644-4566-843b-3883195fc72c] Fail to connect server, after trying 41 times, last try server is {serverIp = '47.118.20.7', server main port = 8848}, error = unknown
22:37:27.216 [com.alibaba.nacos.client.remote.worker] INFO  c.a.n.c.r.c.g.GrpcClient - [createNewManagedChannel,182] - grpc client connection server:47.118.20.7 ip,serverPort:9848,grpcTslConfig:{"sslProvider":"OPENSSL","enableTls":false,"mutualAuthEnable":false,"trustAll":false}
22:37:27.590 [com.alibaba.nacos.client.remote.worker] INFO  c.a.n.c.r.c.g.GrpcClient - [createNewManagedChannel,182] - grpc client connection server:47.118.20.7 ip,serverPort:9848,grpcTslConfig:{"sslProvider":"OPENSSL","enableTls":false,"mutualAuthEnable":false,"trustAll":false}
22:37:30.237 [com.alibaba.nacos.client.remote.worker] INFO  c.a.n.c.r.client - [printIfInfoEnabled,63] - [1468b452-e636-4d39-938a-da44e7d855aa_config-0] Fail to connect server, after trying 42 times, last try server is {serverIp = '47.118.20.7', server main port = 8848}, error = unknown
22:37:30.608 [com.alibaba.nacos.client.remote.worker] INFO  c.a.n.c.r.client - [printIfInfoEnabled,63] - [5f378a6b-8644-4566-843b-3883195fc72c] Fail to connect server, after trying 42 times, last try server is {serverIp = '47.118.20.7', server main port = 8848}, error = unknown
22:37:34.551 [com.alibaba.nacos.client.remote.worker] INFO  c.a.n.c.r.c.g.GrpcClient - [createNewManagedChannel,182] - grpc client connection server:47.118.20.7 ip,serverPort:9848,grpcTslConfig:{"sslProvider":"OPENSSL","enableTls":false,"mutualAuthEnable":false,"trustAll":false}
22:37:34.922 [com.alibaba.nacos.client.remote.worker] INFO  c.a.n.c.r.c.g.GrpcClient - [createNewManagedChannel,182] - grpc client connection server:47.118.20.7 ip,serverPort:9848,grpcTslConfig:{"sslProvider":"OPENSSL","enableTls":false,"mutualAuthEnable":false,"trustAll":false}
22:37:37.558 [com.alibaba.nacos.client.remote.worker] INFO  c.a.n.c.r.client - [printIfInfoEnabled,63] - [1468b452-e636-4d39-938a-da44e7d855aa_config-0] Fail to connect server, after trying 43 times, last try server is {serverIp = '47.118.20.7', server main port = 8848}, error = unknown
22:37:37.932 [com.alibaba.nacos.client.remote.worker] INFO  c.a.n.c.r.client - [printIfInfoEnabled,63] - [5f378a6b-8644-4566-843b-3883195fc72c] Fail to connect server, after trying 43 times, last try server is {serverIp = '47.118.20.7', server main port = 8848}, error = unknown
22:37:41.968 [com.alibaba.nacos.client.remote.worker] INFO  c.a.n.c.r.c.g.GrpcClient - [createNewManagedChannel,182] - grpc client connection server:47.118.20.7 ip,serverPort:9848,grpcTslConfig:{"sslProvider":"OPENSSL","enableTls":false,"mutualAuthEnable":false,"trustAll":false}
22:37:42.343 [com.alibaba.nacos.client.remote.worker] INFO  c.a.n.c.r.c.g.GrpcClient - [createNewManagedChannel,182] - grpc client connection server:47.118.20.7 ip,serverPort:9848,grpcTslConfig:{"sslProvider":"OPENSSL","enableTls":false,"mutualAuthEnable":false,"trustAll":false}
22:37:44.978 [com.alibaba.nacos.client.remote.worker] INFO  c.a.n.c.r.client - [printIfInfoEnabled,63] - [1468b452-e636-4d39-938a-da44e7d855aa_config-0] Fail to connect server, after trying 44 times, last try server is {serverIp = '47.118.20.7', server main port = 8848}, error = unknown
22:37:45.352 [com.alibaba.nacos.client.remote.worker] INFO  c.a.n.c.r.client - [printIfInfoEnabled,63] - [5f378a6b-8644-4566-843b-3883195fc72c] Fail to connect server, after trying 44 times, last try server is {serverIp = '47.118.20.7', server main port = 8848}, error = unknown
22:37:45.728 [lettuce-eventExecutorLoop-3-17] INFO  i.l.c.p.ConnectionWatchdog - [log,171] - Reconnecting, last destination was 47.118.20.7/<unresolved>:6379
22:37:49.490 [com.alibaba.nacos.client.remote.worker] INFO  c.a.n.c.r.c.g.GrpcClient - [createNewManagedChannel,182] - grpc client connection server:47.118.20.7 ip,serverPort:9848,grpcTslConfig:{"sslProvider":"OPENSSL","enableTls":false,"mutualAuthEnable":false,"trustAll":false}
22:37:49.859 [com.alibaba.nacos.client.remote.worker] INFO  c.a.n.c.r.c.g.GrpcClient - [createNewManagedChannel,182] - grpc client connection server:47.118.20.7 ip,serverPort:9848,grpcTslConfig:{"sslProvider":"OPENSSL","enableTls":false,"mutualAuthEnable":false,"trustAll":false}
22:37:52.501 [com.alibaba.nacos.client.remote.worker] INFO  c.a.n.c.r.client - [printIfInfoEnabled,63] - [1468b452-e636-4d39-938a-da44e7d855aa_config-0] Fail to connect server, after trying 45 times, last try server is {serverIp = '47.118.20.7', server main port = 8848}, error = unknown
22:37:52.875 [com.alibaba.nacos.client.remote.worker] INFO  c.a.n.c.r.client - [printIfInfoEnabled,63] - [5f378a6b-8644-4566-843b-3883195fc72c] Fail to connect server, after trying 45 times, last try server is {serverIp = '47.118.20.7', server main port = 8848}, error = unknown
22:37:57.115 [com.alibaba.nacos.client.remote.worker] INFO  c.a.n.c.r.c.g.GrpcClient - [createNewManagedChannel,182] - grpc client connection server:47.118.20.7 ip,serverPort:9848,grpcTslConfig:{"sslProvider":"OPENSSL","enableTls":false,"mutualAuthEnable":false,"trustAll":false}
22:37:57.494 [com.alibaba.nacos.client.remote.worker] INFO  c.a.n.c.r.c.g.GrpcClient - [createNewManagedChannel,182] - grpc client connection server:47.118.20.7 ip,serverPort:9848,grpcTslConfig:{"sslProvider":"OPENSSL","enableTls":false,"mutualAuthEnable":false,"trustAll":false}
22:38:00.132 [com.alibaba.nacos.client.remote.worker] INFO  c.a.n.c.r.client - [printIfInfoEnabled,63] - [1468b452-e636-4d39-938a-da44e7d855aa_config-0] Fail to connect server, after trying 46 times, last try server is {serverIp = '47.118.20.7', server main port = 8848}, error = unknown
22:38:00.503 [com.alibaba.nacos.client.remote.worker] INFO  c.a.n.c.r.client - [printIfInfoEnabled,63] - [5f378a6b-8644-4566-843b-3883195fc72c] Fail to connect server, after trying 46 times, last try server is {serverIp = '47.118.20.7', server main port = 8848}, error = unknown
22:38:04.839 [com.alibaba.nacos.client.remote.worker] INFO  c.a.n.c.r.c.g.GrpcClient - [createNewManagedChannel,182] - grpc client connection server:47.118.20.7 ip,serverPort:9848,grpcTslConfig:{"sslProvider":"OPENSSL","enableTls":false,"mutualAuthEnable":false,"trustAll":false}
22:38:05.211 [com.alibaba.nacos.client.remote.worker] INFO  c.a.n.c.r.c.g.GrpcClient - [createNewManagedChannel,182] - grpc client connection server:47.118.20.7 ip,serverPort:9848,grpcTslConfig:{"sslProvider":"OPENSSL","enableTls":false,"mutualAuthEnable":false,"trustAll":false}
22:38:07.856 [com.alibaba.nacos.client.remote.worker] INFO  c.a.n.c.r.client - [printIfInfoEnabled,63] - [1468b452-e636-4d39-938a-da44e7d855aa_config-0] Fail to connect server, after trying 47 times, last try server is {serverIp = '47.118.20.7', server main port = 8848}, error = unknown
22:38:08.215 [com.alibaba.nacos.client.remote.worker] INFO  c.a.n.c.r.client - [printIfInfoEnabled,63] - [5f378a6b-8644-4566-843b-3883195fc72c] Fail to connect server, after trying 47 times, last try server is {serverIp = '47.118.20.7', server main port = 8848}, error = unknown
22:38:12.663 [com.alibaba.nacos.client.remote.worker] INFO  c.a.n.c.r.c.g.GrpcClient - [createNewManagedChannel,182] - grpc client connection server:47.118.20.7 ip,serverPort:9848,grpcTslConfig:{"sslProvider":"OPENSSL","enableTls":false,"mutualAuthEnable":false,"trustAll":false}
22:38:13.022 [com.alibaba.nacos.client.remote.worker] INFO  c.a.n.c.r.c.g.GrpcClient - [createNewManagedChannel,182] - grpc client connection server:47.118.20.7 ip,serverPort:9848,grpcTslConfig:{"sslProvider":"OPENSSL","enableTls":false,"mutualAuthEnable":false,"trustAll":false}
22:38:15.677 [com.alibaba.nacos.client.remote.worker] INFO  c.a.n.c.r.client - [printIfInfoEnabled,63] - [1468b452-e636-4d39-938a-da44e7d855aa_config-0] Fail to connect server, after trying 48 times, last try server is {serverIp = '47.118.20.7', server main port = 8848}, error = unknown
22:38:16.036 [com.alibaba.nacos.client.remote.worker] INFO  c.a.n.c.r.client - [printIfInfoEnabled,63] - [5f378a6b-8644-4566-843b-3883195fc72c] Fail to connect server, after trying 48 times, last try server is {serverIp = '47.118.20.7', server main port = 8848}, error = unknown
22:38:20.589 [com.alibaba.nacos.client.remote.worker] INFO  c.a.n.c.r.c.g.GrpcClient - [createNewManagedChannel,182] - grpc client connection server:47.118.20.7 ip,serverPort:9848,grpcTslConfig:{"sslProvider":"OPENSSL","enableTls":false,"mutualAuthEnable":false,"trustAll":false}
22:38:20.933 [lettuce-eventExecutorLoop-3-19] INFO  i.l.c.p.ConnectionWatchdog - [log,171] - Reconnecting, last destination was 47.118.20.7/<unresolved>:6379
22:38:20.949 [com.alibaba.nacos.client.remote.worker] INFO  c.a.n.c.r.c.g.GrpcClient - [createNewManagedChannel,182] - grpc client connection server:47.118.20.7 ip,serverPort:9848,grpcTslConfig:{"sslProvider":"OPENSSL","enableTls":false,"mutualAuthEnable":false,"trustAll":false}
22:38:21.117 [lettuce-nioEventLoop-5-20] INFO  i.l.c.p.ReconnectionHandler - [lambda$null$3,174] - Reconnected to 47.118.20.7/<unresolved>:6379
22:38:23.599 [com.alibaba.nacos.client.remote.worker] INFO  c.a.n.c.r.client - [printIfInfoEnabled,63] - [1468b452-e636-4d39-938a-da44e7d855aa_config-0] Fail to connect server, after trying 49 times, last try server is {serverIp = '47.118.20.7', server main port = 8848}, error = unknown
22:38:23.958 [com.alibaba.nacos.client.remote.worker] INFO  c.a.n.c.r.client - [printIfInfoEnabled,63] - [5f378a6b-8644-4566-843b-3883195fc72c] Fail to connect server, after trying 49 times, last try server is {serverIp = '47.118.20.7', server main port = 8848}, error = unknown
22:38:28.608 [com.alibaba.nacos.client.remote.worker] INFO  c.a.n.c.r.c.g.GrpcClient - [createNewManagedChannel,182] - grpc client connection server:47.118.20.7 ip,serverPort:9848,grpcTslConfig:{"sslProvider":"OPENSSL","enableTls":false,"mutualAuthEnable":false,"trustAll":false}
22:38:28.967 [com.alibaba.nacos.client.remote.worker] INFO  c.a.n.c.r.c.g.GrpcClient - [createNewManagedChannel,182] - grpc client connection server:47.118.20.7 ip,serverPort:9848,grpcTslConfig:{"sslProvider":"OPENSSL","enableTls":false,"mutualAuthEnable":false,"trustAll":false}
22:38:31.628 [com.alibaba.nacos.client.remote.worker] INFO  c.a.n.c.r.client - [printIfInfoEnabled,63] - [1468b452-e636-4d39-938a-da44e7d855aa_config-0] Fail to connect server, after trying 50 times, last try server is {serverIp = '47.118.20.7', server main port = 8848}, error = unknown
22:38:31.990 [com.alibaba.nacos.client.remote.worker] INFO  c.a.n.c.r.client - [printIfInfoEnabled,63] - [5f378a6b-8644-4566-843b-3883195fc72c] Fail to connect server, after trying 50 times, last try server is {serverIp = '47.118.20.7', server main port = 8848}, error = unknown
22:38:36.637 [com.alibaba.nacos.client.remote.worker] INFO  c.a.n.c.r.c.g.GrpcClient - [createNewManagedChannel,182] - grpc client connection server:47.118.20.7 ip,serverPort:9848,grpcTslConfig:{"sslProvider":"OPENSSL","enableTls":false,"mutualAuthEnable":false,"trustAll":false}
22:38:36.994 [com.alibaba.nacos.client.remote.worker] INFO  c.a.n.c.r.c.g.GrpcClient - [createNewManagedChannel,182] - grpc client connection server:47.118.20.7 ip,serverPort:9848,grpcTslConfig:{"sslProvider":"OPENSSL","enableTls":false,"mutualAuthEnable":false,"trustAll":false}
22:38:39.642 [com.alibaba.nacos.client.remote.worker] INFO  c.a.n.c.r.client - [printIfInfoEnabled,63] - [1468b452-e636-4d39-938a-da44e7d855aa_config-0] Fail to connect server, after trying 51 times, last try server is {serverIp = '47.118.20.7', server main port = 8848}, error = unknown
22:38:40.005 [com.alibaba.nacos.client.remote.worker] INFO  c.a.n.c.r.client - [printIfInfoEnabled,63] - [5f378a6b-8644-4566-843b-3883195fc72c] Fail to connect server, after trying 51 times, last try server is {serverIp = '47.118.20.7', server main port = 8848}, error = unknown
22:38:44.646 [com.alibaba.nacos.client.remote.worker] INFO  c.a.n.c.r.c.g.GrpcClient - [createNewManagedChannel,182] - grpc client connection server:47.118.20.7 ip,serverPort:9848,grpcTslConfig:{"sslProvider":"OPENSSL","enableTls":false,"mutualAuthEnable":false,"trustAll":false}
22:38:45.031 [com.alibaba.nacos.client.remote.worker] INFO  c.a.n.c.r.c.g.GrpcClient - [createNewManagedChannel,182] - grpc client connection server:47.118.20.7 ip,serverPort:9848,grpcTslConfig:{"sslProvider":"OPENSSL","enableTls":false,"mutualAuthEnable":false,"trustAll":false}
22:38:47.658 [com.alibaba.nacos.client.remote.worker] INFO  c.a.n.c.r.client - [printIfInfoEnabled,63] - [1468b452-e636-4d39-938a-da44e7d855aa_config-0] Fail to connect server, after trying 52 times, last try server is {serverIp = '47.118.20.7', server main port = 8848}, error = unknown
22:38:48.044 [com.alibaba.nacos.client.remote.worker] INFO  c.a.n.c.r.client - [printIfInfoEnabled,63] - [5f378a6b-8644-4566-843b-3883195fc72c] Fail to connect server, after trying 52 times, last try server is {serverIp = '47.118.20.7', server main port = 8848}, error = unknown
22:38:52.661 [com.alibaba.nacos.client.remote.worker] INFO  c.a.n.c.r.c.g.GrpcClient - [createNewManagedChannel,182] - grpc client connection server:47.118.20.7 ip,serverPort:9848,grpcTslConfig:{"sslProvider":"OPENSSL","enableTls":false,"mutualAuthEnable":false,"trustAll":false}
22:38:53.045 [com.alibaba.nacos.client.remote.worker] INFO  c.a.n.c.r.c.g.GrpcClient - [createNewManagedChannel,182] - grpc client connection server:47.118.20.7 ip,serverPort:9848,grpcTslConfig:{"sslProvider":"OPENSSL","enableTls":false,"mutualAuthEnable":false,"trustAll":false}
22:38:53.967 [com.alibaba.nacos.client.remote.worker] INFO  c.a.n.c.r.client - [printIfInfoEnabled,63] - [1468b452-e636-4d39-938a-da44e7d855aa_config-0] Success to connect a server [47.118.20.7:8848], connectionId = 1772807933220_171.219.168.240_35426
22:38:53.967 [com.alibaba.nacos.client.remote.worker] INFO  c.a.n.c.r.client - [printIfInfoEnabled,63] - [1468b452-e636-4d39-938a-da44e7d855aa_config-0] Abandon prev connection, server is 47.118.20.7:8848, connectionId is 1772803712688_182.150.122.45_2260
22:38:53.967 [com.alibaba.nacos.client.remote.worker] INFO  c.a.n.c.r.client - [closeConnection,584] - Close current connection 1772803712688_182.150.122.45_2260
22:38:53.970 [com.alibaba.nacos.client.remote.worker] INFO  c.a.n.c.r.client - [printIfInfoEnabled,63] - [1468b452-e636-4d39-938a-da44e7d855aa_config-0] Notify disconnected event to listeners
22:38:53.970 [com.alibaba.nacos.client.remote.worker] INFO  c.a.n.c.c.i.ClientWorker - [onDisConnect,646] - [1468b452-e636-4d39-938a-da44e7d855aa_config-0] DisConnected,clear listen context...
22:38:53.970 [com.alibaba.nacos.client.remote.worker] INFO  c.a.n.c.r.client - [printIfInfoEnabled,63] - [1468b452-e636-4d39-938a-da44e7d855aa_config-0] Notify connected event to listeners.
22:38:53.970 [com.alibaba.nacos.client.remote.worker] INFO  c.a.n.c.c.i.ClientWorker - [onConnected,639] - [1468b452-e636-4d39-938a-da44e7d855aa_config-0] Connected,notify listen context...
22:38:54.368 [com.alibaba.nacos.client.remote.worker] INFO  c.a.n.c.r.client - [printIfInfoEnabled,63] - [5f378a6b-8644-4566-843b-3883195fc72c] Success to connect a server [47.118.20.7:8848], connectionId = 1772807933615_171.219.168.240_35429
22:38:54.369 [com.alibaba.nacos.client.remote.worker] INFO  c.a.n.c.r.client - [printIfInfoEnabled,63] - [5f378a6b-8644-4566-843b-3883195fc72c] Abandon prev connection, server is 47.118.20.7:8848, connectionId is 1772803715735_182.150.122.45_2261
22:38:54.369 [com.alibaba.nacos.client.remote.worker] INFO  c.a.n.c.r.client - [closeConnection,584] - Close current connection 1772803715735_182.150.122.45_2261
22:38:54.370 [com.alibaba.nacos.client.remote.worker] INFO  c.a.n.c.r.client - [printIfInfoEnabled,63] - [5f378a6b-8644-4566-843b-3883195fc72c] Notify disconnected event to listeners
22:38:54.370 [com.alibaba.nacos.client.remote.worker] INFO  c.a.n.c.r.client - [printIfInfoEnabled,63] - [5f378a6b-8644-4566-843b-3883195fc72c] Notify connected event to listeners.
22:38:54.370 [com.alibaba.nacos.client.remote.worker] INFO  c.a.n.client.naming - [onConnected,78] - Grpc connection connect
22:38:56.804 [com.alibaba.nacos.client.naming.grpc.redo.0] INFO  c.a.n.client.naming - [redoForInstance,73] - Redo instance operation REGISTER for DEFAULT_GROUP@@oj-gateway
22:38:57.014 [com.alibaba.nacos.client.naming.grpc.redo.0] INFO  c.a.n.client.naming - [redoForSubscribe,121] - Redo subscriber operation REGISTER for DEFAULT_GROUP@@oj-system#
22:38:57.865 [nacos-grpc-client-executor-47.118.20.7-689] INFO  c.a.n.c.r.client - [printIfInfoEnabled,63] - [5f378a6b-8644-4566-843b-3883195fc72c] Receive server push request, request = NotifySubscriberRequest, requestId = 49
22:38:57.865 [nacos-grpc-client-executor-47.118.20.7-689] INFO  c.a.n.c.r.client - [printIfInfoEnabled,63] - [5f378a6b-8644-4566-843b-3883195fc72c] Ack server push request, request = NotifySubscriberRequest, requestId = 49
22:47:34.748 [SpringApplicationShutdownHook] INFO  c.a.c.n.r.NacosServiceRegistry - [deregister,95] - De-registering from Nacos Server now...
22:47:34.748 [SpringApplicationShutdownHook] INFO  c.a.n.client.naming - [deregisterService,217] - [DEREGISTER-SERVICE] public deregistering service oj-gateway with instance: Instance{instanceId='null', ip='192.168.81.1', port=19090, weight=1.0, healthy=true, enabled=true, ephemeral=true, clusterName='DEFAULT', serviceName='null', metadata={}}
22:47:34.816 [SpringApplicationShutdownHook] INFO  c.a.c.n.r.NacosServiceRegistry - [deregister,115] - De-registration finished.
22:47:34.817 [SpringApplicationShutdownHook] INFO  c.a.n.client.naming - [shutdown,256] - com.alibaba.nacos.client.naming.cache.ServiceInfoHolder do shutdown begin
22:47:34.817 [SpringApplicationShutdownHook] INFO  c.a.n.client.naming - [shutdown,136] - com.alibaba.nacos.client.naming.backups.FailoverReactor do shutdown begin
22:47:34.818 [SpringApplicationShutdownHook] INFO  c.a.n.client.naming - [shutdown,138] - com.alibaba.nacos.client.naming.backups.FailoverReactor do shutdown stop
22:47:34.818 [SpringApplicationShutdownHook] INFO  c.a.n.client.naming - [shutdown,258] - com.alibaba.nacos.client.naming.cache.ServiceInfoHolder do shutdown stop
22:47:34.819 [SpringApplicationShutdownHook] INFO  c.a.n.client.naming - [shutdown,204] - com.alibaba.nacos.client.naming.remote.NamingClientProxyDelegate do shutdown begin
22:47:34.819 [SpringApplicationShutdownHook] INFO  c.a.n.client.naming - [shutdown,143] - com.alibaba.nacos.client.naming.core.ServiceInfoUpdateService do shutdown begin
22:47:34.819 [SpringApplicationShutdownHook] INFO  c.a.n.client.naming - [shutdown,145] - com.alibaba.nacos.client.naming.core.ServiceInfoUpdateService do shutdown stop
22:47:34.819 [SpringApplicationShutdownHook] INFO  c.a.n.client.naming - [shutdown,194] - com.alibaba.nacos.client.naming.core.ServerListManager do shutdown begin
22:47:34.819 [SpringApplicationShutdownHook] INFO  c.a.n.client.naming - [shutdown,199] - com.alibaba.nacos.client.naming.core.ServerListManager do shutdown stop
22:47:34.819 [SpringApplicationShutdownHook] INFO  c.a.n.client.naming - [shutdown,484] - com.alibaba.nacos.client.naming.remote.http.NamingHttpClientProxy do shutdown begin
22:47:34.819 [SpringApplicationShutdownHook] INFO  c.a.n.client.naming - [shutdown,486] - com.alibaba.nacos.client.naming.remote.http.NamingHttpClientProxy do shutdown stop
22:47:34.820 [SpringApplicationShutdownHook] INFO  c.a.n.c.r.client - [shutdown,429] - Shutdown rpc client, set status to shutdown
22:47:34.820 [SpringApplicationShutdownHook] INFO  c.a.n.c.r.client - [shutdown,431] - Shutdown client event executor java.util.concurrent.ScheduledThreadPoolExecutor@59d0ee74[Running, pool size = 2, active threads = 2, queued tasks = 0, completed tasks = 0]
22:47:34.820 [SpringApplicationShutdownHook] INFO  c.a.n.c.r.client - [closeConnection,584] - Close current connection 1772807933615_171.219.168.240_35429
22:47:34.821 [SpringApplicationShutdownHook] INFO  c.a.n.c.r.c.g.GrpcClient - [shutdown,159] - Shutdown grpc executor java.util.concurrent.ThreadPoolExecutor@688948ed[Running, pool size = 3, active threads = 0, queued tasks = 0, completed tasks = 793]
22:47:34.821 [SpringApplicationShutdownHook] INFO  c.a.n.client.naming - [shutdown,318] - Shutdown grpc redo service executor java.util.concurrent.ScheduledThreadPoolExecutor@78dac1b0[Running, pool size = 1, active threads = 0, queued tasks = 1, completed tasks = 1083]
22:47:34.822 [SpringApplicationShutdownHook] INFO  c.a.n.c.a.r.i.CredentialWatcher - [stop,106] - [null] CredentialWatcher is stopped
22:47:34.822 [SpringApplicationShutdownHook] INFO  c.a.n.c.a.r.i.CredentialService - [free,100] - [null] CredentialService is freed
22:47:34.822 [SpringApplicationShutdownHook] INFO  c.a.n.client.naming - [shutdown,211] - com.alibaba.nacos.client.naming.remote.NamingClientProxyDelegate do shutdown stop
22:47:41.617 [background-preinit] INFO  o.h.v.i.util.Version - [<clinit>,21] - HV000001: Hibernate Validator 8.0.0.Final
22:47:41.927 [main] INFO  c.a.n.c.u.ParamUtil - [<clinit>,87] - [settings] [req-serv] nacos-server port:8848
22:47:41.927 [main] INFO  c.a.n.c.u.ParamUtil - [<clinit>,98] - [settings] [http-client] connect timeout:1000
22:47:41.928 [main] INFO  c.a.n.c.u.ParamUtil - [<clinit>,105] - PER_TASK_CONFIG_SIZE: 3000.0
22:47:41.953 [main] INFO  c.a.n.p.a.s.c.ClientAuthPluginManager - [init,56] - [ClientAuthPluginManager] Load ClientAuthService com.alibaba.nacos.client.auth.impl.NacosClientAuthServiceImpl success.
22:47:41.953 [main] INFO  c.a.n.p.a.s.c.ClientAuthPluginManager - [init,56] - [ClientAuthPluginManager] Load ClientAuthService com.alibaba.nacos.client.auth.ram.RamClientAuthServiceImpl success.
22:47:41.958 [main] INFO  c.a.n.c.a.r.i.CredentialWatcher - [loadCredential,165] - null No credential found
22:47:43.428 [main] INFO  c.a.n.c.c.i.LocalConfigInfoProcessor - [<clinit>,63] - LOCAL_SNAPSHOT_PATH:C:\Users\22129\nacos\config
22:47:43.432 [main] INFO  c.a.n.c.r.client - [lambda$createClient$0,108] - [RpcClientFactory] create a new rpc client of 6b1eb7ad-b18f-4ae3-a7a5-2956e8e1945d_config-0
22:47:43.445 [main] INFO  c.a.n.c.r.client - [printIfInfoEnabled,63] - [6b1eb7ad-b18f-4ae3-a7a5-2956e8e1945d_config-0] Register server push request handler:com.alibaba.nacos.client.config.impl.ClientWorker$ConfigRpcTransportClient$$Lambda$574/0x0000015e1636a660
22:47:43.445 [main] INFO  c.a.n.c.r.client - [printIfInfoEnabled,63] - [6b1eb7ad-b18f-4ae3-a7a5-2956e8e1945d_config-0] Register server push request handler:com.alibaba.nacos.client.config.impl.ClientWorker$ConfigRpcTransportClient$$Lambda$575/0x0000015e1636aa80
22:47:43.445 [main] INFO  c.a.n.c.r.client - [printIfInfoEnabled,63] - [6b1eb7ad-b18f-4ae3-a7a5-2956e8e1945d_config-0] Registry connection listener to current client:com.alibaba.nacos.client.config.impl.ClientWorker$ConfigRpcTransportClient$1
22:47:43.446 [main] INFO  c.a.n.c.r.client - [printIfInfoEnabled,63] - [6b1eb7ad-b18f-4ae3-a7a5-2956e8e1945d_config-0] RpcClient init, ServerListFactory = com.alibaba.nacos.client.config.impl.ClientWorker$ConfigRpcTransportClient$2
22:47:43.453 [main] INFO  c.a.n.c.r.client - [printIfInfoEnabled,63] - [6b1eb7ad-b18f-4ae3-a7a5-2956e8e1945d_config-0] Try to connect to server on start up, server: {serverIp = '47.118.20.7', server main port = 8848}
22:47:43.489 [main] INFO  c.a.n.c.r.c.g.GrpcClient - [createNewManagedChannel,182] - grpc client connection server:47.118.20.7 ip,serverPort:9848,grpcTslConfig:{"sslProvider":"OPENSSL","enableTls":false,"mutualAuthEnable":false,"trustAll":false}
22:47:44.945 [main] INFO  c.a.n.c.r.client - [printIfInfoEnabled,63] - [6b1eb7ad-b18f-4ae3-a7a5-2956e8e1945d_config-0] Success to connect to server [47.118.20.7:8848] on start up, connectionId = 1772808464088_171.219.168.240_35546
22:47:44.946 [com.alibaba.nacos.client.remote.worker] INFO  c.a.n.c.r.client - [printIfInfoEnabled,63] - [6b1eb7ad-b18f-4ae3-a7a5-2956e8e1945d_config-0] Notify connected event to listeners.
22:47:44.946 [main] INFO  c.a.n.c.r.client - [printIfInfoEnabled,63] - [6b1eb7ad-b18f-4ae3-a7a5-2956e8e1945d_config-0] Register server push request handler:com.alibaba.nacos.common.remote.client.RpcClient$ConnectResetRequestHandler
22:47:44.947 [com.alibaba.nacos.client.remote.worker] INFO  c.a.n.c.c.i.ClientWorker - [onConnected,639] - [6b1eb7ad-b18f-4ae3-a7a5-2956e8e1945d_config-0] Connected,notify listen context...
22:47:44.947 [main] INFO  c.a.n.c.r.client - [printIfInfoEnabled,63] - [6b1eb7ad-b18f-4ae3-a7a5-2956e8e1945d_config-0] Register server push request handler:com.alibaba.nacos.common.remote.client.RpcClient$$Lambda$596/0x0000015e164d18d8
22:47:44.992 [main] INFO  c.a.n.c.c.i.Limiter - [<clinit>,62] - limitTime:5.0
22:47:45.389 [main] INFO  c.a.n.c.c.u.JvmUtil - [<clinit>,54] - isMultiInstance:false
22:47:45.410 [main] INFO  o.s.c.b.c.PropertySourceBootstrapConfiguration - [initialize,108] - Located property source: [BootstrapPropertySource {name='bootstrapProperties-oj-gateway-local.yaml,DEFAULT_GROUP'}, BootstrapPropertySource {name='bootstrapProperties-oj-gateway.yaml,DEFAULT_GROUP'}, BootstrapPropertySource {name='bootstrapProperties-oj-gateway,DEFAULT_GROUP'}]
22:47:45.418 [main] INFO  c.e.g.OjGatewayApplication - [logStartupProfileInfo,636] - The following 1 profile is active: "local"
22:47:46.092 [main] INFO  o.s.d.r.c.RepositoryConfigurationDelegate - [multipleStoresDetected,294] - Multiple Spring Data modules found, entering strict repository configuration mode
22:47:46.097 [main] INFO  o.s.d.r.c.RepositoryConfigurationDelegate - [registerRepositoriesIn,138] - Bootstrapping Spring Data Redis repositories in DEFAULT mode.
22:47:46.130 [main] INFO  o.s.d.r.c.RepositoryConfigurationDelegate - [registerRepositoriesIn,208] - Finished Spring Data repository scanning in 9 ms. Found 0 Redis repository interfaces.
22:47:46.351 [main] INFO  o.s.c.c.s.GenericScope - [setSerializationId,282] - BeanFactory id=4deb0e78-4a84-39ad-9bdc-737115633eeb
22:47:46.403 [main] INFO  o.s.c.s.PostProcessorRegistrationDelegate$BeanPostProcessorChecker - [postProcessAfterInitialization,409] - Bean 'org.springframework.cloud.client.loadbalancer.reactive.LoadBalancerBeanPostProcessorAutoConfiguration' of type [org.springframework.cloud.client.loadbalancer.reactive.LoadBalancerBeanPostProcessorAutoConfiguration] is not eligible for getting processed by all BeanPostProcessors (for example: not eligible for auto-proxying)
22:47:46.404 [main] INFO  o.s.c.s.PostProcessorRegistrationDelegate$BeanPostProcessorChecker - [postProcessAfterInitialization,409] - Bean 'org.springframework.cloud.client.loadbalancer.reactive.LoadBalancerBeanPostProcessorAutoConfiguration$ReactorDeferringLoadBalancerFilterConfig' of type [org.springframework.cloud.client.loadbalancer.reactive.LoadBalancerBeanPostProcessorAutoConfiguration$ReactorDeferringLoadBalancerFilterConfig] is not eligible for getting processed by all BeanPostProcessors (for example: not eligible for auto-proxying)
22:47:46.406 [main] INFO  o.s.c.s.PostProcessorRegistrationDelegate$BeanPostProcessorChecker - [postProcessAfterInitialization,409] - Bean 'reactorDeferringLoadBalancerExchangeFilterFunction' of type [org.springframework.cloud.client.loadbalancer.reactive.DeferringLoadBalancerExchangeFilterFunction] is not eligible for getting processed by all BeanPostProcessors (for example: not eligible for auto-proxying)
22:47:48.575 [main] INFO  o.s.c.c.u.InetUtils - [convertAddress,170] - Cannot determine local hostname
22:47:50.130 [main] INFO  o.s.c.c.u.InetUtils - [convertAddress,170] - Cannot determine local hostname
22:47:50.477 [main] INFO  o.s.c.g.r.RouteDefinitionRouteLocator - [lambda$initFactories$1,88] - Loaded RoutePredicateFactory [After]
22:47:50.477 [main] INFO  o.s.c.g.r.RouteDefinitionRouteLocator - [lambda$initFactories$1,88] - Loaded RoutePredicateFactory [Before]
22:47:50.477 [main] INFO  o.s.c.g.r.RouteDefinitionRouteLocator - [lambda$initFactories$1,88] - Loaded RoutePredicateFactory [Between]
22:47:50.478 [main] INFO  o.s.c.g.r.RouteDefinitionRouteLocator - [lambda$initFactories$1,88] - Loaded RoutePredicateFactory [Cookie]
22:47:50.480 [main] INFO  o.s.c.g.r.RouteDefinitionRouteLocator - [lambda$initFactories$1,88] - Loaded RoutePredicateFactory [Header]
22:47:50.480 [main] INFO  o.s.c.g.r.RouteDefinitionRouteLocator - [lambda$initFactories$1,88] - Loaded RoutePredicateFactory [Host]
22:47:50.480 [main] INFO  o.s.c.g.r.RouteDefinitionRouteLocator - [lambda$initFactories$1,88] - Loaded RoutePredicateFactory [Method]
22:47:50.480 [main] INFO  o.s.c.g.r.RouteDefinitionRouteLocator - [lambda$initFactories$1,88] - Loaded RoutePredicateFactory [Path]
22:47:50.480 [main] INFO  o.s.c.g.r.RouteDefinitionRouteLocator - [lambda$initFactories$1,88] - Loaded RoutePredicateFactory [Query]
22:47:50.480 [main] INFO  o.s.c.g.r.RouteDefinitionRouteLocator - [lambda$initFactories$1,88] - Loaded RoutePredicateFactory [ReadBody]
22:47:50.480 [main] INFO  o.s.c.g.r.RouteDefinitionRouteLocator - [lambda$initFactories$1,88] - Loaded RoutePredicateFactory [RemoteAddr]
22:47:50.480 [main] INFO  o.s.c.g.r.RouteDefinitionRouteLocator - [lambda$initFactories$1,88] - Loaded RoutePredicateFactory [XForwardedRemoteAddr]
22:47:50.480 [main] INFO  o.s.c.g.r.RouteDefinitionRouteLocator - [lambda$initFactories$1,88] - Loaded RoutePredicateFactory [Weight]
22:47:50.480 [main] INFO  o.s.c.g.r.RouteDefinitionRouteLocator - [lambda$initFactories$1,88] - Loaded RoutePredicateFactory [CloudFoundryRouteService]
22:47:51.959 [main] INFO  o.s.c.c.u.InetUtils - [convertAddress,170] - Cannot determine local hostname
22:47:52.353 [main] INFO  o.s.b.w.e.n.NettyWebServer - [start,111] - Netty started on port 19090
22:47:53.687 [main] INFO  o.s.c.c.u.InetUtils - [convertAddress,170] - Cannot determine local hostname
22:47:55.061 [main] INFO  o.s.c.c.u.InetUtils - [convertAddress,170] - Cannot determine local hostname
22:47:55.067 [main] INFO  c.a.n.client.naming - [initNamespaceForNaming,62] - initializer namespace from ans.namespace attribute : null
22:47:55.067 [main] INFO  c.a.n.client.naming - [lambda$initNamespaceForNaming$0,66] - initializer namespace from ALIBABA_ALIWARE_NAMESPACE attribute :null
22:47:55.068 [main] INFO  c.a.n.client.naming - [lambda$initNamespaceForNaming$1,73] - initializer namespace from namespace attribute :null
22:47:55.077 [main] INFO  c.a.n.p.a.s.c.ClientAuthPluginManager - [init,56] - [ClientAuthPluginManager] Load ClientAuthService com.alibaba.nacos.client.auth.impl.NacosClientAuthServiceImpl success.
22:47:55.078 [main] INFO  c.a.n.p.a.s.c.ClientAuthPluginManager - [init,56] - [ClientAuthPluginManager] Load ClientAuthService com.alibaba.nacos.client.auth.ram.RamClientAuthServiceImpl success.
22:47:55.083 [main] INFO  c.a.n.c.r.client - [lambda$createClient$0,108] - [RpcClientFactory] create a new rpc client of bacd9edd-2288-4732-b315-6a47c8166d7c
22:47:55.085 [main] INFO  c.a.n.c.r.client - [printIfInfoEnabled,63] - [bacd9edd-2288-4732-b315-6a47c8166d7c] RpcClient init, ServerListFactory = com.alibaba.nacos.client.naming.core.ServerListManager
22:47:55.085 [main] INFO  c.a.n.c.r.client - [printIfInfoEnabled,63] - [bacd9edd-2288-4732-b315-6a47c8166d7c] Registry connection listener to current client:com.alibaba.nacos.client.naming.remote.gprc.redo.NamingGrpcRedoService
22:47:55.085 [main] INFO  c.a.n.c.r.client - [printIfInfoEnabled,63] - [bacd9edd-2288-4732-b315-6a47c8166d7c] Register server push request handler:com.alibaba.nacos.client.naming.remote.gprc.NamingPushRequestHandler
22:47:55.087 [main] INFO  c.a.n.c.r.client - [printIfInfoEnabled,63] - [bacd9edd-2288-4732-b315-6a47c8166d7c] Try to connect to server on start up, server: {serverIp = '47.118.20.7', server main port = 8848}
22:47:55.087 [main] INFO  c.a.n.c.r.c.g.GrpcClient - [createNewManagedChannel,182] - grpc client connection server:47.118.20.7 ip,serverPort:9848,grpcTslConfig:{"sslProvider":"OPENSSL","enableTls":false,"mutualAuthEnable":false,"trustAll":false}
22:47:55.573 [main] INFO  c.a.n.c.r.client - [printIfInfoEnabled,63] - [bacd9edd-2288-4732-b315-6a47c8166d7c] Success to connect to server [47.118.20.7:8848] on start up, connectionId = 1772808474752_171.219.168.240_35547
22:47:55.573 [main] INFO  c.a.n.c.r.client - [printIfInfoEnabled,63] - [bacd9edd-2288-4732-b315-6a47c8166d7c] Register server push request handler:com.alibaba.nacos.common.remote.client.RpcClient$ConnectResetRequestHandler
22:47:55.573 [com.alibaba.nacos.client.remote.worker] INFO  c.a.n.c.r.client - [printIfInfoEnabled,63] - [bacd9edd-2288-4732-b315-6a47c8166d7c] Notify connected event to listeners.
22:47:55.573 [main] INFO  c.a.n.c.r.client - [printIfInfoEnabled,63] - [bacd9edd-2288-4732-b315-6a47c8166d7c] Register server push request handler:com.alibaba.nacos.common.remote.client.RpcClient$$Lambda$596/0x0000015e164d18d8
22:47:55.574 [com.alibaba.nacos.client.remote.worker] INFO  c.a.n.client.naming - [onConnected,78] - Grpc connection connect
22:47:55.574 [main] INFO  c.a.n.client.naming - [registerService,121] - [REGISTER-SERVICE] public registering service oj-gateway with instance Instance{instanceId='null', ip='192.168.81.1', port=19090, weight=1.0, healthy=true, enabled=true, ephemeral=true, clusterName='DEFAULT', serviceName='null', metadata={IPv6=[240e:476:12c1:4e5f:9c21:e485:e47c:184d], preserved.register.source=SPRING_CLOUD}}
22:47:55.771 [main] INFO  c.a.c.n.r.NacosServiceRegistry - [register,76] - nacos registry, DEFAULT_GROUP oj-gateway 192.168.81.1:19090 register finished
22:47:55.838 [main] INFO  c.e.g.OjGatewayApplication - [logStarted,57] - Started OjGatewayApplication in 16.019 seconds (process running for 16.948)
22:47:55.844 [main] INFO  c.a.n.c.c.i.CacheData - [<clinit>,67] - nacos.cache.data.init.snapshot = true 
22:47:55.848 [main] INFO  c.a.n.c.c.i.ClientWorker - [addCacheDataIfAbsent,380] - [fixed-47.118.20.7_8848] [subscribe] oj-gateway-local.yaml+DEFAULT_GROUP
22:47:55.854 [main] INFO  c.a.n.c.c.i.CacheData - [addListener,197] - [fixed-47.118.20.7_8848] [add-listener] ok, tenant=, dataId=oj-gateway-local.yaml, group=DEFAULT_GROUP, cnt=1
22:47:55.855 [main] INFO  c.a.c.n.r.NacosContextRefresher - [registerNacosListener,129] - [Nacos Config] Listening config: dataId=oj-gateway-local.yaml, group=DEFAULT_GROUP
22:47:55.861 [main] INFO  c.a.n.c.c.i.ClientWorker - [addCacheDataIfAbsent,380] - [fixed-47.118.20.7_8848] [subscribe] oj-gateway+DEFAULT_GROUP
22:47:55.861 [main] INFO  c.a.n.c.c.i.CacheData - [addListener,197] - [fixed-47.118.20.7_8848] [add-listener] ok, tenant=, dataId=oj-gateway, group=DEFAULT_GROUP, cnt=1
22:47:55.861 [main] INFO  c.a.c.n.r.NacosContextRefresher - [registerNacosListener,129] - [Nacos Config] Listening config: dataId=oj-gateway, group=DEFAULT_GROUP
22:47:55.862 [main] INFO  c.a.n.c.c.i.ClientWorker - [addCacheDataIfAbsent,380] - [fixed-47.118.20.7_8848] [subscribe] oj-gateway.yaml+DEFAULT_GROUP
22:47:55.863 [main] INFO  c.a.n.c.c.i.CacheData - [addListener,197] - [fixed-47.118.20.7_8848] [add-listener] ok, tenant=, dataId=oj-gateway.yaml, group=DEFAULT_GROUP, cnt=1
22:47:55.863 [main] INFO  c.a.c.n.r.NacosContextRefresher - [registerNacosListener,129] - [Nacos Config] Listening config: dataId=oj-gateway.yaml, group=DEFAULT_GROUP
